acc_x,acc_y,acc_z,acc_lin_x,acc_lin_y,acc_lin_z,gyro_x,gyro_y,gyro_z,acc_veh_fwd,gyro_veh_yaw_rate,dt_sec
0.3100491166114807,1.928529500961304,9.923367500305176,0.1029485315084457,-0.1201879978179931,0.3186283111572265,-0.0869521424174308,-0.0033289489801973,-0.0346210673451423,0.10324818573231556,0.0344304005626785,0.1
0.0802057534456253,2.117671489715576,9.075819969177246,0.0286154299974441,0.0186474323272705,-0.7243938446044922,0.1751027107238769,0.3961449265480041,-0.0095873726531863,0.01701009736259857,-0.07366293775646456,0.09999990463256836
-0.0347159244120121,2.098517894744873,9.822811126708984,0.0264219343662261,-0.0060417652130126,0.1672134399414062,-0.0043942127376794,-0.0342215932905674,-0.0447410717606544,0.03094367922085572,0.05104237986776527,0.09999990463256836
0.1304839998483657,2.0649988651275635,9.777320861816406,0.112026572227478,-0.036489725112915,0.1218414306640625,0.0089215831831097,-0.033156331628561,0.0117178997024893,0.11420525295424772,-0.003948617533689452,0.09999990463256836
0.1735796183347702,2.0649988651275635,9.782109260559082,0.0948597267270088,-0.0769147872924804,0.1282682418823242,0.0669784545898437,0.0094542149454355,0.0106526361778378,0.09634810212084285,-0.011562714147668466,0.09999990463256836
0.3746925592422485,2.0626046657562256,9.834781646728516,0.2217646986246109,-0.1095943450927734,0.1937437057495117,0.1047953143715858,-0.1764342933893203,0.0543284453451633,0.2228211634048005,-0.012117865535123645,0.09999990463256836
0.6524199843406677,2.127248287200928,9.37748908996582,0.0868653059005737,-0.10060715675354,-0.1999406814575195,0.1756353378295898,-0.1545963883399963,0.0133157959207892,0.08751717602051366,0.024447952125117155,0.09999990463256836
0.7410054206848145,2.234987258911133,9.43255615234375,0.1971295773983001,-0.1522753238677978,-0.0475988388061523,0.1671132296323776,-0.0693752914667129,-0.0106526361778378,0.1979763712669136,0.02635221105038482,0.09999990463256836
0.1616086214780807,2.6228480339050293,9.066243171691896,-0.1490131318569183,0.0259978771209716,-0.4709205627441406,0.0691089779138565,0.0749679282307624,0.0335558056831359,-0.14663876532472547,-0.052853504685115626,0.09999990463256836
0.3507505357265472,2.6228480339050293,9.39903736114502,0.0420649871230125,-0.0027995109558105,-0.1009225845336914,0.0680437162518501,0.0099868467077612,0.0260989591479301,0.042541010952175225,-0.028165978604620806,0.09999990463256836
0.1687912195920944,2.5917234420776367,9.516353607177734,-0.0271294545382261,-0.0763511657714843,0.1026754379272461,0.091479517519474,0.0600542388856411,0.0042610545642673,-0.02727958063198672,-0.020964346148365877,0.09999990463256836
0.2334346622228622,2.7688941955566406,9.504382133483888,0.010240476578474,0.0247080326080322,0.0620050430297851,0.0621847659349441,0.0387489646673202,0.0127831641584634,0.010201835962079383,-0.023378340264464684,0.09999990463256836
0.2861070930957794,2.78086519241333,9.602544784545898,0.0770628526806831,-0.0275483131408691,0.176732063293457,0.0717721357941627,0.0057257921434938,0.0031957910396158,0.0771999650314082,-0.004670759594152281,0.09999990463256836
0.2885012924671173,2.8383262157440186,9.382277488708496,0.0590281784534454,-0.0468945503234863,-0.0168914794921875,0.0781637206673622,-0.0091878985986113,0.0063915820792317,0.05906486345003634,-0.003429275782570269,0.09999990463256836
0.1735796183347702,2.946065187454224,9.379883766174316,-0.0520966239273548,-0.03629732131958,0.0071525573730468,0.09733846783638,0.0456731803715229,0.0063915820792317,-0.0520982867582746,-0.020128411733230312,0.09999990463256836
0.2214636504650116,3.0154969692230225,9.291297912597656,0.0147770857438445,-0.010843276977539,-0.0122652053833007,0.0632500275969505,-0.0049268445000052,0.0069242138415575,0.014756936556837774,-0.004929236176074689,0.09999990463256836
0.3100491166114807,3.1256303787231445,9.320028305053713,0.0702887549996376,-0.0007452964782714,-0.0324478149414062,0.0584563426673412,-0.0267647486180067,-0.0037284228019416,0.07035847601425203,0.012014320180021045,0.09999990463256836
0.3507505357265472,3.1423897743225098,9.315239906311035,0.0405886098742485,-0.0253360271453857,-0.0049772262573242,0.0600542388856411,-0.0603205524384975,-0.0133157959207892,0.04062529550769481,0.032148588495911914,0.09999990463256836
0.3052607178688049,3.2118215560913086,9.209895133972168,0.0556016601622104,-0.0053575038909912,-0.0387840270996093,0.0552605502307415,0.0046605286188423,-0.021837905049324,0.055744813676771886,0.018842189080725408,0.09999990463256836
0.2262520641088485,3.25491714477539,9.025542259216309,0.0060485117137432,0.0181140899658203,-0.2157087326049804,0.0387489646673202,0.010519478470087,-0.02769685536623,0.006582514173532188,0.022424131977471944,0.09999990463256836
0.1161187812685966,3.3004069328308105,9.176376342773438,-0.056405521929264,0.031010627746582,-0.02899169921875,0.0179763231426477,0.0339552797377109,-0.015978954732418,-0.056428950891301344,0.003534645438136086,0.09999990463256836
0.1472434103488922,3.2836475372314453,9.269750595092772,-0.0228438824415206,0.0289568901062011,0.0805864334106445,0.0233026426285505,0.002530001103878,-0.0005326318205334,-0.022451644441513888,-0.000252240080140368,0.09999990463256836
0.1735796183347702,3.2980127334594727,9.2841157913208,0.0126050673425197,0.0230515003204345,0.1014919281005859,-0.0001331579551333,0.0131826372817158,0.0154463229700922,0.01309731436100843,-0.019010671167768802,0.09999990463256836
0.243011474609375,3.278859138488769,9.209895133972168,0.0867635458707809,0.0137922763824462,-0.0478019714355468,-0.005459476262331,-0.01344895362854,0.0207726415246725,0.0866297987382514,-0.01494397951181992,0.09999990463256836
0.2310404628515243,3.3291375637054443,9.047089576721191,0.0009105037897825,0.0488526821136474,-0.1430597305297851,0.0233026426285505,-0.0267647486180067,0.0154463229700922,0.0006325807839644792,-0.005286497568851916,0.09999990463256836
0.1592144072055816,3.3458969593048096,9.229048728942873,-0.0257929004728794,0.0182535648345947,-0.0305261611938476,0.0227700099349021,0.0019973693415522,0.0090547408908605,-0.025817671271835884,-0.009163973177172302,0.09999990463256836
0.3794809579849243,3.355473756790161,9.145252227783203,0.0979982167482376,-0.0058221817016601,-0.0169534683227539,0.0547279193997383,-0.0278300121426582,0.0351537019014358,0.09807367158380155,-0.023574667617973333,0.09999990463256836
0.4129997789859772,3.312378168106079,9.221866607666016,0.1462236940860748,-0.0198979377746582,0.0027103424072265,-0.0070573715493083,0.0211721155792474,-0.0319579094648361,0.1462445993024293,0.022657381470736707,0.09999990463256836
0.4513070285320282,3.336320161819458,9.154829025268556,0.1386231631040573,0.0072112083435058,-0.0659589767456054,-0.0006657897611148,-0.0315584354102611,-0.0399473868310451,0.1390599019103445,0.04842796075465544,0.09999990463256836
0.2980781197547912,3.2836475372314453,9.24102020263672,0.0402489751577377,-0.0516152381896972,0.0097227096557617,-0.021438430994749,-0.0070573715493083,-0.0543284453451633,0.04032239698470755,0.0535949568042117,0.09999990463256836
0.1687912195920944,3.2525229454040527,9.2841157913208,-0.0300691127777099,-0.019890546798706,0.073709487915039,-0.0326237007975578,0.0249005369842052,-0.035686332732439,-0.030436176334565444,0.025115449954719087,0.09999990463256836
0.1687912195920944,3.288435935974121,9.334393501281738,-0.0617404840886592,0.009413719177246,0.0132503509521484,-0.0427437052130699,0.0035952648613601,-0.0165115855634212,-0.06178002030991456,0.01439341730634906,0.09999990463256836
0.1663970202207565,3.290830135345459,9.382277488708496,-0.0386539623141288,0.0056140422821044,0.1139564514160156,0.002530001103878,0.0419447571039199,0.0042610545642673,-0.03841033698100072,-0.01829885575848958,0.09999990463256836
0.1879448294639587,3.2956185340881348,9.19552993774414,0.0335524044930934,-0.0077245235443115,-0.0696668624877929,-0.0022636852227151,0.0312921181321144,0.0106526361778378,0.03314811091152232,-0.020712836180046768,0.09999990463256836
0.1448491960763931,3.2405519485473637,9.2841157913208,0.0366831645369529,-0.0168437957763671,0.0061111450195312,-0.0123836901038885,0.0318247526884079,0.023968432098627,0.036680039828697567,-0.03350400485048075,0.09999990463256836
0.1592144072055816,3.2357635498046875,9.214683532714844,0.0538522824645042,-0.0232074260711669,-0.0348424911499023,-0.0209057983011007,0.0158457960933446,0.0282294861972332,0.05342299449209442,-0.03215191747979774,0.09999990463256836
0.1568202078342437,3.2525229454040527,9.272144317626951,0.051965020596981,0.0050368309020996,-0.0094919204711914,-0.0256994850933551,0.0142479008063673,0.0191747453063726,0.05189170310921336,-0.023106795855733442,0.09999990463256836
0.2214636504650116,3.264493942260742,9.236231803894045,0.0585631132125854,0.0498108863830566,-0.0183992385864257,-0.0091878985986113,-0.0454068630933761,0.0181094817817211,0.05855301927739455,-0.0018537886073123275,0.09999990463256836
0.1711854189634323,3.2142157554626465,9.346364974975586,0.0563970059156417,-0.0193767547607421,0.0968351364135742,0.0030626328662037,0.0073236874304711,-0.0005326318205334,0.05705020341868263,-0.001930257697158468,0.09999990463256836
0.1400607973337173,3.190273761749268,9.049484252929688,0.0271976441144943,-0.0342373847961425,-0.2117776870727539,-0.0091878985986113,0.0557931847870349,0.0063915820792317,0.024953654075142707,-0.024849344538594928,0.09999990463256836
0.029927521944046,3.17590856552124,9.298480987548828,-0.0390745848417282,-0.0274040699005126,0.036177635192871,-0.0267647486180067,0.0408794917166233,0.0170442182570695,-0.038689293345830496,-0.030112734463052,0.09999990463256836
0.1328781992197036,3.264493942260742,9.39903736114502,0.0906439274549484,0.0538060665130615,0.1148996353149414,0.0648479238152504,0.1111868917942047,-0.0271642226725816,0.09285782926653421,-0.010351030417090637,0.09999990463256836
-0.2023100405931472,3.1687259674072266,8.558672904968262,-0.0562609136104583,-0.0831611156463623,-0.6557521820068359,-0.003861580742523,0.252334326505661,-0.0537958145141601,-0.08004765315814563,-0.03524899237394189,0.09999990463256836
-0.2286462634801864,3.0585925579071045,9.106945037841797,0.1564010381698608,-0.1457138061523437,-0.1234893798828125,0.0254331696778535,0.4872249662876129,-0.0751010850071907,0.1457083902876001,-0.0906832120350548,0.09999990463256836
-0.2477998733520507,2.991554975509644,10.881048202514648,-0.1077148914337158,0.2483689785003662,1.5404720306396484,-0.5146554708480835,-0.6046702861785889,0.1933453530073166,-0.05105821448691528,-0.02911015360259986,0.09999990463256836
0.0035913025494664,2.8383262157440186,9.492411613464355,-0.0803298503160476,0.1868927478790283,0.1037874221801757,-0.1391500681638717,-0.1135837361216545,0.0362189635634422,-0.07824462916384572,-0.004974485457970527,0.09999990463256836
0.1137245818972587,2.404975652694702,9.106945037841797,0.016818568110466,-0.2223238945007324,-0.2935447692871094,0.0073236874304711,-0.0241015907377004,-0.007989477366209,0.012588520412523882,0.014431410181300237,0.09999990463256836
0.3292027413845062,2.61087703704834,9.971251487731934,0.2435842603445053,-0.0674200057983398,0.5810718536376953,0.2544648647308349,0.1660479754209518,-0.0127831641584634,0.25078409325636497,-0.031066314784096705,0.09999990463256836
-0.3196259140968323,3.0633809566497803,8.774150848388672,-0.2066434323787689,0.2195360660552978,-0.5537166595458984,-0.0539289712905883,0.1820269227027893,-0.0282294861972332,-0.22201354083837355,-0.029261244549240485,0.09999990463256836
-0.5829881429672241,2.864662408828736,9.492411613464355,-0.5540480613708496,0.1199040412902832,0.1225337982177734,-0.0869521424174308,-0.269112229347229,0.1347558498382568,-0.5498810096926259,-0.05359007492739251,0.09999990463256836
-0.8248024582862854,3.144783973693848,9.458892822265623,-0.8625627756118774,0.4758615493774414,0.0960445404052734,-0.1780321896076202,0.1261005848646164,0.0719052925705909,-0.8581145423589448,-0.10774720229063062,0.09999990463256836
0.3770867586135864,3.013102769851685,8.879495620727539,0.2033320665359497,0.4551718235015869,-0.5238161087036133,-0.0390152819454669,-0.1615206003189087,-0.1118526831269264,0.20162301503567726,0.15111748033223066,0.09999990463256836
0.2789244949817657,2.40736985206604,9.363123893737791,0.2281413972377777,0.0103483200073242,-0.0741682052612304,-0.3458112180233001,0.1580584943294525,0.061252661049366,0.22689628424018501,-0.10522746701310512,0.09999990463256836
0.7218518257141113,2.2469582557678223,9.2841157913208,0.6260005235671997,0.1458785533905029,-0.2311410903930664,-0.2350237965583801,-0.0320910662412643,-0.0388821214437484,0.6235063914527135,0.042138430280366755,0.09999990463256836
0.7529764175415039,2.251746654510498,9.296086311340332,0.7381685972213745,0.3337346315383911,-0.2483930587768554,-0.2744385600090027,0.0989363640546798,-0.0671116113662719,0.7342248545026352,0.03972788120316759,0.09999990463256836
1.1815385818481443,2.383427858352661,8.999205589294434,1.1545108556747437,0.6881603002548218,-0.5823907852172852,-0.2611227631568908,-0.0182426404207944,-0.0740358233451843,1.1453444607694405,0.07101050644924797,0.09999990463256836
1.2054805755615234,2.6420016288757324,8.61852741241455,0.9558232426643372,1.0010883808135986,-0.9403820037841796,-0.1641837656497955,0.0126500055193901,-0.2034653574228286,0.9582898104942116,0.19855214470933466,0.09999990463256836
0.6763619780540466,2.618059635162353,9.406219482421877,0.3020439147949219,1.0808420181274414,-0.1638746261596679,-0.3223754167556762,-0.1157142594456672,-0.2274337857961654,0.3016681551899839,0.24869881868030982,0.09999990463256836
0.7362170219421387,2.6874914169311523,10.129268646240234,0.2836036086082458,1.0192720890045166,0.479435920715332,0.1500690132379531,0.1729721873998642,-0.1091895252466201,0.2678051707808661,0.07301117277738481,0.09999990463256836
0.243011474609375,2.646790027618408,9.64803409576416,0.2189075499773025,0.5521125793457031,-0.0603227615356445,0.4062649309635162,0.4110586047172546,-0.2109221965074539,0.22002277351501573,0.12390326840241651,0.09999990463256836
-0.1376665979623794,1.0881646871566772,12.643180847167969,0.2366515398025512,-1.018134355545044,2.9271812438964844,-0.0043942127376794,0.405199646949768,0.0223705358803272,0.39148921796458813,-0.11078245202046956,0.09999990463256836
-1.7369933128356934,1.8183962106704712,8.412626266479492,-1.0318130254745483,-0.8119518756866455,-1.179971694946289,0.8590019941329956,0.8787093162536621,0.1906821876764297,-1.147367075275791,-0.3413794522221942,0.09999990463256836
-2.802412986755371,2.103306293487549,6.442198276519775,-1.574458360671997,-1.0014004707336426,-2.9046945571899414,0.1607216447591781,-0.0326237007975578,0.2673811614513397,-1.9812531798914321,-0.21680888066157633,0.09999990463256836
-0.5446808934211731,2.5462334156036377,5.903502941131592,0.1505941152572631,-0.4397511482238769,-3.4912843704223637,-0.4848281145095825,-0.5572660565376282,-0.1645832359790802,-0.1667171709628035,0.2832931254889218,0.09999990463256836
-0.9995791912078856,2.8167781829833984,10.105326652526855,-0.6215705871582031,0.1009485721588134,0.608820915222168,0.2123869359493255,-0.0123836901038885,0.029827382415533,-0.5826714722273079,-0.012340486748675196,0.09999990463256836
-1.035492181777954,3.2525229454040527,11.527482986450195,-0.9706908464431764,0.3416700363159179,2.0534439086914062,0.2097237855195999,-0.5471460223197937,0.0932105705142021,-0.9114774339511009,0.08159565035279184,0.09999990463256836
0.5207388401031494,2.869450807571411,9.899425506591797,0.4011306762695312,-0.312636137008667,0.4742155075073242,0.0089215831831097,-0.2099900990724563,-0.1193095296621322,0.4044820691144844,0.18145782205808159,0.09999990463256836
1.0857704877853394,1.9835960865020752,8.752602577209473,0.8736801147460938,-1.272721529006958,-0.6726541519165039,0.495214432477951,-0.052863709628582,-0.3504717350006103,0.8731122932453115,0.3483107800128208,0.09999990463256836
0.1376665979623794,1.868674397468567,8.790909767150879,0.0140120387077331,-1.2716059684753418,-0.6188640594482422,-0.2893522381782532,-0.1892174482345581,-0.4410191476345062,0.0046211607510004745,0.47577008063857257,0.09999990463256836
-0.0825999602675437,2.5103204250335693,8.30249309539795,-0.1178410798311233,-0.5198392868041992,-1.0871715545654297,-0.3117227852344513,-0.1844237744808197,-0.4862928390502929,-0.1397864030728751,0.5137885230723945,0.09999990463256836
-0.1017535701394081,2.8838160037994385,9.70549488067627,-0.1203432381153106,0.0182974338531494,0.2746944427490234,-0.1423458606004715,-0.1652490198612213,-0.2471411675214767,-0.11491624595130798,0.28222676027233157,0.09999990463256836
-0.1113303825259208,3.118447780609131,10.890625,-0.0674174129962921,0.2831358909606933,1.4171571731567385,-0.019307903945446,0.1788311302661895,0.1299621611833572,-0.029534323048496923,-0.1772237569185332,0.09999990463256836
-0.4752490520477295,0.7266402244567871,12.87062931060791,-0.2145426571369171,-1.7312184572219849,3.25686264038086,-0.5748428702354431,-0.0166447442024946,0.2391516864299774,-0.0843136975384603,-0.2543120687696952,0.09999990463256836
-0.9804255962371826,1.361103653907776,7.182006359100342,-0.8934382200241089,-1.3349459171295166,-2.366114616394043,0.0877510905265808,0.1916143000125885,0.142212688922882,-0.9733895795721634,-0.18724769067622982,0.09999990463256836
-0.120907187461853,1.6651673316955566,8.235455513000488,-0.1549146175384521,-0.936812162399292,-0.6873073577880859,0.3002711832523346,-0.3788343966007232,0.1837579756975174,-0.16905889189478157,-0.07177644281706246,0.09999990463256836
0.2047042399644851,2.668337821960449,8.498817443847656,-0.1644683182239532,-0.0951457023620605,-1.1315793991088867,-0.0118510583415627,-0.1753690242767334,0.1613874435424804,-0.14978778200792686,-0.10656864339755348,0.09999990463256836
0.52552729845047,3.027467966079712,9.731831550598145,0.1408385783433914,0.3467340469360351,0.2638311386108398,-0.0720384567975997,0.1314269006252288,0.1043958365917205,0.13532925858336728,-0.13512196767636628,0.09999990463256836
1.049857497215271,2.5246856212615967,12.358270645141602,0.8533269166946411,0.1973111629486084,5.989992141723633,0.4307659864425659,0.7412903308868408,-0.0154463229700922,0.902193017883285,-0.17532796963720398,0.09999990463256836
0.7745242714881897,0.2477998733520507,13.430872917175291,1.5979398488998413,-1.6821094751358032,4.893929481506348,-0.2579269707202911,0.1117195263504982,-0.5145223140716553,1.5266093326330397,0.48521806172111764,0.09999990463256836
1.0809820890426636,0.9828197956085204,7.505223751068115,0.8860504627227783,-1.1090822219848633,-2.4711265563964844,0.2059953510761261,0.030226856470108,-0.2348906397819519,0.9460102754177229,0.21734047469523318,0.09999990463256836
0.1448491960763931,1.6747441291809082,7.004835605621338,-0.1538325250148773,-0.6948484182357788,-2.2056989669799805,0.2033322006464004,0.2789659202098846,-0.2956106662750244,-0.14275756145967283,0.22377430559968953,0.09999990463256836
-0.0371101275086402,2.141613483428955,8.972869873046875,-0.1204530447721481,-0.0731635093688964,-0.7075767517089844,0.068576343357563,0.2182458937168121,-0.1288969069719314,-0.1350930921487615,0.07705536485084694,0.09999990463256836
-0.1711854189634323,2.5965118408203125,9.80365753173828,-0.060093879699707,0.2955749034881592,-0.0467100143432617,0.0206394828855991,0.1617869138717651,-0.0463389679789543,-0.05903367217709131,0.006960353546732086,0.09999990463256836
-0.5398924946784973,1.988384485244751,10.481216430664062,0.0524256229400634,-0.2315039634704589,1.0365362167358398,-0.0400805436074733,0.2241048365831375,0.1113200485706329,0.10603546540036138,-0.16329869938361574,0.09999990463256836
-0.93254154920578,1.0091559886932373,11.438897132873535,-0.5462282299995422,-1.176025152206421,2.432811737060547,0.3002711832523346,-0.3431480526924133,0.2556632757186889,-0.4426324811299807,-0.16033894432793483,0.09999990463256836
-1.337161660194397,1.543063044548035,8.462904930114746,-1.1152348518371582,-0.722227931022644,-1.980791091918945,-0.1631184965372085,0.342349112033844,0.442084401845932,-1.188918681141219,-0.5206455152183345,0.09999990463256836
-0.3220201432704925,1.985990285873413,7.277774810791016,-0.3295361995697021,-0.671689510345459,-1.9044322967529297,0.2336922138929367,-0.2440785318613052,0.4037349224090576,-0.3994206618777932,-0.318139412211368,0.09999990463256836
0.3866635859012604,2.785653591156006,8.88907241821289,0.3530203998088836,0.2364978790283203,-0.7783298492431641,0.0739026665687561,-0.0384826473891735,0.311589628458023,0.34618705317932125,-0.28944650066590555,0.09999990463256836
0.7003039717674255,3.094505786895752,9.968857765197754,0.4409225583076477,0.445345401763916,0.3693113327026367,0.1106542572379112,-0.0512658134102821,0.0047936863265931,0.4385347612151963,0.008984978970163857,0.09999990463256836
0.6356605291366577,2.2661118507385254,10.940903663635254,0.46358323097229,-0.3632793426513672,1.543745994567871,-0.168444812297821,0.0936100408434867,-0.0814926698803901,0.4581964185807004,0.053568260120749694,0.09999990463256836
0.8343793153762817,1.543063044548035,11.65676975250244,0.6742987632751465,-0.99570894241333,2.788058280944824,0.0515321269631385,-0.1482048034667968,-0.4042675495147705,0.6433981919106538,0.42751854628591635,0.09999990463256836
0.6141127347946167,1.159990668296814,8.333617210388184,0.5443329215049744,-1.2126076221466064,-1.6707124710083008,-0.1055942550301551,0.0472710728645324,-0.4479433596134186,0.5570148913670303,0.42075219268308595,0.09999990463256836
-0.0538695380091667,1.799242615699768,6.525995254516602,-0.0254117399454116,-0.6720079183578491,-2.8688302040100098,-0.0235689580440521,0.2347574681043625,-0.2311622053384781,-0.08150421859240942,0.16448766358557615,0.09999990463256836
-0.3890577852725982,2.515108823776245,9.327211380004885,-0.0608196556568145,0.1578884124755859,-0.2701091766357422,0.0733700320124626,0.1186437383294105,-0.2583264410495758,-0.0707568149010162,0.2252036845479961,0.09999990463256836
-0.2980781197547912,2.788047790527344,10.758943557739258,0.0809065103530883,0.5322072505950928,1.1333608627319336,0.1165132075548172,0.2193111479282379,-0.1592569202184677,0.15519854571969458,0.10526179583035586,0.09999990463256836
-0.8822633028030396,1.9620482921600344,11.546636581420898,-0.3236886858940124,-0.3649826049804687,2.059062957763672,-0.0347542278468608,0.0398142300546169,0.1022653132677078,-0.194318569533575,-0.11109163851124655,0.09999990463256836
-0.910993754863739,2.076969861984253,9.130887031555176,-0.5444047451019287,-0.5315158367156982,0.3897199630737304,0.682168185710907,-0.3330280482769012,0.2300969511270523,-0.5306713925998291,-0.10099599273979956,0.09999990463256836
-0.1137245818972587,1.5143325328826904,9.707889556884766,-0.1031097471714019,-1.1548655033111572,-0.3262844085693359,-0.2968090772628784,-0.0645816102623939,0.3659180700778961,-0.13082298274298618,-0.34560216622722584,0.09999990463256836
0.6212953329086304,2.618059635162353,6.356007099151611,0.4658614993095398,-0.4405419826507568,-2.8874950408935547,0.4004059731960296,-0.0938763618469238,0.1448758542537689,0.440064769230741,-0.10542725620552809,0.09999990463256836
0.6572083830833435,3.005920171737671,9.782109260559082,0.4591053128242492,0.0686321258544921,0.1319561004638672,-0.1364869028329849,-0.1631184965372085,0.0474042333662509,0.4582370034110005,0.005684345531449218,0.09999990463256836
0.7817068696022034,2.993949174880981,10.253767013549805,0.5870495438575745,0.1236121654510498,0.4667959213256836,-0.1039963662624359,-0.0438089668750762,-0.2013348340988159,0.5823732525126218,0.20598713744227268,0.09999990463256836
0.9469067454338074,2.5318682193756104,11.225812911987305,0.4320389926433563,-0.1159546375274658,1.5944204330444336,-0.3282343447208404,-0.0001331579551333,-0.1699095517396927,0.41891842890993036,0.16566478252448436,0.09999990463256836
2.3235726356506348,1.866280198097229,9.559449195861816,1.5441131591796875,-0.7076418399810791,0.6811618804931641,0.260856419801712,-0.3191796243190765,-0.4500738978385925,1.5264359583538005,0.5101601931420632,0.09999990463256836
0.9636662006378174,1.3323732614517212,8.422203063964844,0.7251566648483276,-1.4070438146591189,-0.940669059753418,-0.1157142594456672,0.1276984810829162,-0.7142592668533325,0.7513140551171411,0.6534649501197858,0.09999990463256836
-0.0849941596388816,2.6132712364196777,7.514800548553467,-0.0320648849010467,-0.1944541931152343,-2.0842885971069336,0.3008038103580475,0.4382228255271911,-0.6482129096984863,-0.07387813745832716,0.5031250228318582,0.09999990463256836
-0.2885012924671173,2.869450807571411,9.492411613464355,-0.0609636902809143,0.0773758888244628,-0.3525476455688476,-0.1934785097837448,-0.0539289712905883,-0.4644549489021301,-0.07841950646284851,0.4481830331193048,0.09999990463256836
0.152031809091568,3.508702516555786,11.958438873291016,0.2153011560440063,0.2032842636108398,2.65789794921875,0.032357383519411,-0.1199753209948539,-0.082025296986103,0.3925563003713428,0.11442967417260169,0.09999990463256836
-0.6572083830833435,1.4425065517425537,13.335104942321776,0.1328598260879516,-1.1879496574401855,3.3254547119140625,-0.7681882381439209,0.1857553422451019,-0.0026631590444594,0.42610956971652286,-0.1229472656702073,0.09999990463256836
-1.7489643096923828,2.20386266708374,7.160458564758301,-0.6623570919036865,-0.3563804626464844,-2.55317497253418,0.2304964214563369,0.4169175624847412,-0.52837073802948,-0.9474720435694561,0.41266601486354126,0.09999990463256836
0.8702923059463501,1.4736311435699463,9.327211380004885,1.5226019620895386,-0.9354568719863892,-0.2085733413696289,0.384427011013031,-0.6893587112426758,-0.5869602560997009,1.4725705033609096,0.7728156016658103,0.09999990463256836
0.6835445761680603,3.0154969692230225,7.445368766784668,1.1754581928253174,0.4190812110900879,-1.986358642578125,-0.1460742801427841,-0.2904174923896789,-0.6743118762969971,1.0402038123198187,0.7155376061746228,0.09999990463256836
1.3419500589370728,2.673126220703125,10.150816917419434,1.7389122247695925,0.1630222797393798,0.6869258880615234,0.0978710949420929,-0.2265016883611679,-0.9566067457199096,1.7760907751565833,0.9866668269687598,0.09999990463256836
0.6931213736534119,2.167949676513672,10.904990196228027,1.3695820569992063,-0.3616166114807129,1.4372167587280271,0.0861531943082809,0.4046670198440552,-1.161137342453003,1.4746229331744558,1.0156706912592353,0.09999990463256836
0.8702923059463501,0.585382342338562,12.264896392822266,1.9970030784606931,-1.6881186962127686,2.7545223236083984,-0.1844237744808197,-0.4171838760375976,-1.3891037702560425,2.2653245230223997,1.4101889125852967,0.09999990463256836
1.7824832201004028,1.157596468925476,7.292140007019043,2.4982028007507324,-1.1307504177093506,-2.25320816040039,0.0073236874304711,-0.4166512489318847,-1.7773923873901367,2.24503324210185,1.8179767336865127,0.09999990463256836
0.1256955862045288,0.7529764175415039,7.900267124176025,1.20717191696167,-1.25391685962677,-1.6464195251464844,0.3114564716815948,0.3002711832523346,-1.6527565717697144,0.9415538950271022,1.578103961123173,0.09999990463256836
-0.4034229815006256,1.80881941318512,9.248202323913574,0.9329564571380616,0.0094417333602905,-0.2537803649902344,-0.0443415977060794,-0.2275669425725937,-1.507880687713623,0.871014484904325,1.497195472181779,0.09999990463256836
-0.5207388401031494,2.021903276443481,11.663951873779297,1.050325870513916,0.3909294605255127,2.151163101196289,0.1447426974773407,0.1431448012590408,-1.378983736038208,1.4063158706805636,1.3360342631437163,0.09999990463256836
-1.3658920526504517,2.182314872741699,11.142016410827637,0.5796545743942261,0.5626933574676514,1.658182144165039,0.0802942439913749,0.4376901984214782,-1.2767184972763062,0.9214910005771659,1.1685517926492754,0.09999990463256836
-1.1432312726974487,0.6572083830833435,8.69753646850586,1.1192986965179443,-1.1714048385620115,-0.7235126495361328,1.4038842916488647,-0.0299605391919612,-1.0966888666152954,0.8221501593093251,1.3969005024471777,0.09999990463256836
-1.648407816886902,1.6603789329528809,7.296928405761719,0.7624232769012451,-0.8452949523925781,-1.8399991989135744,-0.0720384567975997,-0.7458177208900452,-1.0620678663253784,0.1946101405158397,1.1614566353445421,0.09999990463256836
-0.4656722247600555,2.0626046657562256,7.620145320892334,1.4745824337005615,-0.2574408054351806,-1.702763557434082,0.560728132724762,-0.3825628161430359,-1.4072132110595703,1.0390766317363382,1.5454173410518348,0.09999990463256836
-1.2749123573303225,3.420117139816284,9.336788177490234,0.3581255674362182,1.2946348190307615,-0.0512466430664062,-0.1561942845582962,-0.6169208288192749,-0.9795098900794984,0.3909043101246083,1.0456189389962234,0.09999990463256836
-1.602918028831482,2.737769603729248,9.559449195861816,0.0954101085662841,0.8357102870941162,0.1326522827148437,-0.2147837877273559,0.2017343044281005,-0.9874994158744812,0.1494248916980694,0.8653623806835355,0.09999990463256836
-0.8535329103469849,2.28287124633789,11.25214958190918,1.1113309860229492,0.6271486282348633,1.8077545166015625,0.0259658005088567,-0.3399522602558136,-0.8649940490722656,1.4650927818210029,0.8953015943321413,0.09999990463256836
2.4863784313201904,2.1368250846862797,10.634445190429688,3.3478238582611084,0.6683123111724854,0.9580965042114258,-0.258459597826004,-1.2965589761734009,-1.5307838916778564,3.4220793717639504,1.6778284872983393,0.09999990463256836
1.6867151260375977,0.6643909811973572,9.116521835327148,2.1956019401550293,-0.7156786322593689,-0.6393003463745117,0.3902859687805176,-0.3298322558403015,-2.111885070800781,2.129809646499998,2.160307931417414,0.09999990463256836
0.0083797061815857,-0.0634463429450988,9.571419715881348,0.5926510095596313,-1.279626965522766,-0.1956815719604492,0.229963794350624,0.2427469491958618,-1.9116156101226809,0.5595184038092819,1.8755898536864142,0.09999990463256836
-1.8567034006118772,1.7729063034057615,7.70394229888916,-1.0095714330673218,0.4461208581924438,-1.9613099098205569,0.0019973693415522,-0.4086617529392242,-1.3640700578689575,-1.1996235922102325,1.4006408310146172,0.09999990463256836
-2.096123695373535,2.144007682800293,11.07258415222168,-1.445920467376709,0.9377400875091552,1.3556509017944336,-0.0043942127376794,-0.2520680129528045,-0.8847014307975769,-1.306037708688246,0.9062019988392471,0.09999990463256836
-1.624465823173523,2.3786394596099854,10.7326078414917,-1.0323283672332764,1.185593843460083,0.9695329666137696,-0.0011984215816482,-0.168444812297821,-0.3584612011909485,-0.9344980254656797,0.37586429068540494,0.09999990463256836
-0.872686505317688,0.302866518497467,14.81472110748291,-0.2426733374595642,-0.6389574408531189,4.965526580810547,0.3412838280200958,-0.2190448343753814,0.0005326318205334,0.1725568106597964,0.05105707077583441,0.09999990463256836
-0.2549824714660644,1.483207941055298,7.105391979217529,-0.0076092183589935,-0.1839516162872314,-2.6242713928222656,0.2225069403648376,-0.5285038948059082,0.0346210673451423,-0.130140692894246,0.06965229633479669,0.09999990463256836
1.169567584991455,1.4472949504852295,8.6089506149292,0.8220711350440979,-0.440689206123352,-1.0700912475585938,0.2182458937168121,-0.7932219505310059,-0.0724379271268844,0.8368674760523628,0.22604313873175938,0.09999990463256836
0.812831461429596,2.852691411972046,8.108562469482422,0.0198738574981689,0.9851109981536864,-1.524794578552246,0.0909468829631805,-0.0709731876850128,-0.1075916290283203,0.09553583498063045,0.11400299463078714,0.09999990463256836
1.0235211849212646,2.862268209457397,10.737396240234377,0.2613512277603149,1.0938513278961182,1.1034631729125977,-0.2472743242979049,-0.1977395564317703,-0.210389569401741,0.18925345657272583,0.25717894066319713,0.09999990463256836
1.222239971160889,2.076969861984253,11.371859550476074,0.3719178438186645,0.3832670450210571,1.6883935928344729,-0.2552638053894043,0.0137152690440416,-0.3174485564231872,0.25979888802369866,0.32550708526993505,0.09999990463256836
1.5310919284820557,0.7003039717674255,12.152369499206545,0.5902831554412842,-0.8929113149642944,2.377483367919922,0.3764375448226928,-0.1796300858259201,-0.3765707015991211,0.42828290594906016,0.37306130402334264,0.09999990463256836
1.236605167388916,1.013944387435913,8.154052734375,0.1745941042900085,-0.8924292325973511,-1.5266828536987305,0.002530001103878,-0.2131858915090561,-0.3925496637821197,0.31523252950056163,0.42560812303292295,0.09999990463256836
0.4896142482757568,1.969230890274048,6.339247703552246,-0.3116780519485473,-0.2241086959838867,-3.245760917663574,0.350871205329895,0.3306311964988708,-0.5912213325500488,-0.1212696036235269,0.4774404193041739,0.09999990463256836
-0.1256955862045288,2.630030632019043,9.858723640441896,-0.6020978093147278,0.32619309425354,0.3297185897827148,0.0584563426673412,0.0957405716180801,-0.4127896726131439,-0.6121769144770429,0.3755825477919724,0.09999990463256836
-0.4201824069023132,3.1304187774658203,10.30404567718506,-0.7706347703933716,0.5484700202941895,0.8244800567626953,0.123970054090023,0.022237379103899,-0.0724379271268844,-0.7831983946342338,0.062060236400527824,0.09999990463256836
-0.970848798751831,2.292448043823242,10.756549835205078,-1.3457437753677368,-0.2567090988159179,1.2271366119384766,-0.3452785909175873,-0.003861580742523,0.475640207529068,-1.3631290959422337,-0.4519630542725867,0.09999990463256836
-0.997184991836548,1.768117904663086,8.06546688079834,-1.4119468927383425,-0.8293757438659668,-1.484623908996582,0.598012387752533,0.2203764170408249,0.5171855092048645,-1.3785585289234594,-0.5692265273411937,0.09999990463256836
-0.1616086214780807,1.5646108388900757,8.00800609588623,-0.8093449473381042,-0.8167932033538818,-1.4324359893798828,-0.6259755492210388,-0.2446111589670181,0.6109287142753601,-0.7673235400993005,-0.5152090764096002,0.09999990463256836
0.3363853394985199,2.2445640563964844,7.284957408905029,-0.3260636627674103,0.1181299686431884,-2.4227499961853027,-0.2035985141992569,0.2384859025478363,0.400006502866745,-0.24102643479936692,-0.4357098303121738,0.09999990463256836
0.3842693865299225,2.218227863311768,10.608109474182127,-0.294150710105896,0.2675130367279053,0.5876016616821289,-0.3101248741149902,-0.1679121851921081,0.2039979845285415,-0.32460059926639656,-0.15217492479482503,0.09999990463256836
0.7721300721168518,2.275688648223877,11.21863079071045,0.1748576164245605,0.4166789054870605,1.2910127639770508,-0.3420827984809875,-0.1215732097625732,-0.007989477366209,0.09125755822986291,0.051068202006252,0.09999990463256836
1.0115501880645752,0.0466869324445724,12.693458557128906,0.3183245658874511,-0.9153332114219666,2.9828901290893555,-0.3900196552276611,-0.1135837361216545,-0.1283642649650573,0.1502767016992401,0.16521144551570016,0.09999990463256836
1.0594342947006226,0.7984662652015686,7.684788703918457,0.3258841931819916,-0.3689380288124084,-2.1763625144958496,-0.0709731876850128,0.002530001103878,-0.1747032403945922,0.4273694822417083,0.1760811282891418,0.09999990463256836
0.4177882075309753,1.2198457717895508,8.69753646850586,-0.0633368790149688,0.1213051080703735,-0.6361179351806641,0.0403468608856201,0.2352901101112365,-0.2412822097539901,-0.037102100294875894,0.21231555979110636,0.09999990463256836
0.120907187461853,1.839944005012512,9.178771018981934,-0.313872754573822,0.7847328186035156,-0.7026453018188477,0.1127847880125045,0.1095889955759048,-0.1139832064509391,-0.2995806761295566,0.09775334973177295,0.09999990463256836
0.0107739074155688,2.1080946922302246,9.784503936767578,-0.2517542243003845,0.8593728542327881,-0.1005983352661132,0.0712395086884498,0.2507364153861999,0.0,-0.25187413631377226,-0.034518745592785366,0.09999990463256836
0.0083797061815857,1.3227964639663696,11.46762752532959,-0.1639897376298904,0.6468307971954346,1.6781349182128906,-0.1418132185935974,0.1372858583927154,0.198671668767929,-0.13687576398352352,-0.2166045250697418,0.09999990463256836
-0.4297592043876648,0.4153940081596374,11.173140525817873,-0.4510496258735657,-0.8332507610321045,2.359889030456543,0.0946753025054931,-0.1599227041006088,0.188551664352417,-0.4274996684967765,-0.17081167601769864,0.09999990463256836
-0.0490811355412006,0.4441244006156921,9.317634582519531,-0.5910416841506958,-0.5538959503173828,-1.2559823989868164,-0.4454133510589599,-0.3218427896499634,0.3217096328735351,-0.5716709125842595,-0.27645110485940716,0.09999990463256836
0.2956839203834533,1.4209587574005127,7.0359601974487305,-0.2440255135297775,0.3686438798904419,-2.449671745300293,0.2363553643226623,-0.0304931718856096,0.143277958035469,-0.1602803167630647,-0.14725788439517817,0.09999990463256836
0.4632780253887176,1.602918028831482,9.858723640441896,-0.1406643986701965,0.6515474319458008,-0.0566310882568359,0.0818921402096748,-0.0320910662412643,0.1081242561340332,-0.14098993754277078,-0.1072214300081355,0.09999990463256836
0.4800374507904053,1.5191209316253662,10.557830810546877,-0.1219751983880996,0.61375892162323,0.52496337890625,-0.0097205303609371,0.0792289823293685,-0.0122505314648151,-0.14310442322416053,0.0032882582560371347,0.09999990463256836
0.3292027413845062,0.788889467716217,10.32559299468994,-0.1796748340129852,-0.2386312484741211,0.3399915695190429,-0.2696448564529419,0.1468732208013534,-0.1565937548875808,-0.18740362523265652,0.14627072190029133,0.09999990463256836
1.0043675899505615,0.2190694510936737,9.707889556884766,0.4657908380031585,-0.6402549147605896,0.4342308044433594,0.186287984251976,0.0009321057004854,-0.288686454296112,0.456584609883813,0.2828223818287942,0.09999990463256836
0.3555389642715454,0.5351040959358215,9.545083999633787,-0.0549139082431793,-0.4669197797775268,-0.0757884979248046,0.0217047464102506,0.0488689690828323,-0.2423474788665771,-0.052247740784716334,0.23618805909046092,0.09999990463256836
-0.1496376097202301,1.4257471561431885,8.170811653137207,-0.3759080767631531,0.4242829084396362,-2.0751428604125977,-0.0241015907377004,0.1063932031393051,-0.1454084813594818,-0.36132831253259723,0.1332002317621441,0.09999990463256836
0.3818751573562622,1.7753005027770996,9.85154151916504,0.123167373239994,0.5615425109863281,0.098118782043457,0.3029343485832214,-0.0576573945581913,-0.0798947736620903,0.1234431202117258,0.08696898091948443,0.09999990463256836
0.2693476974964142,1.7369933128356934,11.309610366821287,-0.1841575652360916,0.3576340675354004,1.8500738143920896,0.0264984332025051,-0.0432763360440731,0.0143810594454407,-0.1894538823491095,-0.008236735192711599,0.09999990463256836
0.0371101275086402,0.1424549967050552,12.693458557128906,-0.2194128930568695,-1.2430275678634644,3.244169235229492,-0.1402153223752975,-0.1178447902202606,0.0974716246128082,-0.21816219347546356,-0.08263424838533687,0.09999990463256836
-0.3363853394985199,0.4489128291606903,8.953716278076172,-0.7870622873306274,-0.7789840698242188,-1.4550895690917969,-0.2861564457416534,-0.0954742506146431,0.0766989812254905,-0.771418701010106,-0.059489923583820076,0.09999990463256836
0.21188685297966,1.4712369441986084,7.92899751663208,-0.1219930723309516,0.0993658304214477,-1.547755241394043,0.1873532384634018,-0.0720384567975997,-0.0031957910396158,-0.1032894016268613,0.01046438730331795,0.09999990463256836
0.4034229815006256,1.6603789329528809,9.473258018493652,0.0503043979406356,0.4917770624160766,-0.3857679367065429,0.0328900143504142,-0.0416784398257732,-0.320644348859787,0.05647348067182381,0.32262381263272977,0.09999990463256836
0.2501940727233886,1.6891093254089355,9.868300437927246,0.0579945147037506,0.4052611589431762,-0.0591840744018554,0.0952079370617866,0.1772332340478897,-0.4042675495147705,0.05799691214369488,0.372875010240964,0.09999990463256836
0.2023100405931472,0.8966285586357117,10.31601619720459,0.4379254281520843,-0.4379005432128906,0.4702472686767578,-0.1066595241427421,0.2368880063295364,-0.5171855092048645,0.44958586322174926,0.47264701337535886,0.09999990463256836
0.7026981711387634,0.243011474609375,10.995969772338867,0.9246634244918824,-0.9417628049850464,2.015714645385742,0.1820269227027893,0.0206394828855991,-0.6913561224937439,1.0024106255917151,0.6914665229638884,0.09999990463256836
0.750582218170166,0.1280897855758667,9.85393524169922,0.976093053817749,-1.005335807800293,-0.2589931488037109,-0.2483395934104919,-0.0241015907377004,-0.8245140314102173,0.9575388672341846,0.809661510399737,0.09999990463256836
0.50876784324646,1.0235211849212646,7.517194747924805,0.7824442386627197,-0.199150800704956,-2.5311412811279297,0.0339552797377109,0.0494015999138355,-0.724379301071167,0.6332859418390633,0.7127293211589002,0.09999990463256836
0.4321534037590027,1.3036428689956665,9.92097282409668,0.9610834121704102,0.2108536958694458,0.3451900482177734,0.1085237339138984,0.1335574239492416,-0.8218508958816528,0.9824402236844917,0.8061898272287287,0.09999990463256836
0.1783680319786071,1.095347285270691,10.512341499328612,0.8658591508865356,0.0995668172836303,0.4897117614746094,-0.015579480677843,-0.068842664361,-0.7861645817756653,0.9020137710015292,0.7846003596766449,0.09999990463256836
-0.2645592987537384,-0.180762231349945,11.300033569335938,0.4491924047470093,-0.8131684064865112,0.7457599639892578,-0.5135902166366577,0.1474058628082275,-0.787762463092804,0.5074653491600727,0.7167535122900267,0.09999990463256836
-0.0658405497670173,0.6931213736534119,7.150881767272949,0.5149202346801758,-0.1526303887367248,-2.138273239135742,0.4882902204990387,-0.1247690021991729,-0.8745814561843872,0.3115789871732494,0.9243338160444793,0.09999990463256836
1.1528080701828003,0.2238578647375106,10.852317810058594,1.7811341285705566,-0.4878575205802917,1.9862375259399412,0.174570083618164,-0.049135286360979,-1.1696594953536987,1.922760299126901,1.1803139558584748,0.09999990463256836
0.5111620426177979,0.7769184708595276,10.138845443725586,1.1281421184539795,0.2005637884140014,0.3576211929321289,-0.0821584612131118,0.0078563196584582,-1.235705852508545,1.151295894654222,1.2210157944054523,0.09999990463256836
-0.0610521435737609,1.1791443824768066,9.25059700012207,0.5663701295852661,0.5819208025932312,-0.5197105407714844,0.0621847659349441,-0.1407479643821716,-1.1648657321929932,0.5213058689498732,1.172826051418497,0.09999990463256836
0.3794809579849243,0.6667851805686951,10.770915031433104,0.794924259185791,0.043441891670227,0.9770689010620116,0.1617869138717651,-0.3303648829460144,-1.2335753440856934,0.8543144224676865,1.2618841347515204,0.09999990463256836
0.3986345827579498,0.2214636504650116,10.088567733764648,0.6109281778335571,-0.4213064908981323,0.2763147354125976,-0.2185122072696685,-0.3282343447208404,-1.1712573766708374,0.6204168989816521,1.1815608331479486,0.09999990463256836
0.6763619780540466,-0.120907187461853,8.479663848876953,0.8987288475036621,-0.7576987743377686,-1.3658857345581057,0.4978775978088379,0.046205811202526,-1.3480911254882812,0.8340164929970288,1.3619758531152437,0.09999990463256836
0.4177882075309753,-0.2932897210121155,10.423755645751951,0.7022898197174072,-0.8357528448104858,0.5828170776367188,0.1788311302661895,0.112252153456211,-1.366733193397522,0.7272944351227894,1.364239225029527,0.09999990463256836
0.2190694510936737,0.6955155730247498,7.818864345550537,0.5351163744926453,0.060150921344757,-1.9727377891540527,0.0589889734983444,-0.0565921291708946,-1.1994868516921997,0.4273286384495405,1.2018534107541192,0.09999990463256836
0.0682347491383552,1.0019733905792236,10.215459823608398,0.4084131717681885,0.4183089733123779,0.4421024322509765,0.0936100408434867,0.0121173737570643,-1.11053729057312,0.4336981224398233,1.1106885141734848,0.09999990463256836
0.2789244949817657,0.7936778664588928,11.936891555786133,0.6331331729888916,0.224786639213562,2.136977195739746,0.1825595498085022,-0.1332911103963852,-0.98909729719162,0.7553865689990695,1.0046618828433331,0.09999990463256836
0.1400607973337173,0.7338228225708008,10.021530151367188,0.4445610344409942,0.0130318403244018,0.2179632186889648,-0.1647163927555084,0.1154479458928108,-0.8905603885650635,0.4548518367702349,0.8682524795697883,0.09999990463256836
0.0418985299766063,0.302866518497467,8.750208854675293,0.541178822517395,-0.5525874495506287,-1.0591421127319336,0.853143036365509,-0.1753690242767334,-0.8916256427764893,0.45836487769229084,0.9636785661434493,0.09999990463256836
0.669179379940033,-0.0706289485096931,12.205041885375977,0.9534324407577516,-0.8593934774398804,2.4070444107055664,-0.3277017176151275,-0.212653249502182,-1.161137342453003,1.068915167991377,1.1571923637002404,0.09999990463256836
0.0586579404771328,1.0235211849212646,8.513182640075684,0.3017451465129852,0.2048707008361816,-1.266836166381836,-0.2968090772628784,-0.2158490419387817,-1.1659311056137085,0.2430159406604549,1.1656160917713796,0.09999990463256836
0.6021417379379272,1.3251906633377075,9.631275177001951,0.6365460157394409,0.6499589085578918,-0.1720838546752929,-0.033156331628561,-0.2323606312274933,-1.2799142599105835,0.6330205856670692,1.2927148600780984,0.09999990463256836
-0.2956839203834533,1.3443442583084106,9.729436874389648,-0.1737367510795593,0.6562151312828064,-0.0720729827880859,0.1271658539772033,0.0968058332800865,-1.1201246976852417,-0.17423843562940042,1.1128535563666364,0.09999990463256836
-0.1280897855758667,0.628477931022644,11.417349815368652,-0.0124972164630889,-0.1586491465568542,1.6031579971313477,0.1836248189210891,-0.1945437788963318,-1.0716552734375,0.04089280497768067,1.0901987079589055,0.09999990463256836
0.4106055796146393,0.4704606235027313,10.083779335021973,0.3958129286766052,-0.3997654914855957,0.264108657836914,-0.2211753576993942,-0.2083922028541565,-1.0375667810440063,0.4002473454260295,1.0480580253975271,0.09999990463256836
0.6763619780540466,0.6141127347946167,7.84998893737793,0.6612666845321655,-0.3524390459060669,-1.9740447998046875,0.4765723347663879,-0.0315584354102611,-1.1147984266281128,0.6200923675552088,1.1213828107455506,0.09999990463256836
0.3699041604995727,0.4321534037590027,10.639233589172363,0.3969212174415588,-0.3954161405563354,0.8240175247192383,0.068576343357563,0.0328900143504142,-0.8735162019729614,0.4160864198455853,0.8682077588764004,0.09999990463256836
0.0849941596388816,1.7130513191223145,8.40304946899414,0.0590060204267501,0.7561595439910889,-1.3628559112548828,-0.0086552668362855,-0.1705753356218338,-0.6727139949798584,0.03416174253967219,0.6866647298317051,0.09999990463256836
0.0538695380091667,1.708262920379639,10.363900184631348,-0.0191188305616378,0.695486307144165,0.6038656234741211,0.1159805804491043,-0.0912131965160369,-0.5480781197547913,-0.009164497569586018,0.5564673607434343,0.09999990463256836
0.2525882720947265,1.459265947341919,11.130044937133787,0.1839672476053238,0.3608205318450928,1.3616294860839844,0.0227700099349021,-0.0565921291708946,-0.335025429725647,0.20499393362555396,0.33969670714975764,0.09999990463256836
-0.2023100405931472,0.9229647517204284,11.642404556274414,-0.1791207939386367,0.0075688958168029,1.8304471969604488,-0.4310322999954223,0.002530001103878,-0.2695116996765136,-0.134647433034959,0.2573006179291953,0.09999990463256836
-0.7242460250854492,0.7146692276000977,7.653664112091064,-0.7993608117103577,-0.3579281568527221,-2.1675539016723637,0.6251766085624695,-0.0960068851709365,-0.1054610982537269,-0.8307348045920211,0.1249051700899048,0.09999990463256836
0.2047042399644851,0.6596025824546814,9.944915771484377,0.1096777915954589,-0.3641892075538635,0.1669979095458984,-0.2360890507698059,0.0211721155792474,0.0990695208311081,0.11121494064800748,-0.10374451200020035,0.09999990463256836
0.1328781992197036,1.5957354307174685,8.185176849365234,-0.09900963306427,0.5179016590118408,-1.5683574676513672,-0.0486026518046855,-0.1167795285582542,-0.0181094817817211,-0.0968141997716709,0.03181848473480043,0.09999990463256836
0.2621650993824005,2.165555477142334,9.825204849243164,-0.1042904704809188,1.0747331380844116,0.0885725021362304,-0.0065247397869825,-0.2153164148330688,-0.08309056609869,-0.10754636213446726,0.10828496815752499,0.09999990463256836
0.3722983598709106,1.7513585090637207,11.247361183166504,-0.1135678738355636,0.6237306594848633,1.491377830505371,-0.0922784656286239,-0.0619184486567974,-0.077231615781784,-0.15589657474164392,0.08673554557431723,0.09999990463256836
0.2310404628515243,0.3363853394985199,12.398972511291504,-0.2501586675643921,-0.6034241914749146,2.57551383972168,-0.2536658942699432,-0.0922784656286239,-0.1091895252466201,-0.31658764286736085,0.12485483163896598,0.09999990463256836
0.973242998123169,0.243011474609375,8.166023254394531,0.50002121925354,-0.8484499454498291,-1.6572847366333008,0.118111103773117,-0.0624510794878006,-0.2157158851623535,0.5447376499151919,0.2184704199435211,0.09999990463256836
0.6955155730247498,0.8487445116043091,7.57944393157959,0.2715890407562256,-0.2777563333511352,-2.206937313079834,0.1324921697378158,0.1655153334140777,-0.2822948694229126,0.3179609931996471,0.25710007865367024,0.09999990463256836
0.0155623108148574,1.6077064275741575,8.257002830505371,-0.2108458578586578,0.4129647016525268,-1.4681415557861328,0.0259658005088567,0.1346226930618286,-0.1933453530073166,-0.2095681923203975,0.1741911859463348,0.09999990463256836
0.4393360018730163,1.799242615699768,10.572196006774902,0.2064338326454162,0.5458426475524902,0.8550271987915039,0.1388837546110153,0.0137152690440416,-0.2194443047046661,0.2049847521711367,0.21532573019781262,0.09999990463256836
-0.3722983598709106,1.215057373046875,11.448473930358888,-0.4672516584396362,-0.0922380685806274,1.698990821838379,0.085620567202568,0.1186437383294105,-0.0197073780000209,-0.4464482122956899,0.0038663443701737778,0.09999990463256836
-0.2956839203834533,0.6500257849693298,11.510723114013672,-0.5331517457962036,-0.458806037902832,1.6865510940551758,0.3008038103580475,-0.1940111368894577,0.0809600353240966,-0.5364190865595361,-0.057677936883701784,0.09999990463256836
-0.1089361757040023,0.829590916633606,10.023923873901367,-0.5097971558570862,-0.2333120107650756,0.2371749877929687,-0.5087965726852417,-0.0784300342202186,0.2806969583034515,-0.5134955567518142,-0.2602045129915215,0.09999990463256836
-0.0203507151454687,1.459265947341919,7.510012149810791,-0.5861647129058838,0.3184484243392944,-2.5215039253234863,0.0733700320124626,-0.1237037405371666,0.2311622053384781,-0.5316742189583873,-0.21579553066504342,0.09999990463256836
0.0538695380091667,1.7130513191223145,9.978434562683104,-0.3865071535110473,0.5496128797531128,-0.027719497680664,0.057923711836338,-0.0672447681427002,-0.0047936863265931,-0.3874482046205032,0.011698125278030286,0.09999990463256836
0.3315969407558441,1.3682862520217896,10.73500156402588,-0.0950779616832733,0.2485189437866211,0.9212379455566406,0.1000016257166862,0.1394163817167282,-0.0506000220775604,-0.11471845242591641,0.027944114724381592,0.09999990463256836
0.6715735793113708,0.0849941596388816,12.408549308776855,0.1267201453447342,-0.7346380352973938,1.902266502380371,-0.4123901724815368,0.0249005369842052,-0.1869537681341171,0.11029487280923167,0.18600009931894074,0.09999990463256836
0.4201824069023132,0.7362170219421387,6.68640661239624,0.0346714407205581,-0.6704504489898682,-2.4820117950439453,0.4909533858299255,0.1580584943294525,-0.2055958807468414,0.0452662579573024,0.17993483312038375,0.09999990463256836
0.3387795388698578,0.7577648162841797,9.140463829040527,0.1035810932517051,-0.4339768886566162,-0.2393226623535156,-0.019307903945446,0.141014277935028,-0.1858884990215301,0.10410411729998892,0.1670566913338523,0.09999990463256836
-0.1185129806399345,1.478419542312622,8.506000518798828,-0.2065857946872711,0.2488390207290649,-1.4933528900146484,-0.0768321380019187,0.1314269006252288,-0.1587242782115936,-0.22774988560000267,0.1396288144301532,0.09999990463256836
0.1017535701394081,1.7848774194717407,9.657610893249512,0.1273301690816879,0.6092957258224487,-0.1971969604492187,0.0968058332800865,-0.0406131781637668,-0.1438105851411819,0.12447841327396704,0.1502418710947642,0.09999990463256836
0.2070984542369842,1.533486247062683,10.474034309387209,0.2175627052783966,0.6483275890350342,1.1920032501220703,0.0035952648613601,-0.0011984215816482,0.0426105447113513,0.2594892155546187,-0.04197186499682415,0.09999990463256836
-0.0706289485096931,0.2956839203834533,13.019070625305176,-0.0138109177350997,-0.6940662860870361,4.080863952636719,-0.1535311192274093,-0.0933437272906303,0.1475390195846557,0.07693151818731812,-0.14252864189305825,0.09999990463256836
-0.4752490520477295,0.1256955862045288,9.956886291503906,-0.9032436609268188,-0.7339074611663818,-0.7358036041259766,-0.5567334294319153,-0.1247690021991729,0.4154528081417084,-0.91683091678262,-0.41091696482748435,0.09999990463256836
-0.1185129806399345,1.049857497215271,7.308899402618408,-0.1219122260808944,-0.0115031599998474,-2.27734899520874,0.2235722094774246,-0.0241015907377004,0.1954758763313293,-0.14468498136343208,-0.18992173299330523,0.09999990463256836
0.0251391176134347,1.5765818357467651,8.965686798095703,-0.2160751223564148,0.6386598348617554,-0.9337167739868164,0.0776310861110687,0.0035952648613601,0.0532631836831569,-0.22217492197623806,-0.052796033264387254,0.09999990463256836
0.4058171808719635,1.4401123523712158,11.168352127075195,0.1785806715488433,0.5360144376754761,1.2560386657714844,0.0547279193997383,-0.0709731876850128,-0.0633831843733787,0.18523780104399554,0.07108525378944901,0.09999990463256836
0.3315969407558441,0.7338228225708008,11.192294120788574,0.2183731943368911,-0.0229233503341674,1.0238780975341797,-0.289884865283966,0.1234374269843101,-0.1193095296621322,0.23300924967169406,0.10136504281590623,0.09999990463256836
0.4345476031303406,0.180762231349945,8.865130424499512,0.3549686968326568,-0.696669340133667,-0.1179962158203125,0.4462123215198517,0.1037300452589988,-0.2503369450569153,0.35128455823790966,0.24708701870097644,0.09999990463256836
0.1448491960763931,0.0251391176134347,10.014347076416016,0.2015910297632217,-0.9487342238426208,0.0697841644287109,-0.234491154551506,0.0909468829631805,-0.2844253778457641,0.20078458670663976,0.2676503009846594,0.09999990463256836
-0.4034229815006256,1.3204022645950315,7.478887557983398,-0.2882041335105896,0.317441463470459,-2.596693515777588,-0.0768321380019187,-0.0033289489801973,-0.2119874656200409,-0.3986823823327348,0.20765720111568572,0.09999990463256836
0.0514753349125385,1.6077064275741575,9.980828285217283,0.1809617578983307,0.7168915867805481,-0.0086393356323242,0.0264984332025051,-0.0810931921005249,-0.0479368641972541,0.18308843382734874,0.05671755844483655,0.09999990463256836
-0.3507505357265472,1.0522516965866089,11.565790176391602,-0.2615053653717041,0.0914556980133056,1.6377067565917969,0.0691089779138565,-0.1391500681638717,0.1560611277818679,-0.21783504261583317,-0.13839646499733294,0.09999990463256836
-0.8439561128616333,-0.0921767652034759,12.22658920288086,-0.9868934154510498,-0.9578288793563844,1.6722736358642578,-0.3884217441082001,-0.20093534886837,0.4165180921554565,-0.9777353732036196,-0.39449443134117135,0.09999990463256836
-1.9524714946746824,0.0825999602675437,8.139687538146973,-2.148082733154297,-0.9673025012016296,-1.334941864013672,0.2992059290409088,0.0051931603811681,0.6769750714302063,-2.1390328736024866,-0.6753360366452872,0.09999990463256836
-0.5877765417098999,0.393846184015274,9.418190956115724,-1.0452005863189695,-0.6005985140800476,0.2066164016723632,0.1330247968435287,-0.1897500902414322,0.7792403697967529,-1.0478731178069225,-0.7603059543950532,0.09999990463256836
-0.7218518257141113,1.191115379333496,8.477270126342773,-1.3440512418746948,0.1581450700759887,-1.874295234680176,-0.0725710839033126,-0.0869521424174308,0.7313035130500793,-1.2772078393865547,-0.7135195374173483,0.09999990463256836
-0.3483563363552093,1.138442873954773,10.696694374084473,-1.0769636631011963,0.0611636638641357,0.9569072723388672,0.0866858288645744,-0.0342215932905674,0.8010782599449158,-1.1169599496784255,-0.795319720842709,0.09999990463256836
-0.6739677786827087,1.708262920379639,9.748590469360352,-1.3605432510375977,0.2761292457580566,0.3339738845825195,0.1974732428789138,0.0355531722307205,0.8772445917129517,-1.3762057886028722,-0.8836693609072376,0.09999990463256836
0.2358288615942001,-0.0227449163794517,14.376583099365234,-0.7229128479957581,-1.2159743309020996,4.572976112365723,-0.0874847769737243,-0.2856238186359405,1.0311752557754517,-1.0174985294694294,-0.987473747862383,0.09999990463256836
-0.2549824714660644,-0.21188685297966,9.662399291992188,-1.0886659622192385,-1.2323790788650513,-1.1355533599853516,-0.212653249502182,0.0600542388856411,1.0476868152618408,-0.9893085713355826,-1.0279156364025033,0.09999990463256836
-0.690727174282074,0.4704606235027313,7.514800548553467,-1.266909956932068,-0.8270950317382812,-1.8693742752075195,0.2422143220901489,0.3753722608089447,1.277251124382019,-1.1735606146073232,-1.3247371838119593,0.09999990463256836
-0.1424549967050552,0.8918401598930359,9.28650951385498,-0.853613555431366,-0.2485699653625488,-0.641047477722168,-0.0661795064806938,0.1708416491746902,1.3502216339111328,-0.8282722269126388,-1.357668645618996,0.09999990463256836
0.3555389642715454,0.8487445116043091,10.284892082214355,-0.2299222350120544,-0.2230026721954345,0.560760498046875,0.1399490088224411,0.2368880063295364,1.3523521423339844,-0.2531422061637695,-1.3759777901144317,0.09999990463256836
-0.0131681095808744,1.3299790620803833,11.50114631652832,-0.6305225491523743,-0.164634108543396,2.1069154739379883,0.5356944799423218,0.0563258156180381,1.495097517967224,-0.7176420755139041,-1.5109459957045288,0.09999990463256836
-0.2669534981250763,-0.3363853394985199,12.468403816223145,-1.3454196453094482,-1.928773641586304,2.4097938537597656,-0.2472743242979049,-0.1503353267908096,1.617070198059082,-1.4904773346407794,-1.556457026331823,0.09999990463256836
-0.6404489278793335,0.2190694510936737,8.884284019470215,-2.0277082920074463,-1.0316877365112305,-1.7119112014770508,-0.3623228073120117,-0.0954742506146431,1.629853367805481,-1.8331517040007894,-1.5563625457300159,0.09999990463256836
-0.6643909811973572,0.6763619780540466,7.797316551208496,-1.8937101364135744,-0.5233678817749023,-1.7484664916992188,0.2763027548789978,0.0712395086884498,1.4620743989944458,-1.6828630906903983,-1.480320355268157,0.09999990463256836
-0.1663970202207565,0.7122750282287598,9.899425506591797,-1.5412051677703855,-0.3526946306228637,0.2236557006835937,0.1889511346817016,-0.0139815853908658,1.5462301969528198,-1.5409538396939497,-1.5454558591125476,0.09999990463256836
0.5494692921638489,0.9133879542350768,10.272920608520508,-0.9087809920310974,-0.2916802763938904,0.6178264617919922,0.3471427857875824,0.1079910993576049,1.31453537940979,-0.9661593991368363,-1.3505708213034362,0.09999990463256836
0.0203507151454687,0.180762231349945,10.13405704498291,-1.385210633277893,-1.129934787750244,0.4701194763183594,0.2874880135059356,0.1500690132379531,1.193627953529358,-1.4015103560818427,-1.2287302612130322,0.09999990463256836
-0.1927332431077957,-0.2477998733520507,10.725424766540527,-1.742781639099121,-1.4401061534881592,1.043900489807129,0.294412225484848,0.3838943839073181,1.4855101108551023,-1.8243845463077069,-1.548666817686031,0.09999990463256836
-0.8343793153762817,-1.1336544752120972,10.756549835205078,-2.273082971572876,-2.126098394393921,1.0366907119750977,0.1580584943294525,0.1031974181532859,2.118276834487915,-2.336179291778627,-2.120106411162226,0.09999990463256836
-0.3914519846439361,-0.851138710975647,8.975263595581055,-1.884399652481079,-1.7083548307418823,-0.7240915298461914,-0.0315584354102611,0.2693785429000854,2.2290642261505127,-1.7390025974191208,-2.221616733797723,0.09999990463256836
-0.7410054206848145,-1.7106571197509766,9.45410442352295,-2.010359287261963,-2.318626880645752,-0.2876825332641601,0.2571280002593994,0.395079642534256,2.3483736515045166,-1.9394755115074052,-2.384286037284791,0.09999990463256836
-0.8152256608009338,-1.581370234489441,10.481216430664062,-1.7622588872909546,-2.0047764778137207,0.7093639373779297,-0.1759016513824463,0.2640522122383117,2.447975873947144,-1.797351428912641,-2.4384815625565466,0.09999990463256836
-0.4153940081596374,-0.1855506300926208,8.944138526916504,-1.1833462715148926,-0.3662657141685486,-0.868682861328125,0.196940615773201,0.3918838500976562,2.2796642780303955,-1.1306227015440353,-2.2967344878573406,0.09999990463256836
1.0091559886932373,0.7864952683448792,10.021530151367188,0.2738131284713745,0.6244836449623108,0.2305917739868164,0.129829004406929,-0.0001331579551333,1.6192007064819336,0.26009679721253015,-1.6232925466938908,0.09999990463256836
0.3842693865299225,1.3419500589370728,9.67197608947754,-0.0941669344902038,1.0644272565841677,-0.1082658767700195,-0.1476721763610839,0.3583280444145202,0.9747162461280824,-0.09225855868337238,-0.9829054774024846,0.09999990463256836
0.6165069341659546,1.0235211849212646,10.998364448547363,0.3340467810630798,0.6733815670013428,1.1841106414794922,0.2358227372169494,0.2480732649564743,0.3659180700778961,0.3260206835749434,-0.37799879122435803,0.09999990463256836
0.2262520641088485,0.5183446407318115,10.06462574005127,0.1676597148180008,-0.0653613209724426,0.2406473159790039,0.0142479008063673,0.0792289823293685,-0.2998717129230499,0.1714126997320811,0.294035471028552,0.09999990463256836
0.9373299479484558,0.4752490520477295,8.18996524810791,0.9247263669967652,-0.341234028339386,-1.6362619400024414,0.6779071688652039,-0.0954742506146431,-0.3962780833244324,0.8899168466690034,0.41727993249313455,0.09999990463256836
0.6189011335372925,0.6428431272506714,8.82442855834961,0.6671183705329895,-0.1314033269882202,-0.9678125381469728,-0.1098553165793418,0.3039996027946472,-0.397875964641571,0.6403200756595503,0.366843931477121,0.09999990463256836
-0.1951274424791336,1.4688427448272705,9.142857551574709,0.0192282199859619,0.7984166741371155,-0.6214666366577148,-0.0422110706567764,-0.0400805436074733,-0.2098569422960281,-0.005350186014010647,0.2102497530139501,0.09999990463256836
-0.0107739074155688,1.885433793067932,10.069414138793944,0.1282855868339538,1.159334659576416,0.3099861145019531,0.0472710728645324,-0.1498026996850967,-0.3057306706905365,0.14279927135785586,0.3185363199751452,0.09999990463256836
0.1951274424791336,1.555034041404724,11.110891342163086,0.2122119069099426,0.7176556587219238,1.332780838012695,-0.0619184486567974,-0.1556616425514221,-0.1848232448101043,0.2453172212555433,0.19702484317886051,0.09999990463256836
0.2693476974964142,0.0610521435737609,12.578536987304688,0.2685956954956054,-0.5435922741889954,2.7359657287597656,-0.1753690242767334,-0.0954742506146431,-0.1219726875424385,0.3274757430791737,0.1244315599012806,0.09999990463256836
-0.0538695380091667,0.3722983598709106,7.505223751068115,-0.2530519962310791,-0.6116031408309937,-2.302996635437012,0.2864227592945099,-0.2004027217626571,-0.2071937769651413,-0.25740867787593935,0.22812515035391465,0.09999990463256836
0.2286462634801864,0.6715735793113708,8.374319076538086,-0.0951482281088829,-0.3760395050048828,-1.4028682708740234,0.3391533195972442,-0.235556423664093,-0.1193095296621322,-0.07963781036930462,0.14184132974299882,0.09999990463256836
0.2142810523509979,1.5765818357467651,9.044695854187012,-0.2344679534435272,0.4006829261779785,-0.6772193908691406,0.1101216301321983,-0.0645816102623939,0.0037284228019416,-0.21973013887307086,0.001978997722022276,0.09999990463256836
0.2023100405931472,2.12485408782959,10.25855541229248,-0.2732433974742889,0.8060942888259888,0.5647335052490234,0.0840226709842681,-0.0304931718856096,-0.0090547408908605,-0.29077916288819206,0.011100338645849216,0.09999990463256836
0.3675099611282348,1.8830395936965945,10.725424766540527,-0.0490497946739196,0.52616286277771,1.002763748168945,-0.0976047813892364,0.2246374636888504,-0.0335558056831359,-0.07064450766610914,0.0023409303032464156,0.09999990463256836
0.7026981711387634,0.2956839203834533,13.098078727722168,0.4175305366516113,-0.7114558815956116,3.27309513092041,0.1926795542240142,0.0765658244490623,-0.1358211189508438,0.39579417706261233,0.12525634870502766,0.09999990463256836
0.8535329103469849,0.5446808934211731,9.494805335998535,0.5164697170257568,-0.5392869114875793,-0.2995519638061523,-0.027297381311655,-0.2259690463542938,-0.2908169627189636,0.5207659766110044,0.31575531450494176,0.09999990463256836
-0.1113303825259208,1.3060370683670044,7.447762966156006,-0.3027077317237854,0.0893925428390502,-2.28632926940918,0.0472710728645324,0.1266332119703292,-0.3446127772331238,-0.3086850933054092,0.3250056347856354,0.09999990463256836
0.0562637411057949,1.643619418144226,9.442132949829102,-0.0156867802143096,0.2748125791549682,-0.2468900680541992,0.1868206113576889,-0.1162468940019607,-0.0932105705142021,-0.018701779344752388,0.11212944668443585,0.09999990463256836
-0.3866635859012604,1.138442873954773,11.924920082092283,-0.4968760907649994,-0.3128468990325928,2.225733757019043,-0.1274321675300598,0.0318247526884079,-0.029827382415533,-0.47337270293119116,0.02311084460179087,0.09999990463256836
-0.9229647517204284,0.0778115540742874,13.201029777526855,-0.9835129976272584,-1.1242469549179075,3.4181957244873047,-0.4006722867488861,0.002530001103878,0.2444780021905899,-0.9317715518814735,-0.24906689087899528,0.09999990463256836
-1.159990668296814,0.6524199843406677,8.300098419189453,-1.3248951435089111,-0.7223519682884216,-1.4715290069580078,-0.1050616279244422,-0.266981691122055,0.3515369892120361,-1.3331544215465316,-0.30896317261573814,0.09999990463256836
-0.1376665979623794,1.2964602708816528,6.214748859405518,-0.526088535785675,-0.1985512971878051,-3.4963998794555664,0.2683132886886596,0.0238352734595537,0.1299621611833572,-0.4655032399497357,-0.1367372023665745,0.09999990463256836
0.4321534037590027,1.7058687210083008,8.984840393066406,-0.075723797082901,0.1334915161132812,-0.6561651229858398,0.1117195263504982,-0.1641837656497955,0.0303600132465362,-0.05716639912207462,-0.0055136544817477665,0.09999990463256836
0.4273650050163269,1.8112136125564573,10.368688583374023,-0.0424698889255523,0.160845398902893,0.7316875457763672,0.0398142300546169,0.2075932472944259,-0.1145158410072326,-0.0616980018757395,0.07499884992290873,0.09999990463256836
0.2980781197547912,1.380257248878479,10.385448455810549,-0.0492423772811889,-0.1534520387649536,0.6902856826782227,-0.2195774614810943,0.128763735294342,-0.0708400309085846,-0.05788449173374742,0.051641777810970096,0.09999990463256836
0.8032546639442444,0.6955155730247498,11.158775329589844,0.5781129598617554,-0.4936338663101196,2.64340877532959,0.1767006069421768,0.0755005627870559,-0.3579285740852356,0.5332800975298111,0.3418934103247825,0.09999990463256836
0.2382230758666992,0.5231330990791321,9.731831550598145,0.1933409124612808,-0.6487491130828857,-0.2928810119628906,-0.3585943877696991,0.1729721873998642,-0.320644348859787,0.18942749886791946,0.2925149284487903,0.09999990463256836
-0.1783680319786071,1.3563152551651,7.36396598815918,0.0009349882602691,0.1524327993392944,-2.441162109375,0.1026647835969924,0.1090563684701919,-0.2327601015567779,-0.08706860243127153,0.22001679821289002,0.09999990463256836
-0.0921767652034759,1.646013617515564,9.784503936767578,0.128949224948883,0.379618763923645,-0.2460441589355468,-0.027297381311655,-0.0081226350739598,-0.2514022290706634,0.11954517171235705,0.24875883445711056,0.09999990463256836
-0.5710170865058899,0.93254154920578,11.537059783935549,-0.2628219425678253,-0.3296483159065246,1.317708969116211,-0.1567269116640091,-0.0587226599454879,-0.109722152352333,-0.2024551843936769,0.10903825280914092,0.09999990463256836
-0.5063736438751221,0.2501940727233886,12.81077480316162,-0.36772620677948,-0.7222939729690552,2.4980640411376958,-0.3367564678192138,-0.102398470044136,0.1544632315635681,-0.2643412384072201,-0.15601195126868778,0.09999990463256836
-1.3227964639663696,0.8152256608009338,7.960122108459473,-1.2384945154190063,-0.3666261434555053,-1.90490198135376,0.2640522122383117,-0.1354216337203979,0.2045306265354156,-1.2887314824483436,-0.17667469744632722,0.09999990463256836
0.0371101275086402,0.6931213736534119,8.046313285827637,-0.1312211155891418,-0.6958109140396118,-1.094985008239746,0.4014712274074554,-0.3356912136077881,0.1794969290494918,-0.1416556889076286,-0.1281775872450497,0.09999990463256836
0.5398924946784973,1.5981296300888062,7.852383136749268,0.11168073117733,0.0606021881103515,-2.1799936294555664,-0.033156331628561,-0.0672447681427002,0.1960085034370422,0.14875954761232885,-0.18186117629740933,0.09999990463256836
0.6356605291366577,1.9572598934173584,10.399813652038574,0.2027562856674194,0.5729262828826904,0.8580942153930664,0.0201068520545959,0.0978710949420929,-0.0069242138415575,0.18692982565731964,-0.008471849651012673,0.09999990463256836
0.6117185354232788,1.483207941055298,11.685500144958496,0.0546736717224121,0.5843266248703003,2.034709930419922,-0.1375521719455719,0.0110521102324128,-0.1683116555213928,0.029182881948454597,0.16637474909606906,0.09999990463256836
0.6117185354232788,0.7170634269714355,12.480375289916992,0.4029602408409118,-0.5715774297714233,3.2926902770996094,-0.1103879436850547,0.151666909456253,-0.2881538271903991,0.37480310741828166,0.26771535728068296,0.09999990463256836
0.5327098965644836,0.3148375153541565,9.468469619750977,0.3243959248065948,-0.8684936165809631,-0.3682746887207031,0.0312921181321144,-0.1508679687976837,-0.3323622643947601,0.32570480333797913,0.3498965491293702,0.09999990463256836
-0.4058171808719635,0.997184991836548,7.160458564758301,-0.3529484272003174,-0.4698326587677002,-2.3521270751953125,0.2656501233577728,0.2304964214563369,-0.3307643532752991,-0.3790368302707159,0.29470797637712576,0.09999990463256836
-0.9133879542350768,1.5454572439193726,9.30805778503418,-0.7945070266723633,0.0696768760681152,-0.5995206832885742,0.0211721155792474,0.1266332119703292,0.0511326566338539,-0.8132039757402988,-0.07012771707369345,0.09999990463256836
-1.114500880241394,1.624465823173523,10.035895347595217,-0.9499613046646118,0.0629290342330932,0.4338254928588867,0.1932121962308883,0.024367906153202,0.3382211923599243,-0.9363906683897607,-0.33136979870954336,0.09999990463256836
-1.0642226934432983,0.6931213736534119,11.142016410827637,-0.945228099822998,-0.8628519177436829,1.040264129638672,-0.2739059031009674,-0.1226384788751602,0.7499455809593201,-0.9222675807048015,-0.7231124145953384,0.09999990463256836
-1.5765818357467651,0.4082113802433014,9.15004062652588,-1.62771475315094,-1.028143286705017,0.2201690673828125,0.2720417082309723,0.0275636967271566,0.8596677780151367,-1.6275495494723804,-0.8524742493012712,0.09999990463256836
-0.7960720658302307,-0.0538695380091667,9.906607627868652,-1.163569688796997,-1.3591865301132202,0.1467485427856445,-0.3186469972133636,-0.0933437272906303,1.0924278497695925,-1.1634452226106173,-1.068462403739559,0.09999990463256836
-0.4944026470184326,0.8966285586357117,7.287351608276367,-1.010474443435669,-0.4824719429016113,-2.7496981620788574,0.0131826372817158,-0.1173121556639671,0.8538088202476501,-0.9351611166618461,-0.8279358214351707,0.09999990463256836
-0.9900023937225342,0.9995791912078856,10.385448455810549,-1.6377789974212646,-0.3062078952789306,0.3978214263916015,0.0291615929454565,0.0936100408434867,0.8900277614593506,-1.6495058556385196,-0.8948098648587247,0.09999990463256836
-0.7386112213134766,1.3922282457351685,10.77809715270996,-1.441421627998352,0.033656358718872,1.121530532836914,0.2347574681043625,0.1580584943294525,0.8181225061416626,-1.4873574611982265,-0.842041377347247,0.09999990463256836
-0.3387795388698578,1.5454572439193726,10.557830810546877,-0.9021660089492798,-0.0910375118255615,0.6516819000244141,0.130894273519516,0.0121173737570643,0.8602004051208496,-0.9272543115676753,-0.855123861959642,0.09999990463256836
0.2621650993824005,0.8750807046890259,9.791686058044434,-0.3931616246700287,-0.7934914827346802,0.8859758377075195,0.4595280885696411,0.306662768125534,0.9166593551635742,-0.4298371277537651,-0.9780087805709105,0.09999990463256836
0.7242460250854492,0.3435679376125335,9.995193481445312,-0.0681747794151306,-1.4329125881195068,-0.3261470794677734,-0.0906805694103241,0.0515321269631385,0.808535099029541,-0.03150794453489037,-0.7954749733143343,0.09999990463256836
-0.3555389642715454,1.0211269855499268,7.620145320892334,-0.7314670085906982,-0.9650642275810242,-1.685887336730957,0.1703090220689773,0.4840291738510132,0.8905603885650635,-0.6766193483952205,-0.9731040992930248,0.09999990463256836
-0.2190694510936737,1.6603789329528809,9.01357078552246,-0.6626996397972107,-0.218007206916809,-0.8390159606933594,-0.0997353047132492,0.2049300968647003,1.0626004934310913,-0.6525976038845042,-1.0809533574082497,0.09999990463256836
0.4153940081596374,2.088941097259521,9.923367500305176,-0.0146010816097259,0.3097988367080688,0.0755271911621093,-0.0512658134102821,0.2097237855195999,0.9161267280578612,-0.016176090108413792,-0.9385565016502102,0.09999990463256836
0.0730231553316116,2.3020248413085938,10.318410873413086,-0.1815302371978759,0.6969019174575806,1.0752620697021484,0.0264984332025051,0.2555301189422607,0.8575372099876404,-0.19203083757263933,-0.889976691139707,0.09999990463256836
-0.5877765417098999,0.6572083830833435,10.474034309387209,-0.9608752727508544,-0.7061072587966919,1.1086206436157229,-0.1854890286922454,0.112252153456211,0.8607330322265625,-0.9717303624336401,-0.8655219035751771,0.09999990463256836
-1.557428240776062,0.3675099611282348,8.616133689880371,-1.576141119003296,-0.8858405351638794,-0.7073278427124023,0.118111103773117,0.2054627239704132,1.0247836112976074,-1.5679479361324067,-1.0449521079994801,0.09999990463256836
0.1185129806399345,0.4106055796146393,9.549872398376465,-0.4437114000320434,-0.9131236672401428,0.5083723068237305,0.218778520822525,-0.1961416751146316,0.9624657034873962,-0.45186914296080904,-0.9327157463703702,0.09999990463256836
-0.3459621369838714,1.3443442583084106,8.563461303710938,-0.81551194190979,-0.0185835361480712,-1.4773035049438477,0.0217047464102506,0.118111103773117,0.6423539519309998,-0.7612138783721419,-0.6531412324507656,0.09999990463256836
-0.4393360018730163,1.928529500961304,9.964069366455078,-1.0210469961166382,0.4019907712936401,0.3182888031005859,0.1782985031604766,-0.0517984442412853,0.6689855456352234,-1.0332355341316348,-0.6589458277691053,0.09999990463256836
-0.3220201432704925,1.4712369441986084,11.113286018371582,-1.014950156211853,0.0909680128097534,1.1537046432495115,-0.0358194895088672,0.0312921181321144,0.5539370775222778,-1.067009306547501,-0.5492498197191654,0.09999990463256836
-0.2382230758666992,0.5877765417098999,10.567407608032228,-1.1719480752944946,-0.5831431150436401,0.399113655090332,-0.1018658354878425,-0.3633880615234375,0.6210486888885498,-1.1868740235340187,-0.5444913800928524,0.09999990463256836
-0.0275333188474178,0.0395043268799781,9.475651741027832,-1.1444469690322876,-1.4845541715621948,-0.2362537384033203,0.7056040167808533,0.1708416491746902,0.7824361324310303,-1.0920202464261626,-0.8606243141527973,0.09999990463256836
-0.0083797061815857,0.120907187461853,10.299257278442385,-1.1163122653961182,-1.4369111061096191,0.6257095336914062,-0.0097205303609371,0.2725743353366852,0.9321056604385376,-1.1411253044669147,-0.9597035442044737,0.09999990463256836
-0.997184991836548,1.047463297843933,8.539519309997559,-1.9189352989196775,-0.4918693304061889,-1.1203794479370115,-0.108257420361042,0.3098585605621338,1.1946932077407837,-1.8243490391452137,-1.2185606868372094,0.09999990463256836
0.0514753349125385,0.9469067454338074,9.774927139282228,-0.8244730830192566,-0.5455366373062134,0.1081752777099609,0.2789659202098846,0.074435293674469,1.2745879888534546,-0.8220581625761543,-1.285849171038436,0.09999990463256836
0.4991910457611084,1.1528080701828003,10.28249740600586,-0.43366140127182,-0.4915716648101806,0.6448478698730469,0.1569932252168655,0.2986733019351959,1.2841752767562866,-0.47115717367784077,-1.3246314823773113,0.09999990463256836
-0.1663970202207565,0.7338228225708008,10.023923873901367,-0.8981190919876099,-0.9783672094345092,0.3687705993652344,-0.0960068851709365,0.3556649088859558,1.252750039100647,-0.9052728350329692,-1.2898237445213083,0.09999990463256836
-1.0283095836639404,0.750582218170166,9.710283279418944,-1.655976176261902,-0.732363224029541,-0.0043697357177734,-0.0832237228751182,0.3593933284282684,1.2463585138320925,-1.6480992689454614,-1.2830335370087664,0.09999990463256836
-0.3100491166114807,0.3866635859012604,10.0765962600708,-0.9831116199493408,-0.8575661182403564,0.3445615768432617,-0.2440785318613052,-0.2089248299598693,1.1845731735229492,-0.9914453232125623,-1.1330824869077234,0.09999990463256836
-0.2214636504650116,1.3060370683670044,6.662464618682861,-1.0540733337402344,-0.0546069145202636,-3.02180290222168,0.1420795321464538,0.1761679798364639,0.867124617099762,-0.8626419441363075,-0.8907679928228454,0.09999990463256836
-0.2573766708374023,1.3563152551651,10.660781860351562,-1.0311639308929443,0.1397206783294677,0.9693727493286132,0.0653805583715438,0.0547279193997383,0.8202530145645142,-1.0833108808310314,-0.8226565795855328,0.09999990463256836
-0.0993593707680702,1.9572598934173584,9.698312759399414,-0.9435545206069946,0.5473434925079346,0.0265607833862304,0.1000016257166862,0.1143826842308044,0.4048001766204834,-0.9466885524369283,-0.4230238882682329,0.09999990463256836
0.4225766062736511,1.7274165153503418,10.220248222351074,-0.3570185899734497,0.2113666534423828,0.5254592895507812,0.2086585164070129,0.0627174004912376,0.2205095738172531,-0.38733817384247266,-0.2392978817596768,0.09999990463256836
-0.3675099611282348,0.2693476974964142,11.786056518554688,-0.9373081922531128,-1.0603656768798828,2.0322694778442383,-0.2339585274457931,0.3428817391395569,0.2663159072399139,-1.00242861403585,-0.30406139701357393,0.09999990463256836
0.6380547285079956,0.4752490520477295,8.386289596557617,-0.0696595013141632,-1.107205867767334,-1.307159423828125,-0.0661795064806938,-0.180162712931633,0.1203747913241386,0.0037768226267099053,-0.08480730301322781,0.09999990463256836
0.0035913025494664,1.013944387435913,7.768586158752441,-0.5501325130462646,-0.5303014516830444,-1.922972679138184,0.1415469050407409,0.2273006290197372,0.1624527126550674,-0.4817671036601249,-0.2024903869502662,0.09999990463256836
0.180762231349945,1.7633295059204102,8.97765827178955,-0.2206980884075164,0.2956298589706421,-0.688446044921875,-0.1119858399033546,0.1314269006252288,0.1427453309297561,-0.20874154092724165,-0.15959069930552092,0.09999990463256836
0.3866635859012604,2.050633668899536,10.445303916931152,0.02170991897583,0.6060981750488281,0.7700643539428711,-0.0565921291708946,0.0909468829631805,0.0266315918415784,0.008850788555233465,-0.039601268834146205,0.09999990463256836
0.3986345827579498,1.4616601467132568,11.347917556762695,0.1766753792762756,0.0221322774887084,1.6386537551879885,0.0035952648613601,0.1681784987449646,-0.0511326566338539,0.17593340054765594,0.024524409865283734,0.09999990463256836
-0.1640028208494186,0.0849941596388816,11.891401290893556,0.0046294331550598,-1.1607640981674194,2.145193099975586,-0.4672512710094452,0.4376901984214782,0.0335558056831359,0.08169473621067509,-0.1104570517647455,0.09999990463256836
0.3148375153541565,0.6859387755393982,6.715137004852295,0.4572975635528564,-0.8306283354759216,-2.9850616455078125,0.1367532163858413,-0.3735080659389496,-0.0948084667325019,0.3442184279639248,0.15907467605654757,0.09999990463256836
1.2533645629882812,0.8056488633155823,10.234613418579102,1.0733698606491089,-0.4778873324394226,0.4909029006958008,0.2288985252380371,-0.1972069293260574,-0.4479433596134186,1.0749512491630389,0.47181214128683424,0.09999990463256836
0.9493009448051452,1.5526398420333862,8.776544570922852,0.5994287133216858,0.1429563760757446,-0.9205913543701172,0.0893489867448806,-0.1721732318401336,-0.5709813237190247,0.611289107790653,0.5892403129675011,0.09999990463256836
0.4991910457611084,1.373074650764465,10.119691848754885,0.3129463195800781,-0.1126013994216919,0.4456949234008789,0.0818921402096748,0.091479517519474,-0.8916256427764893,0.31428538438061415,0.8658317440012739,0.09999990463256836
0.8535329103469849,1.535880446434021,10.055048942565918,0.8708456158638,-0.0492020845413208,0.3848285675048828,-0.0288952756673097,0.0451405458152294,-1.215465784072876,0.8792056736245548,1.1891718892963024,0.09999990463256836
1.258152961730957,-0.4153940081596374,11.857882499694824,1.4507076740264893,-1.5501277446746826,2.0959930419921875,-0.3399522602558136,-0.085354246199131,-1.1962910890579224,1.5266699727921167,1.182503478682617,0.09999990463256836
1.8375498056411743,0.4584896266460418,8.082226753234863,2.197264671325684,-0.5248326063156128,-1.6957368850708008,-0.0374173857271671,0.2954775094985962,-1.5169354677200315,2.0879805138475787,1.4713862310916286,0.09999990463256836
0.5015852451324463,0.4800374507904053,8.4293851852417,1.243089199066162,-0.3788437247276306,-1.3190279006958008,0.4217112362384796,0.1942774504423141,-1.3901690244674685,1.100631229623654,1.3996973975568834,0.09999990463256836
0.5351040959358215,1.095347285270691,9.422979354858398,1.4176130294799805,0.1565768718719482,-0.2607307434082031,0.2065279930830001,0.0030626328662037,-1.424257516860962,1.3727409878483454,1.4303458621602423,0.09999990463256836
-0.4441244006156921,0.9421183466911316,11.041460037231444,0.649242103099823,0.0022096633911132,1.374128341674805,0.1830921918153762,0.174570083618164,-1.1222552061080933,0.8184463551946295,1.11236089518191,0.09999990463256836
-0.1855506300926208,1.3634978532791138,9.015965461730955,0.9932865500450134,0.3263367414474487,-0.6399946212768555,0.0770984590053558,0.0270310640335083,-1.0120004415512085,0.8891739566967506,1.0029829822203518,0.09999990463256836
0.2238578647375106,-0.3220201432704925,13.244125366210938,1.57348370552063,-0.8110426664352417,3.534357070922852,0.218778520822525,-0.2131858915090561,-1.205878496170044,2.0796762718310395,1.2356035574718163,0.09999990463256836
0.4082113802433014,-0.6236895322799683,9.636063575744627,1.6041932106018066,-1.3264226913452148,-0.0493850708007812,-0.2733732759952545,-0.3559312224388122,-1.3454279899597168,1.5488368766431777,1.3162129761236947,0.09999990463256836
0.456095427274704,0.1616086214780807,7.09342098236084,1.4777910709381104,-0.4861880838871002,-2.624955654144287,0.1729721873998642,-0.2994722425937652,-1.6192007064819336,1.1227123821179323,1.6458000431559927,0.09999990463256836
-0.4824316501617431,0.5135562419891357,9.741408348083496,0.2432928681373596,0.100503385066986,-0.0085954666137695,0.0488689690828323,-0.2382195889949798,-1.4695311784744265,0.2407144991499011,1.477553507779355,0.09999990463256836
-0.7912836670875549,1.1192892789840698,9.616909980773926,-0.3396419882774353,0.6845507025718689,-0.1534099578857422,0.150601640343666,-0.4400870501995086,-1.2266510725021362,-0.34602747606737627,1.2554934515760785,0.09999990463256836
-0.5494692921638489,0.5973533391952515,10.70866584777832,-0.2327915430068969,0.273697018623352,0.7925376892089844,-0.062983714044094,-0.12423637509346,-1.0737857818603516,-0.1926053296078531,1.0744835977836007,0.09999990463256836
-0.0849941596388816,-0.2597708702087402,10.320804595947266,0.0279838740825653,-0.2450760602951049,0.1009063720703125,-0.4523375630378723,0.0179763231426477,-0.8937562108039856,0.0325410347372034,0.8690473438923861,0.09999990463256836
1.1216834783554075,-0.1304839998483657,7.957727909088135,1.1364940404891968,-0.2110482454299926,-1.0653715133666992,0.5985450148582458,-0.1173121556639671,-1.0945583581924438,1.1050126235892435,1.113503044238654,0.09999990463256836
1.1504138708114624,-0.2669534981250763,10.983999252319336,1.202562689781189,-0.3876815438270569,1.886402130126953,0.1314269006252288,0.2768353819847107,-1.0151962041854858,1.245901375152206,1.0138322763868555,0.09999990463256836
0.4393360018730163,0.9445125460624696,7.782951354980469,0.6398850679397583,0.5915342569351196,-2.5323047637939453,0.0664458200335502,-0.0203731674700975,-0.9486172795295716,0.5305192070683854,0.9505967781283374,0.09999990463256836
-0.0179565120488405,1.04028058052063,10.289680480957031,0.4105367064476013,0.6120541095733643,0.4464540481567383,0.1447426974773407,0.1101216301321983,-0.8197203874588013,0.4346772769778844,0.8200795369660488,0.09999990463256836
-0.1113303825259208,1.0019733905792236,11.553818702697754,0.1671043336391449,0.4560303092002868,1.6274824142456057,0.1916143000125885,-0.1194426864385604,-0.5166528820991516,0.26849320024701634,0.5341946769103171,0.09999990463256836
-0.6308721303939819,0.0778115540742874,12.087725639343262,-0.3042240142822265,-0.0942914187908172,1.4468050003051758,-0.5918871164321899,0.6235787272453308,-0.1475390195846557,-0.18303753973294867,0.06085072592287599,0.09999990463256836
-0.2861070930957794,0.5590460896492004,7.186794757843018,0.2247703671455383,-0.3638576865196228,-1.7183609008789062,1.1365031003952026,-0.3021354079246521,-0.3861580789089203,0.08262095238115102,0.5008565851943443,0.09999990463256836
0.6667851805686951,0.2693476974964142,10.418967247009276,1.037361979484558,-0.6687676310539246,0.3034009933471679,-0.2637858986854553,-0.266981691122055,-0.3675159513950348,1.0482446651996329,0.3742856975959472,0.09999990463256836
-0.0227449163794517,1.3850456476211548,8.101380348205566,0.2402317523956298,0.2785959243774414,-1.706772804260254,0.0936100408434867,-0.1849564015865326,-0.4346275627613067,0.15228047341605594,0.45671673661322965,0.09999990463256836
-0.1759738177061081,1.9812018871307373,9.154829025268556,0.0392625033855438,0.9643436670303344,-0.6964654922485352,-0.0326237007975578,-0.1002679392695427,-0.4458128213882446,0.013982934526471938,0.45250658275233163,0.09999990463256836
0.4417302012443542,1.4425065517425537,11.132439613342283,0.3537095785140991,0.578824520111084,1.262009620666504,0.06964161247015,-0.2206427305936813,-0.442084401845932,0.3882115342213804,0.4661148099569837,0.09999990463256836
0.2549824714660644,0.7242460250854492,10.845134735107422,0.2691361308097839,0.0906308889389038,0.7756099700927734,-0.2989396154880523,-0.003861580742523,-0.4633896946907043,0.2886385164213705,0.4536006540258245,0.09999990463256836
0.788889467716217,-0.1616086214780807,9.8970308303833,0.6326904296875,-0.9679530262947084,0.7533073425292969,0.4984102249145508,-0.0384826473891735,-0.774979293346405,0.6523478053599613,0.7901039803310541,0.09999990463256836
0.333991140127182,-0.0490811355412006,9.492411613464355,0.368516743183136,-1.1107789278030396,-0.244333267211914,0.06964161247015,-0.1093226820230484,-0.8751140832901001,0.35843838780617476,0.8833750200992911,0.09999990463256836
-0.0107739074155688,1.2557587623596191,7.500435352325439,0.0607127845287323,-0.0735590457916259,-2.4236278533935547,0.1197089999914169,-0.015579480677843,-0.7803056240081787,-0.030085314109041347,0.77951041683324,0.09999990463256836
0.7577648162841797,1.5143325328826904,9.576208114624023,0.9390486478805542,0.2843973636627197,0.0555610656738281,0.2150501012802124,-0.0320910662412643,-0.7941540479660034,0.9413255066854888,0.7997488607891712,0.09999990463256836
0.8918401598930359,1.1025298833847046,11.278485298156738,1.2207894325256348,-0.0500611066818237,1.5137319564819336,0.0494015999138355,-0.0486026518046855,-0.8042740225791931,1.2949423140687006,0.8050001556790204,0.09999990463256836
0.6859387755393982,-0.628477931022644,10.476428031921388,1.0670166015625,-1.215226173400879,-0.0093793869018554,-0.3271690905094147,0.1676458716392517,-1.1286468505859375,1.0486646816389673,1.0669060732707163,0.09999990463256836
0.3268085420131683,0.2238578647375106,6.844424247741699,1.2700341939926147,-1.0155808925628662,-1.95391845703125,0.7775092720985413,0.2384859025478363,-1.3550153970718384,1.0468040906780005,1.3822563906696679,0.09999990463256836
1.1528080701828003,0.1089361757040023,11.268908500671388,1.875503659248352,-0.8737276792526245,2.047165870666504,-0.0486026518046855,-0.2078595608472824,-1.634647011756897,2.06779646976848,1.6317401754012302,0.09999990463256836
1.4233529567718506,0.1640028208494186,10.253767013549805,2.1826815605163574,-0.5243838429450989,0.4241847991943359,-0.135954275727272,-0.2728406488895416,-2.0469040870666504,2.1987034776297274,2.0430145488454117,0.09999990463256836
-0.0442927330732345,-0.0083797061815857,9.55705451965332,0.6059457659721375,-0.6260185837745667,-0.077005386352539,0.1261005848646164,-0.0741689801216125,-2.186986207962036,0.5902331875023977,2.1891420233057053,0.09999990463256836
-0.0682347491383552,-0.5829881429672241,11.051036834716797,0.6492470502853394,-1.0971235036849976,1.2692184448242188,0.3109238147735595,-0.2174469381570816,-2.2855231761932373,0.7418506156551941,2.313080925002038,0.09999990463256836
-0.5446808934211731,-0.3914519846439361,9.906607627868652,0.1328056454658508,-0.8017632961273193,-0.3097982406616211,0.0392815954983234,0.1362205892801284,-2.099102020263672,0.0948576035898078,2.074714293268042,0.09999990463256836
1.0977414846420288,-0.6404489278793335,9.408614158630373,1.7468292713165283,-1.2816073894500732,0.5762462615966797,0.530900776386261,-0.521047055721283,-2.2956430912017822,1.7768085656776884,2.36191529267234,0.09999990463256836
0.5327098965644836,-1.2749123573303225,11.551424980163574,1.0883753299713137,-1.7627241611480713,1.281052589416504,-0.3143859207630157,-0.0150468489155173,-2.2897841930389404,1.1833229033261778,2.252372266070896,0.09999990463256836
0.8798691034317017,0.1424549967050552,8.896254539489746,1.3171597719192505,-0.1872521638870239,-1.2272768020629885,-0.0033289489801973,-0.3133206665515899,-2.190181970596313,1.2122282644692193,2.1929099681391024,0.09999990463256836
-0.1735796183347702,-0.3220201432704925,10.543465614318848,0.3624253571033478,-0.4659236967563629,0.6992893218994141,0.1729721873998642,-0.0379500165581703,-1.9483672380447388,0.4070969424606898,1.9559387532732107,0.09999990463256836
0.1975216418504715,-0.2310404628515243,10.263343811035156,0.4059575200080871,-0.4090490937232971,0.2472896575927734,0.0930774137377739,-0.5024049878120422,-1.6559523344039917,0.4152929908744017,1.6740601445771262,0.09999990463256836
-0.0825999602675437,0.0682347491383552,9.980828285217283,0.0421701744198799,-0.2084270119667053,0.1782331466674804,0.0350205413997173,-0.1114532053470611,-1.3747227191925049,0.04453038385497156,1.3779487832513633,0.09999990463256836
-0.6404489278793335,0.0251391176134347,10.531495094299316,-0.5518099069595337,-0.2950171232223511,0.902024269104004,0.195875346660614,-0.1567269116640091,-1.0807099342346191,-0.5413886863895752,1.0873926170395074,0.09999990463256836
-0.2645592987537384,0.2789244949817657,10.55064868927002,-0.4799090325832367,-0.2091301083564758,0.1028499603271484,-0.0757668763399124,-0.2265016883611679,-0.7046719193458557,-0.47885274652744286,0.7147030934634662,0.09999990463256836
-0.1903390288352966,0.910993754863739,8.604162216186523,-0.3742239475250244,0.2743154764175415,-1.533538818359375,-0.015579480677843,-0.1114532053470611,-0.7520761489868164,-0.36651771656796867,0.7580109120989119,0.09999990463256836
-0.3722983598709106,1.4664485454559326,8.60655689239502,-0.6347368955612183,0.6173346638679504,-1.241718292236328,0.262986958026886,-0.0992026776075363,-0.561926543712616,-0.6191349807629847,0.5648259509041691,0.09999990463256836
-0.9445125460624696,2.12485408782959,10.174758911132812,-1.335235834121704,1.1407591104507446,0.4018402099609375,0.2496711611747741,-0.052863709628582,-0.2434127479791641,-1.3440236758462498,0.24327253231931237,0.09999990463256836
-0.3507505357265472,1.9548656940460205,11.09652614593506,-0.7785207629203796,0.841762900352478,1.3288259506225586,-0.080560564994812,-0.0651142373681068,-0.0074568456038832,-0.8084821520846517,0.017010736286560336,0.09999990463256836
0.0825999602675437,-0.0155623108148574,12.554594993591309,-0.274239718914032,-0.8716966509819031,2.728810310363769,-0.455533355474472,-0.1844237744808197,0.0319579094648361,-0.3113193710120125,-0.007895308261267428,0.09999990463256836
0.3124433159828186,0.3172317147254944,7.342418193817139,-0.2077096849679947,-0.7531672120094299,-2.462313652038574,0.1830921918153762,-0.1572595387697219,0.1241032108664512,-0.13001918745322724,-0.1104892900296764,0.09999990463256836
-0.4944026470184326,0.2501940727233886,9.68155288696289,-1.0410293340682983,-0.8786062002182007,-0.0933866500854492,0.0318247526884079,0.3274354040622711,0.2135853618383407,-1.0331874708617468,-0.25306992042472815,0.09999990463256836
-0.8774749040603638,1.380257248878479,8.02955436706543,-1.2185360193252563,0.1737037897109985,-1.7066659927368164,-0.0139815853908658,0.1585911214351654,0.5171855092048645,-1.1973677419054223,-0.533283063114404,0.09999990463256836
-0.3555389642715454,1.6699557304382324,9.607333183288574,-0.7489216923713684,0.47382652759552,-0.1138877868652343,0.0280963294208049,-0.1178447902202606,0.8010782599449158,-0.7477630474245459,-0.7793120398789568,0.09999990463256836
-0.9253589510917664,1.159990668296814,11.10370922088623,-1.4226570129394531,-0.0657817125320434,1.3730669021606443,0.1170458421111106,-0.0464721247553825,1.0610026121139526,-1.4599605769118935,-1.0483104248358324,0.09999990463256836
-0.7146692276000977,0.0706289485096931,10.74218463897705,-1.4594318866729736,-1.2878834009170532,1.0230093002319336,-0.1540637612342834,-0.2153164148330688,1.2857731580734253,-1.4992611526503694,-1.2303927785881175,0.09999990463256836
-1.1240776777267456,-0.2286462634801864,9.039907455444336,-2.109170436859131,-1.5423754453659058,-0.7053928375244141,0.3125217258930206,0.1782985031604766,1.4024195671081543,-2.0255164752021733,-1.433533520321243,0.09999990463256836
0.1424549967050552,0.0227449163794517,10.730213165283203,-0.8847171068191528,-0.9553616046905518,0.9568243026733398,0.0611195005476474,0.0952079370617866,1.3715269565582275,-0.9480896878647773,-1.3741934735945107,0.09999990463256836
0.1568202078342437,1.1863269805908203,8.268974304199219,-0.7579171657562256,0.2200372219085693,-1.470846176147461,-0.0715058222413063,0.2411490529775619,1.0498173236846924,-0.6523390671511826,-1.0618065543225261,0.09999990463256836
0.645237386226654,1.8471266031265257,9.856329917907717,-0.1263332366943359,0.8596152067184448,0.1209774017333984,0.119176372885704,0.0984037294983863,0.7669898271560669,-0.13798081878884,-0.7786374478681568,0.09999990463256836
0.456095427274704,2.021903276443481,9.825204849243164,-0.2399436831474304,0.920584201812744,0.0899581909179687,0.0824247747659683,0.1500690132379531,0.5917539596557617,-0.24910745288203698,-0.6088148946607319,0.09999990463256836
1.5095441341400146,2.1487960815429688,10.050260543823242,0.8444366455078125,1.0338411331176758,0.2952404022216797,0.0536626577377319,0.1878858804702758,0.1725727170705795,0.8236864448443749,-0.19637080708457927,0.09999990463256836
0.9876081943511964,0.8655039072036743,11.61367416381836,0.6215671300888062,-0.0598478317260742,1.8000802993774414,-0.1583248078823089,0.4808333814144134,-0.0319579094648361,0.59459063009508,-0.014829545544570263,0.09999990463256836
1.7298107147216797,1.1288660764694214,8.290521621704102,1.4682190418243408,-0.0882061719894409,-1.486598014831543,0.2027995586395263,0.0115847419947385,-0.5784381628036499,1.474826642657931,0.5709820559864013,0.09999990463256836
1.162384867668152,1.035492181777954,8.462904930114746,1.0935804843902588,-0.2946346998214721,-1.2948064804077148,0.4728438854217529,0.1532648056745529,-0.8522109389305115,1.0734071288689762,0.8285682544150577,0.09999990463256836
0.3579331636428833,1.5765818357467651,9.018359184265137,0.4762828946113586,0.0901669263839721,-0.65716552734375,0.1271658539772033,0.0083889514207839,-0.8687224984169006,0.4540490391926394,0.860075259309105,0.09999990463256836
0.2789244949817657,1.7345991134643557,9.64564037322998,0.5141463279724121,0.0136554241180419,0.0159635543823242,0.1729721873998642,-0.107192151248455,-0.9118656516075134,0.5138919731425498,0.9230369895851885,0.09999990463256836
-0.2669534981250763,0.970848798751831,8.448538780212402,-0.0135683715343475,-0.8783406019210815,-1.178095817565918,-0.1764342933893203,-0.0443415977060794,-0.5747097134590149,-0.07697333006716045,0.5631325808221034,0.09999990463256836
-0.1663970202207565,0.2621650993824005,8.110957145690918,-0.0969364941120147,-1.3791590929031372,-1.6283502578735352,0.7348987460136414,-0.0475373901426792,-0.7728487849235535,-0.15021529937172437,0.7902944564952552,0.09999990463256836
0.029927521944046,0.788889467716217,9.786897659301758,0.0935297608375549,-0.6291041970252991,0.0339984893798828,0.3775027990341186,-0.0613858178257942,-0.7643266916275024,0.09169593245291235,0.7752147644188931,0.09999990463256836
0.1424549967050552,1.4520833492279053,8.975263595581055,0.1416086703538894,-0.0611089468002319,-0.7064914703369141,-0.1663142889738083,-0.2526006400585174,-0.50706547498703,0.1259601659816714,0.5375411719090261,0.09999990463256836
-0.1137245818972587,1.8351556062698364,8.908226013183594,-0.1041146367788314,0.3207650184631347,-0.7658157348632812,-0.0645816102623939,-0.0011984215816482,-0.4708465337753296,-0.12032031133916526,0.463162766480627,0.09999990463256836
0.2023100405931472,1.3323732614517212,10.943297386169434,0.2056864202022552,-0.1196256875991821,1.2466917037963867,-0.107192151248455,0.0089215831831097,-0.5017392039299011,0.23281294253031007,0.491673852089899,0.09999990463256836
0.4177882075309753,-0.180762231349945,11.27609157562256,0.4083814024925232,-1.3696489334106443,1.5260438919067385,-0.7165229320526123,-0.4155859649181366,-0.4575307369232178,0.43642950107202344,0.49207476497074487,0.09999990463256836
0.829590916633606,0.4345476031303406,7.311293601989746,0.7407327890396118,-0.7392109632492065,-2.482701301574707,0.1143826842308044,-0.0065247397869825,-0.6391581892967224,0.7073631027768374,0.6362493575164291,0.09999990463256836
-0.3770867586135864,0.7577648162841797,8.307281494140625,-0.3263193964958191,-0.3669989109039306,-1.4742317199707031,0.2528669536113739,0.2320943176746368,-0.6183855533599854,-0.36703430818514327,0.5920371828759107,0.09999990463256836
-0.5303156971931458,1.5598224401474,8.415019989013672,-0.3461416959762573,0.3350019454956054,-1.3020124435424805,0.123970054090023,-0.0677774026989936,-0.355798065662384,-0.39644445685958535,0.36641744396850995,0.09999990463256836
0.0538695380091667,1.7848774194717407,10.184335708618164,0.1888512074947357,0.4801520109176636,0.4798088073730469,0.1415469050407409,-0.080560564994812,-0.2492716908454895,0.2080712196212296,0.2630621827685897,0.09999990463256836
-0.1089361757040023,1.1767501831054688,10.902595520019531,0.0724027454853057,-0.2077159881591797,1.1785755157470703,0.1479384899139404,0.1553953289985656,0.066046342253685,0.11815500922806553,-0.08238415386007077,0.09999990463256836
-0.5231330990791321,0.9181763529777528,12.272079467773438,-0.3512771427631378,-0.2434917688369751,2.4792518615722656,0.1436774283647537,-0.0789626687765121,0.0809600353240966,-0.2552174000124853,-0.0646783223472313,0.09999990463256836
-0.6667851805686951,0.7817068696022034,9.418190956115724,-0.5278477668762207,-0.4933966398239136,-0.3378190994262695,-0.4251733422279358,-0.0081226350739598,0.2892190814018249,-0.5416830807734091,-0.30052045696604995,0.09999990463256836
-0.1280897855758667,1.799242615699768,6.547543048858643,-0.1562879979610443,0.3658263683319092,-3.163827896118164,0.1420795321464538,-0.1881521940231323,0.1741705983877182,-0.2152394606125923,-0.14037821185332305,0.09999990463256836
0.393846184015274,1.7417817115783691,9.53311252593994,0.2229325771331787,0.363182783126831,-0.175119400024414,0.09733846783638,-0.0560594983398914,0.1091895252466201,0.22228417882786863,-0.09874842762825092,0.09999990463256836
0.4010287821292877,1.8136078119277956,10.107721328735352,0.1036327704787254,0.4396334886550903,0.3990688323974609,0.0792289823293685,0.0264984332025051,-0.0463389679789543,0.10256646394044468,0.04117677975876117,0.09999990463256836
0.4153940081596374,1.4688427448272705,10.088567733764648,0.1920886635780334,0.1468472480773925,0.4590473175048828,-0.1631184965372085,0.0227700099349021,-0.1102547869086265,0.19307845474773425,0.10504924662187633,0.09999990463256836
0.568622887134552,0.9373299479484558,10.138845443725586,0.3698486089706421,-0.3863937854766845,1.3965139389038086,0.2411490529775619,-0.0033289489801973,-0.2242379933595657,0.36946275414839835,0.2226498845682996,0.09999990463256836
0.2382230758666992,0.484825849533081,10.845134735107422,0.234536811709404,-0.779089093208313,0.4915809631347656,-0.359127014875412,0.0584563426673412,-0.2631201148033142,0.23521324095774448,0.2522796473028985,0.09999990463256836
0.1903390288352966,1.5885528326034546,7.340023994445801,0.1216099262237548,0.1473677158355713,-2.485581398010254,0.1553953289985656,-0.0310258027166128,-0.2167811542749405,0.09898981652352794,0.22042111275811538,0.09999990463256836
0.2837128937244415,1.8758569955825808,9.415796279907228,0.1528054028749466,0.4373849630355835,-0.3546533584594726,0.0616521313786506,-0.085354246199131,-0.0735031887888908,0.14948750182991674,0.08592435204865853,0.09999990463256836
0.0706289485096931,1.3419500589370728,11.453262329101562,-0.0275167860090732,0.0437908172607421,1.3510780334472656,-0.0533963404595851,0.0067910556681454,0.122505322098732,-0.021029152736767875,-0.12236621247272829,0.09999990463256836
-0.2358288615942001,0.3004723191261291,12.511499404907228,-0.6168184876441956,-0.6891776323318481,1.5871086120605469,-0.700543999671936,0.1229047924280166,0.3552654385566711,-0.6162094203160794,-0.3691823123274465,0.09999990463256836
-0.8535329103469849,0.5494692921638489,7.395090579986572,-1.2587422132492063,-0.8820749521255493,-1.6254997253417969,0.5761744976043701,-0.3431480526924133,0.2817622423171997,-1.2180909844106456,-0.24318125381573027,0.09999990463256836
0.0011971008498221,0.4680664241313934,9.57860279083252,-0.5262953042984009,-0.9694530367851256,-0.0262002944946289,0.038216333836317,-0.1034637317061424,0.6013413071632385,-0.5204278157251531,-0.5822225732531751,0.09999990463256836
0.2070984542369842,1.5095441341400146,8.383895874023438,-0.576431930065155,0.1145687103271484,-1.5323543548583984,0.0877510905265808,-0.0837563574314117,0.4308991432189941,-0.48318400412169626,-0.4178387156697253,0.09999990463256836
0.0011971008498221,1.5119383335113523,9.683947563171388,-0.9058384895324708,0.0016980171203613,-0.0971202850341796,0.1058605760335922,-0.0288952756673097,0.5581981539726257,-0.8945076276252509,-0.552478012897796,0.09999990463256836
-0.4321534037590027,2.033874273300171,10.442909240722656,-1.214508056640625,-0.0675456523895263,1.0839881896972656,0.1521995365619659,-0.1034637317061424,0.6167876720428467,-1.2972577358973973,-0.6012972808817547,0.09999990463256836
0.2645592987537384,-0.0802057534456253,14.453197479248049,-0.7910689115524292,-1.563659906387329,4.741312026977539,-0.0757668763399124,-0.0129163218662142,0.8436887860298157,-1.2166071965322187,-0.8212712638194061,0.09999990463256836
-0.6093243360519409,-0.2980781197547912,9.92097282409668,-1.6768548488616943,-1.6415491104125977,-0.3657588958740234,0.0611195005476474,0.3796333372592926,1.1914973258972168,-1.608972783472316,-1.2395623384707355,0.09999990463256836
-0.2190694510936737,0.3794809579849243,8.465298652648926,-1.1845908164978027,-1.3053053617477417,-1.0428094863891602,0.2278332561254501,0.1814942955970764,1.550491213798523,-1.0878855177646867,-1.5712562731552597,0.09999990463256836
0.0802057534456253,0.6524199843406677,8.944138526916504,-0.7426467537879944,-0.9657728672027588,-0.7446470260620117,0.1261005848646164,0.4057323038578033,1.6261249780654907,-0.6805142703335239,-1.6757859140032638,0.09999990463256836
0.3603273630142212,0.3292027413845062,10.308834075927734,-0.4984282851219177,-1.175991773605347,0.399209976196289,0.0110521102324128,0.3444796204566955,1.7923060655593872,-0.5086068630404365,-1.8219518856641967,0.09999990463256836
0.120907187461853,1.0450690984725952,9.585784912109377,-0.5864459276199341,-0.8089046478271484,0.0438642501831054,0.2129195630550384,0.2960101366043091,1.6442344188690186,-0.5784714196433495,-1.680588212282058,0.09999990463256836
-0.9780313968658448,0.1640028208494186,11.62564468383789,-1.4757564067840576,-1.409010887145996,1.828526496887207,-0.2483395934104919,0.5841639637947083,1.7118786573410034,-1.5443127577847175,-1.7651222103273456,0.09999990463256836
-1.0211269855499268,0.6021417379379272,9.59057331085205,-1.5534420013427734,-0.52955162525177,-0.8716230392456055,-0.2531332671642303,-0.0187752712517976,1.696964979171753,-1.512127790764493,-1.6656539075476935,0.09999990463256836
-1.0187327861785889,0.6739677786827087,8.398261070251465,-1.5836732387542725,-0.585008978843689,-0.9922723770141602,0.2640522122383117,0.1111868917942047,1.6676702499389648,-1.5310400931218662,-1.678548921495774,0.09999990463256836
-0.6619967818260193,0.9038111567497252,9.451709747314451,-1.6087958812713623,-0.2829751372337341,-0.4389629364013672,0.0525973923504352,-0.09653951972723,1.8088176250457764,-1.5726751233446292,-1.7807039495382717,0.09999990463256836
0.0514753349125385,0.547075092792511,11.007941246032717,-1.0210760831832886,-0.4267503023147583,1.4041500091552734,0.0605868697166442,-0.0299605391919612,1.5515564680099487,-1.1460470134947822,-1.5353822589045099,0.09999990463256836
0.8846575021743774,0.4393360018730163,9.176376342773438,-0.6962640881538391,-0.3397116661071777,-0.5909280776977539,0.2033322006464004,-0.4278365075588226,1.361406922340393,-0.606515233744262,-1.3179823473669892,0.09999990463256836
1.334767460823059,0.1951274424791336,8.903437614440918,-0.4133944511413574,-0.9154982566833496,0.0211858749389648,0.7860314249992371,0.2661827504634857,1.2096068859100342,-0.38618279930436156,-1.3484225185017646,0.09999990463256836
0.5422866940498352,0.1472434103488922,9.25059700012207,-1.081078052520752,-1.2285641431808472,-0.0843105316162109,0.1974732428789138,0.4286354482173919,1.4476932287216189,-1.0189161941383205,-1.5031909461491635,0.09999990463256836
0.6308721303939819,1.4089876413345337,8.587403297424316,-0.8259806036949158,0.2843576669692993,-1.3996572494506836,0.0371510684490203,0.5287702679634094,1.3049479722976685,-0.6414067595268313,-1.354855570690228,0.09999990463256836
0.973242998123169,1.6962919235229492,9.746196746826172,-0.4773365259170532,0.58038330078125,0.3179597854614258,0.2667153775691986,0.1282311081886291,1.0359688997268677,-0.5136982141591699,-1.0667983625911277,0.09999990463256836
1.3323732614517212,1.8710685968399048,10.181941032409668,0.0100407600402832,0.7612146139144897,0.3923673629760742,0.2043974548578262,0.0659131854772567,0.7866972088813782,-0.045829315912795696,-0.806481543223291,0.09999990463256836
0.0610521435737609,0.3890577852725982,9.995193481445312,-0.9327571988105774,-0.4689489603042602,0.4865379333496094,0.0201068520545959,0.5250418186187744,0.7632613778114319,-0.9642260928652875,-0.826652705742357,0.09999990463256836
-0.3268085420131683,0.9085995554924012,8.944138526916504,-1.5290958881378174,-0.3954905271530151,0.0818319320678711,0.4930838942527771,-0.1002679392695427,0.842090904712677,-1.518038692032149,-0.8659260680561354,0.09999990463256836
0.2573766708374023,0.4752490520477295,10.926538467407228,-1.08974289894104,-0.6726292371749878,0.8971872329711914,-0.1817606091499328,0.1777658760547638,0.7765771746635437,-1.156550966456869,-0.7716379241855594,0.09999990463256836
0.1711854189634323,1.5646108388900757,7.198765754699707,-1.0193170309066772,0.1447060108184814,-2.562173843383789,0.186287984251976,0.0494015999138355,0.4926844239234924,-0.7547006832277547,-0.5110541288691755,0.09999990463256836
-0.0131681095808744,1.7369933128356934,8.829216957092285,-1.2089054584503174,0.359371542930603,-0.7983942031860352,0.0494015999138355,-0.0081226350739598,0.4745749533176422,-1.1237907064280015,-0.4706105198523226,0.09999990463256836
0.6619967818260193,1.985990285873413,9.978434562683104,-0.6417673230171204,0.5537976026535034,0.3606977462768554,0.0366184376180172,0.0126500055193901,0.2737727463245392,-0.6825752225094807,-0.2747967844110771,0.09999990463256836
1.2054805755615234,1.4688427448272705,10.251373291015623,-0.0853254795074462,0.1837942600250244,0.5804967880249023,-0.1487374305725097,-0.0123836901038885,0.0362189635634422,-0.1494256975079508,-0.017704035828309928,0.09999990463256836
0.9756371974945068,0.8678981065750122,11.175535202026367,-0.2380256652832031,-0.1829845905303955,1.4198379516601562,0.2800311744213104,0.1037300452589988,-0.1427453309297561,-0.37491099432631136,0.10097069685165795,0.09999990463256836
0.5063736438751221,0.2406172752380371,10.12208652496338,-0.5085201263427734,-0.9179160594940186,0.3776082992553711,-0.0683100298047065,0.3290333151817322,-0.210389569401741,-0.5260504903319219,0.17220732456859456,0.09999990463256836
-0.1113303825259208,1.1887211799621582,6.499659061431885,-0.8177986145019531,-0.2125835418701172,-3.188911437988281,0.1607216447591781,0.2017343044281005,-0.2098569422960281,-0.6575063107834871,0.16875511744838173,0.09999990463256836
-0.1065419763326644,1.722628116607666,9.868300437927246,-0.5941859483718872,0.3293625116348266,0.2017431259155273,0.0403468608856201,0.0179763231426477,-0.1922800838947296,-0.6006005756949245,0.18619548519247775,0.09999990463256836
-0.3076549172401428,1.4209587574005127,11.802815437316896,-0.5844321846961975,0.0291545391082763,2.1037893295288086,-0.1151816323399543,0.4147870242595672,0.0633831843733787,-0.5969965014640158,-0.12417293992291303,0.09999990463256836
-0.8343793153762817,0.1759738177061081,10.136451721191406,-0.97955584526062,-1.251441478729248,0.409860610961914,-0.1545963883399963,-0.0059921080246567,0.2167811542749405,-0.9779378614425466,-0.214436705834675,0.09999990463256836
-0.1185129806399345,0.6476315855979919,8.197148323059082,-0.4201680421829223,-0.9432507157325744,-1.5222454071044922,0.4105259776115417,-0.1748363971710205,0.3589938580989837,-0.4059859560453027,-0.32769106902659567,0.09999990463256836
0.2382230758666992,1.207874774932861,9.53311252593994,-0.1471064984798431,-0.3629146814346313,-0.1742820739746093,0.3002711832523346,0.0989363640546798,0.1150484755635261,-0.14310457043711747,-0.13509223972555032,0.09999990463256836
0.2382230758666992,2.076969861984253,8.197148323059082,-0.2554787993431091,0.2995195388793945,-1.4202966690063477,0.0531300231814384,-0.0672447681427002,0.1613874435424804,-0.21762998376580947,-0.1471571403862922,0.09999990463256836
0.4872200489044189,2.292448043823242,9.92097282409668,0.0198900401592254,0.3888678550720215,0.3319845199584961,0.2145174592733383,0.0643152892589569,-0.0527305491268634,0.009593139951710999,0.033141825646374565,0.09999990463256836
0.8008604645729065,2.1487960815429688,11.146804809570312,0.3569766283035278,0.2675864696502685,1.5327882766723633,-0.1471395343542099,0.0563258156180381,-0.1576590240001678,0.3209640853877918,0.14658271350969143,0.09999990463256836
1.1240776777267456,0.424970805644989,12.485163688659668,0.7548156976699829,-1.030240774154663,2.765141487121582,-0.4539354741573334,-0.0241015907377004,-0.297741174697876,0.7150449019992556,0.3048139334947431,0.09999990463256836
1.0881646871566772,0.707486629486084,8.951321601867676,0.7729099988937378,-0.6877133846282959,-0.7805728912353516,-0.2973417043685913,0.130894273519516,-0.5416865348815918,0.7815125357693513,0.5188890010515803,0.09999990463256836
-0.0323217213153839,1.5310919284820557,7.215525150299072,-0.1268810033798217,0.1172751188278198,-2.493410110473633,0.1980058848857879,0.1868206113576889,-0.4410191476345062,-0.15742394814474753,0.4099386594297431,0.09999990463256836
0.1616086214780807,1.8112136125564573,10.12208652496338,0.2076285630464553,0.3573848009109497,0.4469881057739258,0.1335574239492416,0.0739026665687561,-0.3158506751060486,0.2208294555062729,0.3038699260459176,0.09999990463256836
0.3148375153541565,1.8183962106704712,10.672752380371094,0.4163187742233276,0.139441967010498,1.017595291137695,0.1937448233366012,0.0408794917166233,-0.2295643091201782,0.4491464714179253,0.22469825368556184,0.09999990463256836
-0.3890577852725982,1.6843209266662598,9.49001693725586,-0.1640693247318267,-0.0453037023544311,-0.1702966690063476,-0.1849564015865326,0.1303616315126419,0.1070589944720268,-0.1716222461293048,-0.1373950955689197,0.09999990463256836
-0.2262520641088485,1.1121066808700562,8.743025779724121,-0.0655039548873901,-0.5283465385437012,-0.9712285995483398,0.5159870982170105,-0.0581900253891944,0.0202400088310241,-0.1054879921406657,0.009958721231474316,0.09999990463256836
0.0849941596388816,0.9612720012664796,10.689512252807615,0.2171054184436798,-0.5636177062988281,0.9702644348144532,0.196940615773201,0.0121173737570643,-0.0458063371479511,0.24746683877334547,0.05016931860248532,0.09999990463256836
0.1472434103488922,1.8351556062698364,7.340023994445801,0.070885568857193,0.0705320835113525,-2.276914596557617,-0.1183774247765541,-0.223838523030281,-0.0511326566338539,0.03889083854880944,0.09064542561946243,0.09999990463256836
0.2286462634801864,2.096123695373535,9.858723640441896,0.0220331195741891,0.3780971765518188,0.2444820404052734,-0.0049268445000052,-0.1125184744596481,-0.1805621832609176,0.022376119807995243,0.19815508521567912,0.09999990463256836
0.606930136680603,1.4927847385406494,11.398195266723633,0.3624647557735443,-0.1537202596664428,1.7451457977294922,-0.1854890286922454,-0.0677774026989936,-0.345145434141159,0.35781179880182007,0.3521951731632339,0.09999990463256836
0.8966285586357117,0.5231330990791321,12.40376091003418,0.6438464522361755,-0.8129276037216187,2.6646242141723637,-0.5279712677001953,-0.1332911103963852,-0.4516717791557312,0.6348060153640672,0.46803621662524847,0.09999990463256836
1.1240776777267456,0.5422866940498352,7.897872924804687,0.9632078409194946,-0.8594805598258972,-1.8546247482299805,0.0419447571039199,0.0765658244490623,-0.7020087242126465,0.9519330834959335,0.6827829014518038,0.09999990463256836
-0.2262520641088485,0.9612720012664796,7.921814918518066,-0.1164144277572631,-0.4443095922470093,-1.8045883178710935,0.2581932842731476,0.1942774504423141,-0.5470128655433655,-0.17770493091493675,0.5197166676935968,0.09999990463256836
-0.4129997789859772,1.7944542169570925,8.637681007385254,-0.271046906709671,0.2383170127868652,-1.013397216796875,0.091479517519474,-0.0869521424174308,-0.311589628458023,-0.3058107571476436,0.3248727621359257,0.09999990463256836
-0.365115761756897,1.9476830959320068,10.143633842468262,-0.2994841933250427,0.2407823801040649,0.5135354995727539,0.2129195630550384,-0.1524658650159835,-0.0431431792676448,-0.28340725294718044,0.07633305069734811,0.09999990463256836
-0.4177882075309753,1.657984733581543,10.64402198791504,-0.4288823306560516,-0.051733374595642,0.983318328857422,-0.0022636852227151,0.0131826372817158,0.2631201148033142,-0.4086198501060039,-0.26111310071146576,0.09999990463256836
0.0131681095808744,0.889445960521698,12.882600784301758,-0.0763258785009384,-0.4104149937629699,3.11141300201416,-0.0139815853908658,-0.0922784656286239,0.2444780021905899,-0.03716663902295308,-0.22934085840407065,0.09999990463256836
-0.851138710975647,0.767341673374176,9.662399291992188,-0.9187824726104736,-0.5066876411437988,-0.0895185470581054,-0.3942807018756866,0.0504668653011322,0.3962780833244324,-0.9209757178730095,-0.4053979403931675,0.09999990463256836
-0.1687912195920944,1.5191209316253662,7.21791934967041,-0.4208284318447113,0.0689648389816284,-2.478611469268799,0.1388837546110153,-0.2568616867065429,0.2508696019649505,-0.41224884439866566,-0.2082730223028679,0.09999990463256836
-0.50876784324646,1.708262920379639,8.707113265991211,-0.8373874425888062,0.1264811754226684,-0.940439224243164,0.130894273519516,-0.0315584354102611,0.2652506530284881,-0.827015205162001,-0.2575187925084911,0.09999990463256836
-0.5398924946784973,1.557428240776062,10.67754077911377,-0.9040791988372804,-0.1305168867111206,1.0331735610961914,0.0824247747659683,-0.0342215932905674,0.3094590902328491,-0.9187093128336291,-0.29942441086547383,0.09999990463256836
-0.6715735793113708,0.4537012279033661,9.968857765197754,-1.1033272743225098,-0.8926708698272705,-0.1551570892333984,-0.1237037405371666,0.2145174592733383,0.502271831035614,-1.1007311394797157,-0.5325954169727677,0.09999990463256836
-0.7050924301147461,0.6524199843406677,8.089408874511719,-0.9751766324043274,-1.0222432613372805,-1.1227130889892578,0.3008038103580475,0.4281028211116791,0.6173202991485596,-0.9679663672503626,-0.6865244111779037,0.09999990463256836
-1.07379949092865,0.5949591398239136,8.532336235046387,-1.0187431573867798,-1.190739393234253,-0.3290491104125976,0.2928143441677093,0.3439469933509826,0.8282424807548523,-1.0267364012901634,-0.8710591138624828,0.09999990463256836
-0.9636662006378174,1.138442873954773,8.472481727600098,-1.0720409154891968,-0.6016467809677124,-1.3659515380859375,-0.0113184265792369,0.0600542388856411,1.039164662361145,-1.0915242878810594,-1.032119287669702,0.09999990463256836
-0.3722983598709106,1.413776159286499,9.413402557373049,-0.6144936084747314,-0.2568145990371704,0.007704734802246,0.1660479754209518,-0.0757668763399124,1.1595394611358645,-0.614368601344534,-1.1262283407648117,0.09999990463256836
-0.2142810523509979,2.2421698570251465,10.452486038208008,-0.8234437704086304,0.3102061748504638,1.371795654296875,0.3024017214775085,-0.0320910662412643,1.2511521577835083,-0.8503651608897326,-1.227599038590877,0.09999990463256836
-1.48081374168396,-0.6979097723960876,14.029423713684082,-1.837959170341492,-2.2386927604675293,4.115187644958496,-0.4619249403476715,0.0749679282307624,1.55741548538208,-1.9770600808363512,-1.5279595832710031,0.09999990463256836
-1.3898340463638306,-0.3100491166114807,9.595361709594728,-2.4936647415161133,-1.7736103534698486,-0.6612167358398438,-0.1988048255443573,-0.0507331825792789,1.7422386407852173,-2.4308905096095317,-1.6978206709014572,0.09999990463256836
-0.8415619134902954,0.0634463429450988,7.756615161895752,-1.757948398590088,-1.5102293491363523,-1.7957100868225098,0.2933469712734222,0.1053279414772987,1.587775468826294,-1.6102828750488631,-1.6014985480193473,0.09999990463256836
-0.6428431272506714,0.8080430626869202,9.461286544799805,-1.5782349109649658,-0.6163381338119507,-0.2145195007324218,0.0813595131039619,0.2933469712734222,1.4263880252838137,-1.5502001594098902,-1.4563391162793673,0.09999990463256836
-0.1783680319786071,1.7513585090637207,9.691129684448242,-1.0705493688583374,0.2831302881240845,0.0237007141113281,0.1015995219349861,0.1814942955970764,1.046088933944702,-1.0704164250473078,-1.0658090112917007,0.09999990463256836
-0.5183446407318115,1.6340426206588743,10.852317810058594,-1.041612148284912,-0.1475416421890258,1.3569326400756836,0.0936100408434867,0.2773680090904236,0.7158571481704712,-1.1090136684355394,-0.7541027958575195,0.09999990463256836
-0.4824316501617431,-0.0059855040162801,10.809222221374512,-1.1186552047729492,-1.0311124324798584,0.8081941604614258,-0.1173121556639671,0.0003994738799519,0.8852340579032898,-1.1463276732986263,-0.8679391254665524,0.09999990463256836
0.1113303825259208,0.2956839203834533,8.510788917541504,-0.4810863435268402,-1.1370257139205933,-0.6091556549072266,0.5639239549636841,0.185222715139389,1.1121352910995483,-0.4498847848808301,-1.1485494887817314,0.09999990463256836
0.0825999602675437,0.5111620426177979,9.774927139282228,-0.3980434238910675,-1.0805662870407104,0.6859207153320312,0.2363553643226623,0.2917490899562835,1.2117373943328855,-0.41542602090125896,-1.250925298477722,0.09999990463256836
-0.6524199843406677,1.2533645629882812,8.884284019470215,-1.1214995384216309,-0.3951072692871094,-0.9115123748779296,-0.0475373901426792,0.3471427857875824,1.381646990776062,-1.1000075304390005,-1.4194672917251743,0.09999990463256836
-0.0849941596388816,0.9229647517204284,10.241796493530272,-0.7394363284111023,-0.6385372877120972,0.5147829055786133,0.1335574239492416,-0.0699079260230064,1.3747227191925049,-0.7531477865291154,-1.3459348221153324,0.09999990463256836
-0.4129997789859772,0.8487445116043091,9.729436874389648,-1.2850136756896973,-0.5670584440231323,0.0125408172607421,0.1143826842308044,0.129829004406929,1.5478280782699585,-1.2771646280895732,-1.5482546907894126,0.09999990463256836
-0.4010287821292877,0.3579331636428833,11.067795753479004,-0.9179582595825196,-1.3137435913085938,2.582015991210937,0.2832269668579101,0.1378184854984283,1.3342427015304563,-1.0769769380678622,-1.3557385233569599,0.09999990463256836
-0.5374982953071594,0.5446808934211731,8.862735748291016,-1.765181541442871,-0.9375215768814088,-1.3154296875,-0.1045289933681488,-0.035286858677864,1.554752230644226,-1.6342259990301466,-1.513364291411345,0.09999990463256836
-0.2717418968677521,1.2006921768188477,8.115745544433594,-1.3317110538482666,-0.3068928718566894,-1.111252784729004,0.273106962442398,0.1878858804702758,1.2634027004241943,-1.2124894798692758,-1.297287417462757,0.09999990463256836
-0.5446808934211731,1.648407816886902,9.439739227294922,-1.628645420074463,0.1363817453384399,-0.4629497528076172,0.0712395086884498,0.1681784987449646,1.1819100379943848,-1.5826901921196739,-1.1955053398991717,0.09999990463256836
0.9014169573783876,1.9261353015899656,10.541071891784668,-0.3524901866912842,0.5358180999755859,0.7807025909423828,0.1916143000125885,-0.1199753209948539,0.8154593110084534,-0.4369635291616826,-0.7995484241102554,0.09999990463256836
0.5351040959358215,2.01232647895813,10.22264289855957,-0.9059575200080872,0.2586487531661987,0.6601972579956055,0.0158457960933446,-0.0049268445000052,0.6173202991485596,-0.9726023830155355,-0.6052226507584068,0.09999990463256836
0.1544260084629058,0.6859387755393982,10.62007999420166,-0.9704837203025818,-0.7746858596801758,1.8471345901489256,0.1426121741533279,0.2571280002593994,0.6428865790367126,-1.1299550229891133,-0.6839330402266312,0.09999990463256836
-0.3675099611282348,0.6859387755393982,8.960898399353027,-1.1264469623565674,-0.6430551409721375,-1.4642305374145508,-0.2957438230514526,0.4259723126888275,0.7195855975151062,-1.006656354428018,-0.7555598473927547,0.09999990463256836
-0.1568202078342437,0.8798691034317017,8.625710487365723,-0.8253764510154724,-0.5344152450561523,-0.5510902404785156,0.2704437971115112,0.2688459157943725,0.632766604423523,-0.7902486014567012,-0.6791565774593297,0.09999990463256836
-0.3315969407558441,1.7729063034057615,8.529942512512207,-0.8602399826049805,0.237748384475708,-1.252772331237793,0.0621847659349441,0.2848248779773712,0.4916191697120666,-0.81549339223202,-0.5320706501423789,0.09999990463256836
-0.5111620426177979,1.7130513191223145,10.76852035522461,-0.812144935131073,0.4423483610153198,0.9629554748535156,-0.0496679171919822,0.3146522343158722,0.5560676455497742,-0.8290457315832497,-0.5966252361194938,0.09999990463256836
0.0562637411057949,1.279700756072998,9.451709747314451,-0.0147188827395439,0.1697134971618652,0.1881217956542968,0.024367906153202,0.0850879326462745,0.5688507556915283,-0.016967844646762143,-0.5754062697797409,0.09999990463256836
-0.0490811355412006,0.5494692921638489,10.220248222351074,-0.3203781545162201,-0.6402419805526733,1.631818771362305,0.4712460041046142,-0.0699079260230064,0.7126613855361938,-0.33771745242621215,-0.7043595143187767,0.09999990463256836
0.2717418968677521,0.5997475385665894,10.828375816345217,-0.3243417739868164,-0.6805691123008728,0.694096565246582,-0.2494048476219177,0.0211721155792474,0.6093307733535767,-0.33214061337102135,-0.6033786936589032,0.09999990463256836
0.645237386226654,1.646013617515564,7.5674729347229,-0.0019623041152954,0.0995553731918335,-2.5003604888916016,0.0925447791814804,-0.179097443819046,0.3813643753528595,0.078276458176374,-0.3497904570536626,0.09999990463256836
0.7146692276000977,2.036268472671509,8.73105525970459,0.0948381423950195,0.4560762643814087,-0.7661895751953125,0.1916143000125885,-0.0113184265792369,0.2418148517608642,0.12880632059266633,-0.24578629979879846,0.09999990463256836
0.851138710975647,2.165555477142334,10.146028518676758,0.0324012041091918,0.583021879196167,0.3498430252075195,0.0664458200335502,-0.1743037700653076,0.0447410717606544,0.0068165676995713895,-0.016702162549587184,0.09999990463256836
0.6141127347946167,2.014720678329468,9.628880500793455,-0.1486706435680389,0.4296778440475464,-0.0203800201416015,-0.2488722205162048,0.1490037590265274,-0.0655137151479721,-0.15114744825452545,0.05299600266207689,0.09999990463256836
0.7457938194274902,0.1903390288352966,12.128427505493164,0.0043756961822509,-0.9892998337745668,2.369248390197754,-0.0422110706567764,0.0728374049067497,-0.2348906397819519,-0.11351633614668405,0.22556343750531185,0.09999990463256836
0.8583213090896606,0.2525882720947265,10.37108325958252,0.2250206172466278,-0.9148999452590942,0.6088104248046875,-0.0938763618469238,0.1245026886463165,-0.2215748429298401,0.20406787835293752,0.20778707742304445,0.09999990463256836
0.1496376097202301,1.3204022645950315,6.616974830627441,-0.1907263994216919,-0.0821872949600219,-3.094484806060791,0.1463405936956405,0.2810964286327362,-0.3307643532752991,-0.15232946537286934,0.2827251803687154,0.09999990463256836
0.0083797061815857,1.6101006269454956,8.841188430786133,-0.0605325847864151,0.221196174621582,-0.8342151641845703,-0.0017310534603893,0.1335574239492416,-0.2087916731834411,-0.0725147327542341,0.18634234808597186,0.09999990463256836
0.0227449163794517,1.8710685968399048,10.660781860351562,-0.094557486474514,0.4684953689575195,0.9850330352783204,-0.0443415977060794,-0.0256994850933551,-0.0537958145141601,-0.08387533117901472,0.056610441995985805,0.09999990463256836
-0.5973533391952515,0.930147349834442,10.909778594970703,-0.7101983428001404,-0.3337627649307251,1.1758604049682615,-0.4251733422279358,0.1974732428789138,0.1912148296833038,-0.6982207015303388,-0.22092602316002746,0.09999990463256836
-0.5063736438751221,0.4201824069023132,9.980828285217283,-0.6204573512077332,-0.720878541469574,0.1667261123657226,0.6470144987106323,-0.2350237965583801,0.1342232227325439,-0.619591673603766,-0.09742609611676543,0.09999990463256836
-0.5159504413604736,0.456095427274704,9.688735961914062,-0.6314728856086731,-0.8128721714019775,-0.0643062591552734,-0.1119858399033546,0.038216333836317,0.2604569494724273,-0.6332148499875211,-0.2643803462743801,0.09999990463256836
-0.2454056739807129,1.4520833492279053,7.531559944152832,-0.5159490704536438,0.0347245931625366,-2.1678662300109863,0.0403468608856201,-0.085354246199131,0.1688442826271057,-0.5043904128207152,-0.15406831729734535,0.09999990463256836
-0.1472434103488922,1.964442491531372,9.042301177978516,-0.4865807890892029,0.5052100419998169,-0.6187686920166016,0.0723047703504562,-0.073636345565319,0.1464737504720688,-0.47989267280163034,-0.13395981648027228,0.09999990463256836
0.3675099611282348,2.02429747581482,10.500370025634766,-0.0655666589736938,0.4662121534347534,0.8503074645996094,0.0392815954983234,-0.1364869028329849,-0.0346210673451423,-0.0856821464852694,0.0560854538044093,0.09999990463256836
0.2980781197547912,1.4544775485992432,10.354323387145996,-0.1294810175895691,0.0110868215560913,0.6515979766845703,-0.3628554344177246,-0.0129163218662142,-0.0852210894227027,-0.14320355215306796,0.09392306888299701,0.09999990463256836
0.3794809579849243,0.6524199843406677,10.311227798461914,-0.0165548920631408,-0.62812340259552,0.5319976806640625,0.3247722387313843,0.0478037074208259,-0.16618113219738,-0.02450128151929484,0.15212103321549966,0.09999990463256836
0.2789244949817657,0.4034229815006256,10.351929664611816,0.0167245306074619,-0.9154926538467408,0.5982637405395508,-0.0326237007975578,0.2411490529775619,-0.2418148517608642,0.01462806916850344,0.20528918247787595,0.09999990463256836
-0.2070984542369842,1.6148890256881714,7.227496147155762,-0.2393222451210022,0.1585582494735717,-2.457618236541748,0.0009321057004854,0.0829574093222618,-0.1949432492256164,-0.28453956389079105,0.17953293528027783,0.09999990463256836
0.0035913025494664,2.191891670227051,9.849146842956545,0.040058359503746,0.7018824815750122,0.1890182495117187,0.0802942439913749,0.0126500055193901,-0.1145158410072326,0.047776170287872996,0.11304829005680365,0.09999990463256836
-0.3076549172401428,1.622071623802185,10.737396240234377,-0.1942397356033325,0.0425983667373657,1.0789098739624023,-0.052863709628582,0.0739026665687561,0.1065263673663139,-0.15796558303296032,-0.1192118250256935,0.09999990463256836
-0.4608838260173797,0.851138710975647,11.651981353759766,-0.3846157789230346,-0.656745195388794,1.9396791458129885,-0.3287670016288757,0.174570083618164,0.265783280134201,-0.3304232091637768,-0.3001230576920056,0.09999990463256836
-0.7098808288574219,1.04028058052063,7.462128162384033,-0.6393433809280396,-0.6412864923477173,-2.2449636459350586,0.4707133769989013,0.0249005369842052,0.299339085817337,-0.7064730045996759,-0.28513456942458515,0.09999990463256836
0.4728548228740692,0.973242998123169,10.536283493041992,0.4293304085731506,-0.6267523765563965,0.8354864120483398,0.241681694984436,-0.2147837877273559,0.1475390195846557,0.44183116527922933,-0.10446591631518135,0.09999990463256836
0.3268085420131683,2.09133529663086,7.873930931091309,0.1674011796712875,0.3453718423843384,-1.7531671524047852,-0.0954742506146431,-0.0001331579551333,0.132625326514244,0.1575856203269143,-0.13084285859895822,0.09999990463256836
0.3315969407558441,2.3594858646392822,9.461286544799805,0.1359432637691497,0.6051843166351318,-0.150578498840332,0.0552605502307415,-0.0949416235089302,-0.0015978955198079,0.13586573627728307,0.019478848716209866,0.09999990463256836
0.4201824069023132,1.6867151260375977,11.175535202026367,0.1354722082614898,-0.1153662204742431,1.552973747253418,-0.0789626687765121,-0.0209057983011007,-0.2391516864299774,0.12517842061098422,0.23925573337275727,0.09999990463256836
0.8559271097183228,0.9253589510917664,12.102090835571287,0.5981413125991821,-0.6216446161270142,2.392183303833008,-0.5279712677001953,-0.1274321675300598,-0.5251749753952026,0.5889008106538238,0.5411649658481839,0.09999990463256836
0.7697358727455139,0.9780313968658448,6.739078998565674,0.6088197827339172,-0.6510739326477051,-2.9811086654663086,0.3237069845199585,0.0541952885687351,-0.6125265955924988,0.5913574426503174,0.5957444199108273,0.09999990463256836
-0.1592144072055816,0.7266402244567871,10.287285804748535,-0.1688994467258453,-0.661655068397522,0.5598526000976562,-0.0065247397869825,0.1367532163858413,-0.3829622864723205,-0.15923483046044848,0.35805671024051966,0.09999990463256836
-0.2932897210121155,2.007538080215454,8.034342765808105,-0.2276329100131988,0.5989723205566406,-1.640024185180664,-0.1327584832906723,-0.0315584354102611,-0.2391516864299774,-0.27159620783710275,0.2372361642054105,0.09999990463256836
0.2885012924671173,2.141613483428955,10.069414138793944,0.3421724438667297,0.7241997718811035,0.4013776779174804,0.0733700320124626,-0.0789626687765121,-0.177899032831192,0.3559434300192184,0.18984310712017863,0.09999990463256836
0.0155623108148574,2.340332269668579,11.29763889312744,0.0194873660802841,0.8354544639587402,1.6046628952026367,0.1932121962308883,-0.0938763618469238,0.0111852679401636,0.05813752359206183,0.008449037194101706,0.09999990463256836
-0.1256955862045288,0.1185129806399345,13.459603309631348,-0.1017412394285202,-1.1615018844604492,3.703946113586426,-0.3069290816783905,-0.074701614677906,0.2162485122680664,-0.015868911660438717,-0.21131675927468008,0.09999990463256836
-0.7912836670875549,0.6045359373092651,7.2801690101623535,-0.8914348483085632,-0.9457943439483644,-2.430259704589844,-0.1247690021991729,0.090414248406887,0.2034653574228286,-0.9216815689597048,-0.2170917524986115,0.09999990463256836
0.2549824714660644,0.8104372620582581,9.698312759399414,0.2047649025917053,-0.5358209609985352,-0.9106693267822266,0.4419512450695038,-0.2094574570655822,0.0628505572676658,0.20025498598777644,-0.02629970027993584,0.09999990463256836
0.2549824714660644,0.8104372620582581,9.698312759399414,0.2047649025917053,-0.5358209609985352,-0.9106693267822266,0.4014712274074554,-0.1753690242767334,0.0426105447113513,0.20025498598777644,-0.011994973571044888,0.09999990463256836
0.2549824714660644,0.8104372620582581,9.698312759399414,0.2047649025917053,-0.5358209609985352,-0.9106693267822266,0.4014712274074554,-0.1753690242767334,0.0426105447113513,0.20025498598777644,-0.011994973571044888,0.09999990463256836
0.2549824714660644,0.8104372620582581,9.698312759399414,0.2047649025917053,-0.5358209609985352,-0.9106693267822266,0.4014712274074554,-0.1753690242767334,0.0426105447113513,0.20025498598777644,-0.011994973571044888,0.09999990463256836
0.2549824714660644,0.8104372620582581,9.698312759399414,0.2047649025917053,-0.5358209609985352,-0.9106693267822266,0.4014712274074554,-0.1753690242767334,0.0426105447113513,0.20025498598777644,-0.011994973571044888,0.09999990463256836
0.2549824714660644,0.8104372620582581,9.698312759399414,0.2047649025917053,-0.5358209609985352,-0.9106693267822266,0.4014712274074554,-0.1753690242767334,0.0426105447113513,0.20025498598777644,-0.011994973571044888,0.09999990463256836
0.2549824714660644,0.8104372620582581,9.698312759399414,0.2047649025917053,-0.5358209609985352,-0.9106693267822266,0.4014712274074554,-0.1753690242767334,0.0426105447113513,0.20025498598777644,-0.011994973571044888,0.09999990463256836
0.2549824714660644,0.8104372620582581,9.698312759399414,0.2047649025917053,-0.5358209609985352,-0.9106693267822266,0.4014712274074554,-0.1753690242767334,0.0426105447113513,0.20025498598777644,-0.011994973571044888,0.09999990463256836
0.2549824714660644,0.8104372620582581,9.698312759399414,0.2047649025917053,-0.5358209609985352,-0.9106693267822266,0.4014712274074554,-0.1753690242767334,0.0426105447113513,0.20025498598777644,-0.011994973571044888,0.09999990463256836
0.2549824714660644,0.8104372620582581,9.698312759399414,0.2047649025917053,-0.5358209609985352,-0.9106693267822266,0.4014712274074554,-0.1753690242767334,0.0426105447113513,0.20025498598777644,-0.011994973571044888,0.09999990463256836
0.2549824714660644,0.8104372620582581,9.698312759399414,0.2047649025917053,-0.5358209609985352,-0.9106693267822266,0.4014712274074554,-0.1753690242767334,0.0426105447113513,0.20025498598777644,-0.011994973571044888,0.09999990463256836
0.2549824714660644,0.8104372620582581,9.698312759399414,0.2047649025917053,-0.5358209609985352,-0.9106693267822266,0.4014712274074554,-0.1753690242767334,0.0426105447113513,0.20025498598777644,-0.011994973571044888,0.09999990463256836
0.2549824714660644,0.8104372620582581,9.698312759399414,0.2047649025917053,-0.5358209609985352,-0.9106693267822266,0.4014712274074554,-0.1753690242767334,0.0426105447113513,0.20025498598777644,-0.011994973571044888,0.09999990463256836
0.2549824714660644,0.8104372620582581,9.698312759399414,0.2047649025917053,-0.5358209609985352,-0.9106693267822266,0.4014712274074554,-0.1753690242767334,0.0426105447113513,0.20025498598777644,-0.011994973571044888,0.09999990463256836
0.2549824714660644,0.8104372620582581,9.698312759399414,0.2047649025917053,-0.5358209609985352,-0.9106693267822266,0.4014712274074554,-0.1753690242767334,0.0426105447113513,0.20025498598777644,-0.011994973571044888,0.09999990463256836
0.2549824714660644,0.8104372620582581,9.698312759399414,0.2047649025917053,-0.5358209609985352,-0.9106693267822266,0.4014712274074554,-0.1753690242767334,0.0426105447113513,0.20025498598777644,-0.011994973571044888,0.09999990463256836
0.2549824714660644,0.8104372620582581,9.698312759399414,0.2047649025917053,-0.5358209609985352,-0.9106693267822266,0.4014712274074554,-0.1753690242767334,0.0426105447113513,0.20025498598777644,-0.011994973571044888,0.09999990463256836
0.2549824714660644,0.8104372620582581,9.698312759399414,0.2047649025917053,-0.5358209609985352,-0.9106693267822266,0.4014712274074554,-0.1753690242767334,0.0426105447113513,0.20025498598777644,-0.011994973571044888,0.09999990463256836
0.2549824714660644,0.8104372620582581,9.698312759399414,0.2047649025917053,-0.5358209609985352,-0.9106693267822266,0.4014712274074554,-0.1753690242767334,0.0426105447113513,0.20025498598777644,-0.011994973571044888,0.09999990463256836
0.2549824714660644,0.8104372620582581,9.698312759399414,0.2047649025917053,-0.5358209609985352,-0.9106693267822266,0.4014712274074554,-0.1753690242767334,0.0426105447113513,0.20025498598777644,-0.011994973571044888,0.09999990463256836
0.2549824714660644,0.8104372620582581,9.698312759399414,0.2047649025917053,-0.5358209609985352,-0.9106693267822266,0.4014712274074554,-0.1753690242767334,0.0426105447113513,0.20025498598777644,-0.011994973571044888,0.09999990463256836
0.2549824714660644,0.8104372620582581,9.698312759399414,0.2047649025917053,-0.5358209609985352,-0.9106693267822266,0.4014712274074554,-0.1753690242767334,0.0426105447113513,0.20025498598777644,-0.011994973571044888,0.09999990463256836
0.2549824714660644,0.8104372620582581,9.698312759399414,0.2047649025917053,-0.5358209609985352,-0.9106693267822266,0.4014712274074554,-0.1753690242767334,0.0426105447113513,0.20025498598777644,-0.011994973571044888,0.09999990463256836
0.2549824714660644,0.8104372620582581,9.698312759399414,0.2047649025917053,-0.5358209609985352,-0.9106693267822266,0.4014712274074554,-0.1753690242767334,0.0426105447113513,0.20025498598777644,-0.011994973571044888,0.09999990463256836
0.2549824714660644,0.8104372620582581,9.698312759399414,0.2047649025917053,-0.5358209609985352,-0.9106693267822266,0.4014712274074554,-0.1753690242767334,0.0426105447113513,0.20025498598777644,-0.011994973571044888,0.09999990463256836
0.0586579404771328,1.1815385818481443,10.265738487243652,-0.2407274395227432,-0.3326807022094726,0.6030035018920898,-0.1572595387697219,-0.114116370677948,-1.1914973258972168,-0.2463108360987015,1.196779599899757,0.09999990463256836
0.0586579404771328,1.1815385818481443,10.265738487243652,-0.2407274395227432,-0.3326807022094726,0.6030035018920898,-0.1572595387697219,-0.114116370677948,-1.1914973258972168,-0.2463108360987015,1.196779599899757,0.09999990463256836
0.0586579404771328,1.1815385818481443,10.265738487243652,-0.2407274395227432,-0.3326807022094726,0.6030035018920898,-0.1572595387697219,-0.114116370677948,-1.1914973258972168,-0.2463108360987015,1.196779599899757,0.09999990463256836
0.0586579404771328,1.1815385818481443,10.265738487243652,-0.2407274395227432,-0.3326807022094726,0.6030035018920898,-0.1572595387697219,-0.114116370677948,-1.1914973258972168,-0.2463108360987015,1.196779599899757,0.09999990463256836
0.0586579404771328,1.1815385818481443,10.265738487243652,-0.2407274395227432,-0.3326807022094726,0.6030035018920898,-0.1572595387697219,-0.114116370677948,-1.1914973258972168,-0.2463108360987015,1.196779599899757,0.09999990463256836
0.0586579404771328,1.1815385818481443,10.265738487243652,-0.2407274395227432,-0.3326807022094726,0.6030035018920898,-0.1572595387697219,-0.114116370677948,-1.1914973258972168,-0.2463108360987015,1.196779599899757,0.09999990463256836
0.0586579404771328,1.1815385818481443,10.265738487243652,-0.2407274395227432,-0.3326807022094726,0.6030035018920898,-0.1572595387697219,-0.114116370677948,-1.1914973258972168,-0.2463108360987015,1.196779599899757,0.09999990463256836
0.0586579404771328,1.1815385818481443,10.265738487243652,-0.2407274395227432,-0.3326807022094726,0.6030035018920898,-0.1572595387697219,-0.114116370677948,-1.1914973258972168,-0.2463108360987015,1.196779599899757,0.09999990463256836
0.0586579404771328,1.1815385818481443,10.265738487243652,-0.2407274395227432,-0.3326807022094726,0.6030035018920898,-0.1572595387697219,-0.114116370677948,-1.1914973258972168,-0.2463108360987015,1.196779599899757,0.09999990463256836
0.0586579404771328,1.1815385818481443,10.265738487243652,-0.2407274395227432,-0.3326807022094726,0.6030035018920898,-0.1572595387697219,-0.114116370677948,-1.1914973258972168,-0.2463108360987015,1.196779599899757,0.09999990463256836
0.0586579404771328,1.1815385818481443,10.265738487243652,-0.2407274395227432,-0.3326807022094726,0.6030035018920898,-0.1572595387697219,-0.114116370677948,-1.1914973258972168,-0.2463108360987015,1.196779599899757,0.09999990463256836
0.0586579404771328,1.1815385818481443,10.265738487243652,-0.2407274395227432,-0.3326807022094726,0.6030035018920898,-0.1572595387697219,-0.114116370677948,-1.1914973258972168,-0.2463108360987015,1.196779599899757,0.09999990463256836
0.0586579404771328,1.1815385818481443,10.265738487243652,-0.2407274395227432,-0.3326807022094726,0.6030035018920898,-0.1572595387697219,-0.114116370677948,-1.1914973258972168,-0.2463108360987015,1.196779599899757,0.09999990463256836
0.0586579404771328,1.1815385818481443,10.265738487243652,-0.2407274395227432,-0.3326807022094726,0.6030035018920898,-0.1572595387697219,-0.114116370677948,-1.1914973258972168,-0.2463108360987015,1.196779599899757,0.09999990463256836
0.0586579404771328,1.1815385818481443,10.265738487243652,-0.2407274395227432,-0.3326807022094726,0.6030035018920898,-0.1572595387697219,-0.114116370677948,-1.1914973258972168,-0.2463108360987015,1.196779599899757,0.09999990463256836
0.0586579404771328,1.1815385818481443,10.265738487243652,-0.2407274395227432,-0.3326807022094726,0.6030035018920898,-0.1572595387697219,-0.114116370677948,-1.1914973258972168,-0.2463108360987015,1.196779599899757,0.09999990463256836
0.0586579404771328,1.1815385818481443,10.265738487243652,-0.2407274395227432,-0.3326807022094726,0.6030035018920898,-0.1572595387697219,-0.114116370677948,-1.1914973258972168,-0.2463108360987015,1.196779599899757,0.09999990463256836
0.0586579404771328,1.1815385818481443,10.265738487243652,-0.2407274395227432,-0.3326807022094726,0.6030035018920898,-0.1572595387697219,-0.114116370677948,-1.1914973258972168,-0.2463108360987015,1.196779599899757,0.09999990463256836
0.0586579404771328,1.1815385818481443,10.265738487243652,-0.2407274395227432,-0.3326807022094726,0.6030035018920898,-0.1572595387697219,-0.114116370677948,-1.1914973258972168,-0.2463108360987015,1.196779599899757,0.09999990463256836
0.0586579404771328,1.1815385818481443,10.265738487243652,-0.2407274395227432,-0.3326807022094726,0.6030035018920898,-0.1572595387697219,-0.114116370677948,-1.1914973258972168,-0.2463108360987015,1.196779599899757,0.09999990463256836
0.0586579404771328,1.1815385818481443,10.265738487243652,-0.2407274395227432,-0.3326807022094726,0.6030035018920898,-0.1572595387697219,-0.114116370677948,-1.1914973258972168,-0.2463108360987015,1.196779599899757,0.09999990463256836
0.0586579404771328,1.1815385818481443,10.265738487243652,-0.2407274395227432,-0.3326807022094726,0.6030035018920898,-0.1572595387697219,-0.114116370677948,-1.1914973258972168,-0.2463108360987015,1.196779599899757,0.09999990463256836
0.0586579404771328,1.1815385818481443,10.265738487243652,-0.2407274395227432,-0.3326807022094726,0.6030035018920898,-0.1572595387697219,-0.114116370677948,-1.1914973258972168,-0.2463108360987015,1.196779599899757,0.09999990463256836
0.0586579404771328,1.1815385818481443,10.265738487243652,-0.2407274395227432,-0.3326807022094726,0.6030035018920898,-0.1572595387697219,-0.114116370677948,-1.1914973258972168,-0.2463108360987015,1.196779599899757,0.09999990463256836
0.0586579404771328,1.1815385818481443,10.265738487243652,-0.2407274395227432,-0.3326807022094726,0.6030035018920898,-0.1572595387697219,-0.114116370677948,-1.1914973258972168,-0.2463108360987015,1.196779599899757,0.09999990463256836
0.3100491166114807,1.698686122894287,8.163629531860352,0.0032777786254882,0.3292282819747925,-1.5554094314575195,-0.1354216337203979,-0.2142511457204818,-1.386440634727478,0.016798925228284287,1.4040487553520926,0.09999990463256836
0.152031809091568,1.602918028831482,9.571419715881348,-0.1260387599468231,0.4096423387527466,-0.1614398956298828,-0.212653249502182,-0.0395479127764701,-1.3981585502624512,-0.12537447924205514,1.3927654661979305,0.09999990463256836
-0.4297592043876648,1.3275848627090454,10.387842178344728,-0.6432024240493774,0.2440099716186523,0.6380290985107422,-0.0406131781637668,-0.3095922470092773,-1.1952258348464966,-0.6429317895565625,1.2234714628667085,0.09999990463256836
0.0730231553316116,1.2653355598449707,10.902595520019531,-0.4246360659599304,0.0863087177276611,1.1396970748901367,0.096273198723793,-0.3314301371574402,-1.1158636808395386,-0.4567111898162517,1.1458837645894857,0.09999990463256836
-0.4225766062736511,-0.2070984542369842,12.74373722076416,-0.867520809173584,-1.30462646484375,2.931610107421875,-0.015579480677843,-0.114116370677948,-1.043425679206848,-0.9303661061839219,1.0496705905051729,0.09999990463256836
-0.0466869324445724,1.3084312677383425,5.496488571166992,-0.481451004743576,-0.3470284938812256,-4.208604335784912,0.2970753908157348,-0.133823737502098,-0.8745814561843872,-0.3887287675586868,0.8777324886555669,0.09999990463256836
-0.4441244006156921,0.7170634269714355,11.142016410827637,-0.7056530714035034,-0.7586454153060913,1.4168205261230469,-0.0374173857271671,0.1182442605495452,-0.4231759905815124,-0.7113552295184778,0.3993625638362761,0.09999990463256836
-0.3579331636428833,2.0841526985168457,7.368754386901855,-0.5674186944961548,0.499129056930542,-2.31160831451416,-0.0118510583415627,-0.0910800397396087,-0.1504684835672378,-0.5691964769098515,0.1637144994656349,0.09999990463256836
-2.742558002471924,1.7178397178649902,11.091737747192385,-1.974034309387207,0.0481625795364379,1.4440574645996094,0.1905490309000015,2.0016303062438965,0.3576622605323791,-1.8122110550130266,-0.6863209227350211,0.09999990463256836
1.5119383335113523,0.6596025824546814,8.922591209411621,1.990633249282837,-1.1721916198730469,-0.7203359603881836,0.5415533781051636,-0.3781685829162597,1.3238563537597656,1.914977418513697,-1.1838628846221593,0.09999990463256836
-0.3124433159828186,2.3283610343933105,8.707113265991211,-0.362987756729126,0.1768097877502441,-0.8709745407104492,-0.0949416235089302,0.2822948694229126,1.4708627462387085,-0.37657759804655994,-1.4979561131759822,0.09999990463256836
0.0658405497670173,1.2198457717895508,11.857882499694824,-0.0535011067986488,-0.6202977895736694,2.213054656982422,-0.5737776160240173,-0.2194443047046661,1.4548838138580322,-0.03307795576613614,-1.38974544704667,0.09999990463256836
0.1352723985910415,1.5837644338607788,9.10215663909912,-0.2412802129983902,-0.1195155382156372,-0.587763786315918,-0.1940111368894577,0.0431431792676448,0.978178322315216,-0.2315500206506374,-0.9665917324630271,0.09999990463256836
-0.1711854189634323,1.3443442583084106,9.442132949829102,-0.5004798173904419,-0.1026357412338256,-0.2730560302734375,-0.3191796243190765,0.037816859781742,0.8791088461875916,-0.4971715375019438,-0.8706453408186562,0.09999990463256836
0.2932897210121155,2.163161277770996,8.273762702941895,-0.1712585091590881,0.8059109449386597,-1.4353742599487305,-0.0043942127376794,0.1299621611833572,0.6617950201034546,-0.13844017150902505,-0.6733669845856282,0.09999990463256836
0.456095427274704,1.839944005012512,9.79408073425293,-0.0538673400878906,0.5233930349349976,0.0980195999145507,0.0201068520545959,-0.0569916032254695,0.5813676118850708,-0.058931872610614666,-0.5676593535357649,0.09999990463256836
-0.1065419763326644,1.52630352973938,10.545860290527344,-0.6709296703338623,0.1665910482406616,0.8413543701171875,0.0483363382518291,0.088949516415596,0.4577970504760742,-0.7003088195255591,-0.46730847622593713,0.09999990463256836
-1.217451572418213,-0.3627215623855591,12.56177806854248,-2.0888125896453857,-1.4756771326065063,2.834183692932129,-0.7862977385520935,-0.2423474788665771,0.2277000993490219,-2.2542736049847782,-0.14380493474202605,0.09999990463256836
-0.2837128937244415,1.2725181579589844,8.726266860961914,-1.161811113357544,0.1916407346725464,-1.0358190536499023,0.2906838059425354,-0.1736379712820053,0.3006706535816192,-1.0893985710549061,-0.2969061828051697,0.09999990463256836
-0.9014169573783876,0.7864952683448792,9.85393524169922,-1.405014157295227,-0.1499665379524231,0.0510272979736328,0.1676458716392517,0.1523326933383941,0.6697844862937927,-1.4048563273578596,-0.6864960404230396,0.09999990463256836
0.1592144072055816,1.6316484212875366,7.773374557495117,-0.4637152850627899,0.4354724884033203,-1.9654655456542969,0.151666909456253,0.175768494606018,0.7374287843704224,-0.3850543792958052,-0.7596196152938751,0.09999990463256836
0.3722983598709106,1.7920600175857544,9.27453899383545,-0.3490682244300842,0.512426495552063,-0.4292888641357422,0.219843789935112,-0.1933453530073166,0.6420876383781433,-0.3300151171597167,-0.6195353025554404,0.09999990463256836
0.5614402890205383,1.4496891498565674,11.49875259399414,-0.3855002820491791,0.0947928428649902,1.8130693435668943,0.1436774283647537,-0.1667137593030929,0.6191844940185547,-0.5171060952477227,-0.5971225046973109,0.09999990463256836
-0.3196259140968323,-0.1041477769613266,13.74211883544922,-1.5052454471588137,-1.370927810668945,4.027010917663574,-0.3287670016288757,-0.1523326933383941,0.5552686452865601,-1.8618057297586008,-0.49429827159666007,0.09999990463256836
-0.5638344883918762,1.6867151260375977,5.793369770050049,-1.6194581985473633,0.1228208541870117,-3.89436674118042,0.1873532384634018,0.1731053441762924,0.906273066997528,-1.2848302843419632,-0.9350317037529396,0.09999990463256836
-0.2956839203834533,0.547075092792511,10.272920608520508,-1.0398602485656738,-0.7283275127410889,1.176213264465332,0.0291615929454565,0.3936149179935455,0.9036098718643188,-1.101038358270473,-0.9475072475305852,0.09999990463256836
0.0107739074155688,1.693897724151611,7.124545574188232,-0.7643999457359314,0.2995694875717163,-2.908750057220459,-0.0507331825792789,0.1960085034370422,0.7629950642585754,-0.5828991213551528,-0.7786415727542072,0.09999990463256836
-0.0371101275086402,1.942894697189331,10.751761436462402,-0.8016524314880371,0.8262455463409424,0.9310941696166992,0.1207742616534233,0.049534760415554,0.6873613595962524,-0.8535096681914836,-0.6931252905353488,0.09999990463256836
0.568622887134552,2.0027496814727783,11.436503410339355,-0.2380081415176391,0.7282626628875732,1.4877586364746094,0.0707068741321563,0.0106526361778378,0.3523359596729278,-0.34333178761736527,-0.3537677149437574,0.09999990463256836
0.2238578647375106,1.6747441291809082,10.011953353881836,-0.5884816646575928,0.4282176494598388,0.3132705688476562,-0.0166447442024946,0.0740358233451843,0.3320959508419037,-0.6085040423275963,-0.3380660246072169,0.09999990463256836
0.8200140595436096,1.2318167686462402,9.928155899047852,-0.1380058228969574,-0.3243000507354736,0.9485635757446288,0.4478102028369903,0.0910800397396087,0.1739042848348617,-0.1766579591359868,-0.20519122874471105,0.09999990463256836
0.2142810523509979,0.7793126702308655,9.968857765197754,-0.3070456981658935,-0.9217932224273682,0.1148576736450195,-0.1551290154457092,0.2567285299301147,0.2218411564826965,-0.3056419351829392,-0.25946695604881864,0.09999990463256836
0.3675099611282348,1.40180504322052,8.474875450134277,-0.1588035225868225,-0.2896689176559448,-1.3371210098266602,0.0083889514207839,-0.1059937328100204,0.098803199827671,-0.12579860782595567,-0.07875237879149544,0.09999990463256836
0.2477998733520507,2.036268472671509,9.12849235534668,-0.2317702621221542,0.3170585632324219,-0.5369319915771484,0.0952079370617866,0.1075916290283203,0.1403484791517257,-0.22594873465008786,-0.15873570844518967,0.09999990463256836
0.1089361757040023,1.9955670833587649,11.216236114501951,-0.0609979331493377,0.2339135408401489,1.4990768432617188,0.016378428786993,0.2631201148033142,0.2639190554618835,-0.06068398488512367,-0.30920248904217196,0.09999990463256836
0.1975216418504715,1.2054805755615234,11.8411226272583,0.0359951183199882,-0.4348279237747192,1.3784208297729492,-0.3836280703544616,0.1209074258804321,0.4173170328140259,0.04688065646820058,-0.4361162903155115,0.09999990463256836
-0.2334346622228622,1.217451572418213,8.877100944519043,-0.5247713923454285,-0.7332926988601685,-0.2493314743041992,0.4462123215198517,-0.0862863585352897,0.2500706315040588,-0.5215803599757517,-0.23242455616804264,0.09999990463256836
-0.3627215623855591,1.2246341705322266,9.43255615234375,-0.8270153403282166,-0.6453744173049927,-0.7142553329467773,-0.191347986459732,0.0665789768099784,0.4226433634757995,-0.8202909548873579,-0.42580880213268707,0.09999990463256836
0.3866635859012604,1.9907786846160889,7.648875713348389,-0.0798214226961135,-0.1916463375091552,-1.5653572082519531,0.2225069403648376,-0.1837579756975174,0.148870587348938,-0.042765238585598775,-0.11188474072065452,0.09999990463256836
-0.0179565120488405,2.481590032577514,9.03751277923584,-0.3443095982074737,0.4666385650634765,-0.7415895462036133,-0.0885500386357307,0.1288969069719314,0.1840242892503738,-0.3356147372965735,-0.20585595446239574,0.09999990463256836
0.9564836025238036,2.09133529663086,10.665570259094238,0.2976042032241821,0.1965613365173339,0.8625545501708984,0.085620567202568,-0.4362254738807678,0.0237021166831254,0.25949030680153334,0.06579717376528696,0.09999990463256836
0.5566518902778625,1.885433793067932,10.21306610107422,-0.1377063393592834,-0.1240530014038086,0.2275123596191406,-0.3032006621360779,0.0367515943944454,-0.0146473748609423,-0.1492245661725357,0.02514250004192533,0.09999990463256836
0.6787561774253845,1.478419542312622,9.044695854187012,-0.1714438796043396,-0.4350453615188598,0.237741470336914,0.273106962442398,-0.2098569422960281,-0.0402137041091918,-0.1812859913930081,0.05958434756755238,0.09999990463256836
-0.0514753349125385,0.788889467716217,10.672752380371094,-0.9416574239730836,-0.989316701889038,0.8777399063110352,-0.2739059031009674,0.1709748208522796,-0.0806937217712402,-0.9874881543930223,0.06790223286004364,0.09999990463256836
-0.1400607973337173,2.0003554821014404,7.502829551696777,-0.9979387521743774,0.0434684753417968,-2.2446489334106445,0.1697763949632644,0.0367515943944454,-0.0551273934543132,-0.872110535900236,0.037283795217289355,0.09999990463256836
-0.3435679376125335,2.270900249481201,9.415796279907228,-0.8757438659667969,0.310302734375,-0.3360729217529297,0.084555298089981,0.1789642870426178,0.1520663797855377,-0.865463236909035,-0.18824214989284999,0.09999990463256836
-0.1544260084629058,2.1535844802856445,10.277709007263184,-0.6111030578613281,0.2768464088439941,0.2561502456665039,-0.0416784398257732,0.3249054253101349,0.4780370593070984,-0.6181016516767697,-0.5364226459962095,0.09999990463256836
-0.1496376097202301,1.5837644338607788,11.43171501159668,-0.5139468908309937,-0.335925817489624,1.380840301513672,-0.2675143182277679,-0.0692421346902847,0.5020055174827576,-0.5470005528104093,-0.4694150088686191,0.09999990463256836
-0.9780313968658448,1.171961784362793,10.114903450012209,-1.238289713859558,-0.8381615281105042,0.8385524749755859,0.1079910993576049,0.0990695208311081,0.5744433999061584,-1.2492551958263245,-0.5846021375132274,0.09999990463256836
-0.5398924946784973,0.788889467716217,9.264962196350098,-1.1908276081085205,-0.8921023011207581,-0.8861026763916016,-0.2185122072696685,0.1267663687467575,0.793887734413147,-1.168573018599375,-0.7987325355473989,0.09999990463256836
0.7577648162841797,1.6891093254089355,6.901885032653809,0.0398709774017334,-0.3038226366043091,-2.451202392578125,0.2336922138929367,-0.2258358895778656,0.5621928572654724,0.15227261341652387,-0.5172517746346286,0.09999990463256836
0.4177882075309753,2.01232647895813,9.425373077392578,-0.2493813037872314,0.2304646968841552,-0.4393787384033203,-0.0810931921005249,0.0958737283945083,0.4151864945888519,-0.22957006429227206,-0.42127717223409805,0.09999990463256836
0.9397241473197936,2.481590032577514,10.682329177856444,0.0709016919136047,0.6338866949081421,0.8911161422729492,0.1079910993576049,-0.0985368862748146,0.2633864283561706,0.009667306406285985,-0.24525548820263968,0.09999990463256836
0.8391677141189575,1.8806453943252563,10.45966911315918,0.0176122784614563,0.1438616514205932,0.7346773147583008,-0.2515353858470917,0.1837579756975174,-0.0284958016127347,-0.02610849793658289,0.007024671898275037,0.09999990463256836
0.6643909811973572,1.136048674583435,10.481216430664062,0.0068127810955047,-0.6278420686721802,1.5754013061523438,0.1772332340478897,0.0617852918803691,-0.2063948363065719,-0.06171139509768612,0.18448978542263084,0.09999990463256836
1.171961784362793,1.0211269855499268,9.042301177978516,0.5635159015655518,-0.6866899728775024,-1.0303010940551758,0.0046605286188423,-0.210389569401741,-0.2708432674407959,0.6154936325128106,0.30532435111913897,0.09999990463256836
0.5159504413604736,1.4449007511138916,7.955333709716797,0.045130580663681,-0.4751989841461181,-1.3624401092529297,0.1756353378295898,0.2364885210990905,-0.2708432674407959,0.09217851481703439,0.21366664359370757,0.09999990463256836
0.1161187812685966,2.09133529663086,9.205106735229492,-0.1212822124361991,0.1506999731063842,-0.5718708038330078,0.024367906153202,0.093743197619915,-0.2213085144758224,-0.11708917935762687,0.19843102464083318,0.09999990463256836
0.0251391176134347,2.146401882171631,10.253767013549805,-0.1439602375030517,0.2755303382873535,0.424081802368164,0.0366184376180172,0.2503369450569153,-0.0551273934543132,-0.14336140562563396,0.001566598443171946,0.09999990463256836
-0.2286462634801864,1.780089020729065,9.911396026611328,-0.0628156140446662,0.018383502960205,0.7742891311645508,0.1628521829843521,0.0884168818593025,0.1195758432149887,-0.0561412518696819,-0.13423761568994458,0.09999990463256836
-0.2238578647375106,1.162384867668152,11.601702690124512,-0.2490418553352356,-1.0328270196914673,2.1121597290039062,-0.14554163813591,-0.1198421567678451,0.2069274634122848,-0.22742455057312896,-0.18244690268453068,0.09999990463256836
-0.1017535701394081,0.7864952683448792,8.920196533203125,-0.1543256789445877,-0.9825087189674376,-0.7375764846801758,-0.6083986759185791,0.408528596162796,0.3816306889057159,-0.16950076464050787,-0.4617262027694238,0.09999990463256836
0.3435679376125335,1.6531962156295776,6.813299655914307,0.3512094914913177,-0.1562763452529907,-2.8550968170166016,0.5016059875488281,-0.2593916952610016,0.1387505829334259,0.286436293664708,-0.0749923860454837,0.09999990463256836
0.1448491960763931,2.163161277770996,9.008782386779783,0.0859221071004867,0.3672709465026855,-0.6071319580078125,-0.0422110706567764,-0.0601873956620693,0.0870852991938591,0.07740819796925777,-0.07463142594933983,0.09999990463256836
0.8822633028030396,2.3092074394226074,9.545083999633787,0.6143137812614441,0.4722900390625,-0.0585279464721679,-0.0129163218662142,-0.2918822467327118,-0.1131842583417892,0.6141173485042668,0.16815887048106226,0.09999990463256836
0.7266402244567871,1.361103653907776,11.43410873413086,0.5433421730995178,-0.2575380802154541,1.7594146728515625,-0.4422175586223602,0.4303665161132812,-0.2250369489192962,0.549199318522647,0.14573077170026366,0.09999990463256836
0.930147349834442,0.4177882075309753,11.790844917297363,0.8425036668777466,-0.958842933177948,2.025792121887207,0.1111868917942047,-0.2242379933595657,-0.5195823311805725,0.8668057940601438,0.5483834003773509,0.09999990463256836
1.521515130996704,0.9253589510917664,8.486846923828125,1.1112689971923828,-0.6904067993164062,-1.2210369110107422,-0.0459394939243793,-0.1017326787114143,-0.7278413772583008,1.1366531401204287,0.7352500003398041,0.09999990463256836
0.5805938839912415,1.1336544752120972,7.344812393188477,0.3900705575942993,-0.5732533931732178,-2.3343706130981445,0.3055975139141083,0.057524237781763,-0.5776392221450806,0.38350998963737976,0.5584474874130192,0.09999990463256836
0.7793126702308655,1.923741102218628,9.25299072265625,0.5901464223861694,0.2371635437011718,-0.3828601837158203,-0.1093226820230484,-0.0447410717606544,-0.3464770019054413,0.5891786957111299,0.3485503328795579,0.09999990463256836
0.2549824714660644,1.701080322265625,9.901819229125977,0.1385864168405532,-0.0384951829910278,0.2736005783081054,-0.0033289489801973,0.132625326514244,-0.2958769798278808,0.14126688513302135,0.2660755024011879,0.09999990463256836
-0.333991140127182,0.6141127347946167,10.82598114013672,-0.5131479501724243,-0.9438490867614746,1.1497297286987305,-0.7037398219108582,-0.0250336956232786,0.0759000331163406,-0.5093356672284093,-0.07340272257504961,0.09999990463256836
-0.5207388401031494,0.7577648162841797,9.80605125427246,-0.911273956298828,-0.5794258117675781,0.0317087173461914,0.3071953952312469,-0.1310274302959442,0.0034621069207787,-0.9100899800158494,0.009990443634366276,0.09999990463256836
-0.7529764175415039,0.3531447649002075,9.207501411437988,-0.8556520938873291,-0.9491671323776244,-0.5415439605712891,-0.224903792142868,0.3131875097751617,0.2569948434829712,-0.8633274695487057,-0.3010007095193128,0.09999990463256836
0.606930136680603,1.5861586332321167,7.864354133605957,0.2129732221364975,0.1980005502700805,-1.8575868606567385,0.1857553422451019,-0.5209138989448547,-0.0508663393557071,0.24529113660739477,0.12469810664034517,0.09999990463256836
0.4082113802433014,1.5741876363754272,9.221866607666016,-0.0401758402585983,0.1316499710083007,-0.4615411758422851,0.0094542149454355,0.1699095517396927,-0.1414137482643127,-0.029913693745887426,0.11306642468201702,0.09999990463256836
0.4776432514190674,1.600523829460144,10.395025253295898,0.1208388805389404,0.0814070701599121,0.7241935729980469,0.0392815954983234,0.0340884365141391,-0.2788327634334564,0.11048504585510621,0.2689578533637578,0.09999990463256836
0.6548141837120056,1.1240776777267456,10.94808578491211,0.3279331922531128,-0.2979787588119507,1.2358732223510742,-0.3948133289813995,0.0692421346902847,-0.3842938542366028,0.31482046256267476,0.37357119251714804,0.09999990463256836
1.1288660764694214,0.4513070285320282,10.565013885498049,0.9591885209083556,-0.7741894125938416,0.7668848037719727,0.2379532605409622,-0.2151832580566406,-0.6394245028495789,0.9623421452272007,0.6633788970859017,0.09999990463256836
1.2844891548156738,0.0945709645748138,10.04068374633789,1.1080284118652344,-1.179798603057861,0.2799768447875976,-0.3223754167556762,0.2412822097539901,-0.8796414732933044,1.1084879957613856,0.8368017076232661,0.09999990463256836
0.2454056739807129,1.0594342947006226,6.964134216308594,0.3337759971618652,-0.2367151975631714,-2.7698864936828613,-0.0081226350739598,0.0814926698803901,-0.7608645558357239,0.2473052759351836,0.7413646805366526,0.09999990463256836
0.6835445761680603,1.698686122894287,9.118915557861328,0.8252867460250854,0.3991634845733642,-0.5843877792358398,0.1447426974773407,-0.0697747692465782,-0.7635276913642883,0.8050886878974992,0.7705310073017516,0.09999990463256836
0.8104372620582581,0.8176198601722717,10.940903663635254,0.9965413808822632,-0.5199280977249146,1.2362546920776367,0.1468732208013534,-0.1603221744298935,-0.6980140209197998,1.04196098586424,0.7192817346712044,0.09999990463256836
0.6619967818260193,0.5566518902778625,10.306439399719238,0.8363099098205566,-0.7950647473335266,0.5990276336669922,-0.5530049800872803,0.377103328704834,-0.6692518591880798,0.853957202938107,0.5845811593864328,0.09999990463256836
1.0307037830352783,0.669179379940033,8.98005199432373,1.2155706882476809,-0.6102926135063171,-0.7696237564086914,0.2555301189422607,-0.4101265072822571,-1.0852373838424685,1.1790576339135017,1.1409450211377685,0.09999990463256836
0.7553706169128418,-0.2717418968677521,11.216236114501951,1.2277381420135498,-1.346418023109436,1.457719802856445,-0.019307903945446,0.2024000883102417,-1.492700695991516,1.3116849581995151,1.4536623857887183,0.09999990463256836
1.016338586807251,0.5494692921638489,9.133280754089355,1.3657827377319336,-0.445311963558197,-0.6176128387451172,-0.0976047813892364,-0.4367581009864807,-1.7206671237945557,1.3231341977728786,1.7496150482160853,0.09999990463256836
1.0809820890426636,0.0131681095808744,9.52353572845459,1.3230717182159424,-0.7856664657592773,-0.2372312545776367,-0.3069290816783905,-0.1384842693805694,-2.0333218574523926,1.305844630858698,2.0209606220430287,0.09999990463256836
0.3244143426418304,-0.4991910457611084,9.92097282409668,0.5523547530174255,-1.134426832199097,0.1319313049316406,0.0344879105687141,-0.364320158958435,-2.1835241317749023,0.5534325757190376,2.2035777012716253,0.09999990463256836
0.7194576263427734,-0.3699041604995727,10.713454246520996,0.7541030049324036,-0.9680887460708618,0.9038057327270508,-0.035286858677864,-0.3195790946483612,-2.366216897964477,0.7749691797464349,2.380947630870014,0.09999990463256836
0.7601590156555176,-1.1863269805908203,10.323199272155762,0.7532395124435425,-1.6932625770568848,0.4857921600341797,0.0632500275969505,-0.041545283049345,-2.418947458267212,0.7610849943710523,2.4179206473507797,0.09999990463256836
0.4297592043876648,0.1951274424791336,8.295310020446777,0.3813949227333069,-0.1808841228485107,-1.496551513671875,-0.4837628602981567,-0.2311622053384781,-2.143044233322144,0.3553923079458341,2.1428370048567844,0.09999990463256836
0.5901707410812378,0.7817068696022034,9.202713012695312,0.451886773109436,0.7134954929351807,-0.6030263900756836,-0.0262321177870035,-0.0932105705142021,-1.926795601844788,0.44708418791104265,1.9277180426062999,0.09999990463256836
-0.0011971008498221,0.997184991836548,10.761338233947754,-0.1875100582838058,1.0199607610702517,0.9557418823242188,-0.0773647725582122,0.0404800176620483,-1.5667364597320557,-0.1844574352244662,1.566213464736058,0.09999990463256836
-0.7769184708595276,1.3467384576797483,10.64402198791504,-1.1178499460220337,1.283115267753601,0.8196821212768555,0.2006690353155136,-0.2455432713031768,-1.2114710807800293,-1.1281950111052916,1.2123455408260795,0.09999990463256836
-0.0969651713967323,-0.6428431272506714,13.306374549865724,-0.1527385711669922,-0.4831985235214233,3.4592723846435547,-0.1428784877061844,0.221042200922966,-0.714525580406189,-0.09593186789736546,0.713817818284359,0.09999990463256836
0.4010287821292877,0.1903390288352966,8.273762702941895,0.2461796402931213,0.1846951246261596,-2.16165828704834,0.0653805583715438,-0.0607200264930725,-0.7880287766456604,0.2628483156487077,0.7887555565631639,0.09999990463256836
0.243011474609375,0.1424549967050552,9.640851974487305,0.2824667096138,-0.1680817902088165,-0.0462875366210937,0.2134522050619125,0.3195790946483612,-0.6090644598007202,0.28096238479373753,0.6051509995179444,0.09999990463256836
0.2310404628515243,1.1791443824768066,6.78696346282959,-0.186352252960205,0.6445831060409546,-2.6107406616210938,-0.0081226350739598,-0.6902908682823181,-0.6362286806106567,-0.2554152233478416,0.6704343329591703,0.09999990463256836
-0.5398924946784973,1.677138328552246,10.04307746887207,-1.103036403656006,1.5049359798431396,0.2422132492065429,0.0387489646673202,-0.3185138404369354,-0.6218476295471191,-1.112563953981986,0.6261307573238907,0.09999990463256836
-0.3315969407558441,1.6101006269454956,9.966463088989258,-1.1726104021072388,1.3828009366989136,-0.1601362228393554,0.0712395086884498,-0.1800295561552047,-0.316116988658905,-1.1654239531538337,0.31875987350167906,0.09999990463256836
0.9756371974945068,1.6388310194015503,11.448473930358888,0.2480249404907226,1.0109832286834717,1.829390525817871,-0.0209057983011007,-0.0814926698803901,-0.328367531299591,0.11971179186867514,0.33221954270943627,0.09999990463256836
0.7314286231994629,-0.4058171808719635,12.035053253173828,0.152474045753479,-0.5388649702072144,2.0167598724365234,-0.2600574791431427,0.1789642870426178,-0.2484727501869201,0.057263379378353116,0.25493822296925256,0.09999990463256836
1.6316484212875366,-0.1089361757040023,8.357559204101562,1.0880837440490725,-0.5301079154014587,-1.4832983016967771,0.4030691385269165,-0.0154463229700922,-0.6085318326950073,1.15482437679494,0.58941503417475,0.09999990463256836
0.4944026470184326,0.7410054206848145,8.834005355834961,-0.1318088322877884,-0.4500050246715545,-0.3473644256591797,0.8014777302742004,0.2684464454650879,-0.9036098718643188,-0.12207273806613399,0.8541976110663295,0.09999990463256836
-0.1855506300926208,1.895010590553284,9.133280754089355,-0.2159738838672638,0.8072654008865356,-3.6855392456054688,-0.005459476262331,-0.5251749753952026,-0.8327698707580566,-0.21692919759220788,0.9089966207627173,0.09999990463256836
0.1017535701394081,2.3546974658966064,9.552266120910645,-0.0538276210427284,0.4340978860855102,0.2077703475952148,0.0259658005088567,-0.0623179227113723,-0.2229064106941223,-0.05122258466637117,0.23104587622605008,0.09999990463256836
-0.5997475385665894,2.551021814346313,11.802815437316896,-1.1422871351242063,0.7678556442260742,2.6363487243652344,-0.0651142373681068,-0.2396843135356903,-0.2005358785390854,-1.1738816438502147,0.24153077388197194,0.09999990463256836
-0.8104372620582581,0.1568202078342437,13.270461082458496,-1.0122015476226809,-1.0821120738983154,2.993270874023437,-0.5807018280029297,0.2295643091201782,-0.0673779249191284,-1.0514519404450406,0.03862101877288445,0.09999990463256836
-1.6292542219161987,0.7864952683448792,7.170035362243652,-1.982554912567139,-0.7366073131561279,-2.986121654510498,0.1830921918153762,-0.1528653353452682,0.1366200596094131,-1.9633481643112745,-0.10946688244316374,0.09999990463256836
-0.1328781992197036,1.2198457717895508,7.275380611419678,-0.5018780827522278,-0.5279034376144409,-1.7437591552734375,0.2768353819847107,-0.345145434141159,0.1632516533136367,-0.48062665555733725,-0.10523405130476904,0.09999990463256836
0.1017535701394081,2.187103271484375,8.393472671508789,-0.3172747194766998,0.5146504640579224,-0.982196807861328,0.1431448012590408,0.035686332732439,0.1648495495319366,-0.28691799317289024,-0.1733347343379802,0.09999990463256836
0.0682347491383552,2.364274263381958,9.964069366455078,-0.6245523691177368,0.6791263818740845,0.2927560806274414,0.1468732208013534,-0.0644484534859657,0.098803199827671,-0.6377176480203326,-0.09082572666695868,0.09999990463256836
0.4896142482757568,2.208651065826416,11.402984619140623,-0.6298316717147827,0.7138568162918091,1.8794422149658203,-0.1098553165793418,-0.0479368641972541,0.0332894884049892,-0.7150865916350762,-0.019324232330791946,0.09999990463256836
1.1408370733261108,0.5207388401031494,12.47079849243164,0.5472186803817749,-0.7879486680030823,2.9124794006347656,-0.1972069293260574,0.0340884365141391,-0.1627190262079239,0.4085362570950075,0.16499729471223823,0.09999990463256836
1.4879963397979736,0.6715735793113708,8.199542045593262,0.9848207235336304,-0.7355196475982666,-2.0176167488098145,-0.0842889845371246,-0.0617852918803691,-0.3123885691165924,1.0761413007994114,0.32172228947078857,0.09999990463256836
0.50876784324646,1.2006921768188477,7.004835605621338,0.0032340288162231,-0.4405779838562011,-2.2383718490600586,0.2826943397521972,0.0708400309085846,-0.2974748611450195,0.0797611835906059,0.2720214734520591,0.09999990463256836
0.4034229815006256,1.8303672075271609,9.006388664245605,-0.0151952654123306,0.3057959079742431,-1.0734825134277344,-0.2653838098049164,0.1241032108664512,-0.2713759243488312,0.005519621876076436,0.2530617065080327,0.09999990463256836
0.180762231349945,2.220622062683105,9.233837127685549,-0.1611475646495819,0.6049603223800659,-0.4626264572143554,0.0850879326462745,-0.0021305272821336,-0.121706373989582,-0.15485899318464572,0.11884046350738395,0.09999990463256836
0.3914519846439361,2.036268472671509,10.605714797973633,0.3730957210063934,0.7625010013580322,1.4355945587158203,0.1000016257166862,0.1336905807256698,0.1424790173768997,0.36001714370972404,-0.16297114567400658,0.09999990463256836
-0.2023100405931472,0.2286462634801864,13.529035568237305,-0.2244426012039184,-1.054226994514465,4.553476333618164,-0.0203731674700975,0.1059937328100204,0.2292979955673217,-0.16858187253179407,-0.24093963895220782,0.09999990463256836
-0.4297592043876648,0.3699041604995727,9.351153373718262,-0.8351821303367615,-0.9344447255134584,-1.4322900772094729,-0.2510027587413788,-0.0846884623169899,0.2894853949546814,-0.8425113297788497,-0.2750809811712486,0.09999990463256836
