t,matched
33134,True
33139,True
33144,True
33149,True
33154,True
33159,True
33164,True
33169,True
33174,True
33179,True
33184,True
33189,True
33194,True
33199,True
33204,True
33209,True
33214,True
33219,True
33224,True
33229,True
33234,True
33239,True
33244,True
33249,True
33254,True
33259,True
33264,True
33269,True
33274,True
33279,True
33284,True
33289,True
33294,True
33299,True
33304,True
33309,True
33314,True
33319,True
33324,True
33329,True
33334,True
33339,True
33344,True
33349,True
33354,True
33359,True
33364,True
33369,True
33374,True
33379,True
33384,True
33389,True
33394,True
33399,True
33404,True
33409,True
33414,True
33419,True
33424,True
33429,True
33434,True
33439,True
33444,True
33449,True
33454,True
33459,True
33464,True
33469,True
33474,True
33479,True
33484,True
33489,True
44024,True
44029,True
44034,True
44039,True
44044,True
44049,True
44054,True
44059,True
44064,True
44069,True
44074,True
44079,True
44084,True
44089,True
44094,True
44099,True
44104,True
44109,True
44114,True
44119,True
44124,True
44129,True
44134,True
44139,True
44144,True
44149,True
44154,True
44159,True
44164,True
44169,True
44174,True
44179,True
44184,True
44189,True
44194,True
44199,True
44204,True
44209,True
44214,True
44219,True
44224,True
44229,True
44234,True
44239,True
44244,True
44249,True
44254,True
44259,True
44264,True
44269,True
44274,True
44279,True
44284,True
44289,True
44294,True
44299,True
44304,True
44309,True
44314,True
44319,True
44324,True
44329,True
44334,True
44339,True
44344,True
44349,True
44354,True
44359,True
44364,True
44369,True
44374,True
44379,True
59234,True
59239,True
59244,True
59249,True
59254,True
59259,True
59264,True
59269,True
59274,True
59279,True
59284,True
59289,True
59294,True
59299,True
59304,True
59309,True
59314,True
59319,True
59324,True
59329,True
59334,True
59339,True
59344,True
59349,True
59354,True
59359,True
59364,True
59369,True
59374,True
59379,True
59384,True
59389,True
59394,True
59399,True
59404,True
59409,True
59414,True
59419,True
59424,True
59429,True
59434,True
59439,True
59444,True
59449,True
59454,True
59459,True
59464,True
59469,True
59474,True
59479,True
59484,True
59489,True
59494,True
59499,True
59504,True
59509,True
59514,True
59519,True
59524,True
59529,True
59534,True
59539,True
59544,True
59549,True
59554,True
59559,True
59564,True
59569,True
59574,True
59579,True
59584,True
59589,True
42044,True
42049,True
42054,True
42059,True
42064,True
42069,True
42074,True
42079,True
42084,True
42089,True
42094,True
42099,True
42104,True
42109,True
42114,True
42119,True
42124,True
42129,True
42134,True
42139,True
42144,True
42149,True
42154,True
42159,True
42164,True
42169,True
42174,True
42179,True
42184,True
42189,True
42194,True
42199,True
42204,True
42209,True
42214,True
42219,True
42224,True
42229,True
42234,True
42239,True
42244,True
42249,True
42254,True
42259,True
42264,True
42269,True
42274,True
42279,True
42284,True
42289,True
42294,True
42299,True
42304,True
42309,True
42314,True
42319,True
42324,True
42329,True
42334,True
42339,True
42344,True
42349,True
42354,True
42359,True
42364,True
42369,True
42374,True
42379,True
42384,True
42389,True
42394,True
42399,True
21525,True
21530,True
21535,True
21540,True
21545,True
21550,True
21555,True
21560,True
21565,True
21570,True
21575,True
21580,True
21585,True
21590,True
21595,True
21600,True
21605,True
21610,True
21615,True
21620,True
21625,True
21630,True
21635,True
21640,True
21645,True
21650,True
21655,True
21660,True
21665,True
21670,True
21675,True
21680,True
21685,True
21690,True
21695,True
21700,True
21705,True
21710,True
21715,True
21720,True
21725,True
21730,True
21735,True
21740,True
21745,True
21750,True
21755,True
21760,True
21765,True
21770,True
21775,True
21780,True
21785,True
21790,True
21795,True
21800,True
21805,True
21810,True
21815,True
21820,True
21825,True
21830,True
21835,True
21840,True
21845,True
21850,True
21855,True
21860,True
21865,True
21870,True
21875,True
62295,True
62300,True
62305,True
62310,True
62315,True
62320,True
62325,True
62330,True
62335,True
62340,True
62345,True
62350,True
62355,True
62360,True
62365,True
62370,True
62375,True
62380,True
62385,True
62390,True
62395,True
62400,True
62405,True
62410,True
62415,True
62420,True
62425,True
62430,True
62435,True
62440,True
62445,True
62450,True
62455,True
62460,True
62465,True
62470,True
62475,True
62480,True
62485,True
62490,True
62495,True
62500,True
62505,True
62510,True
62515,True
62520,True
62525,True
62530,True
62535,True
62540,True
62545,True
62550,True
62555,True
62560,True
62565,True
62570,True
62575,True
62580,True
62585,True
62590,True
62595,True
62600,True
62605,True
62610,True
62615,True
62620,True
62625,True
62630,True
62635,True
62640,True
62645,True
39344,True
39349,True
39354,True
39359,True
39364,True
39369,True
39374,True
39379,True
39384,True
39389,True
39394,True
39399,True
39404,True
39409,True
39414,True
39419,True
39424,True
39429,True
39434,True
39439,True
39444,True
39449,True
39454,True
39459,True
39464,True
39469,True
39474,True
39479,True
39484,True
39489,True
39494,True
39499,True
39504,True
39509,True
39514,True
39519,True
39524,True
39529,True
39534,True
39539,True
39544,True
39549,True
39554,True
39559,True
39564,True
39569,True
39574,True
39579,True
39584,True
39589,True
39594,True
39599,True
39604,True
39609,True
39614,True
39619,True
39624,True
39629,True
39634,True
39639,True
39644,True
39649,True
39654,True
39659,True
39664,True
39669,True
39674,True
39679,True
39684,True
39689,True
39694,True
39699,True
23415,True
23420,True
23425,True
23430,True
23435,True
23440,True
23445,True
23450,True
23455,True
23460,True
23465,True
23470,True
23475,True
23480,True
23485,True
23490,True
23495,True
23500,True
23505,True
23510,True
23515,True
23520,True
23525,True
23530,True
23535,True
23540,True
23545,True
23550,True
23555,True
23560,True
23565,True
23570,True
23575,True
23580,True
23585,True
23590,True
23595,True
23600,True
23605,True
23610,True
23615,True
23620,True
23625,True
23630,True
23635,True
23640,True
23645,True
23650,True
23655,True
23660,True
23665,True
23670,True
23675,True
23680,True
23685,True
23690,True
23695,True
23700,True
23705,True
23710,True
23715,True
23720,True
23725,True
23730,True
23735,True
23740,True
23745,True
23750,True
23755,True
23760,True
23765,True
60764,True
60769,True
60774,True
60779,True
60784,True
60789,True
60794,True
60799,True
60804,True
60809,True
60814,True
60819,True
60824,True
60829,True
60834,True
60839,True
60844,True
60849,True
60854,True
60859,True
60864,True
60869,True
60874,True
60879,True
60884,True
60889,True
60894,True
60899,True
60904,True
60909,True
60914,True
60919,True
60924,True
60929,True
60934,True
60939,True
60944,True
60949,True
60954,True
60959,True
60964,True
60969,True
60974,True
60979,True
60984,True
60989,True
60994,True
60999,True
61004,True
61009,True
61014,True
61019,True
61024,True
61029,True
61034,True
61039,True
61044,True
61049,True
61054,True
61059,True
61064,True
61069,True
61074,True
61079,True
61084,True
61089,True
61094,True
61099,True
61104,True
61109,True
61114,True
61119,True
61124,True
61129,True
61134,True
61139,True
61144,True
61149,True
61154,True
61159,True
61164,True
61169,True
61174,True
61179,True
61184,True
61189,True
61194,True
61199,True
61204,True
61209,True
61214,True
61219,True
61224,True
61229,True
61234,True
61239,True
61244,True
61249,True
61254,True
61259,True
61264,True
61269,True
61274,True
61279,True
61284,True
61289,True
61294,True
61299,True
61304,True
61309,True
61314,True
61319,True
61324,True
61329,True
61334,True
61339,True
61344,True
61349,True
61354,True
61359,True
61364,True
61369,True
61374,True
61379,True
61384,True
61389,True
61575,True
61580,True
61585,True
61590,True
61595,True
61600,True
61605,True
61610,True
61615,True
61620,True
61625,True
61630,True
61635,True
61640,True
61645,True
61650,True
61655,True
61660,True
61665,True
61670,True
61675,True
61680,True
61685,True
61690,True
61695,True
61700,True
61705,True
61710,True
61715,True
61720,True
61725,True
61730,True
61735,True
61740,True
61745,True
61750,True
61755,True
61760,True
61765,True
61770,True
61775,True
61780,True
61785,True
61790,True
61795,True
61800,True
61805,True
61810,True
61815,True
61820,True
61825,True
61830,True
61835,True
61840,True
61845,True
61850,True
61855,True
61860,True
61865,True
61870,True
61875,True
61880,True
61885,True
61890,True
61895,True
61900,True
61905,True
61910,True
61915,True
61920,True
61925,True
61930,True
61935,True
61940,True
61945,True
61950,True
61955,True
61960,True
61965,True
61970,True
61975,True
61980,True
61985,True
61990,True
61995,True
62000,True
62005,True
62010,True
62015,True
62020,True
62025,True
62030,True
62035,True
62040,True
62045,True
62050,True
62055,True
62060,True
62065,True
62070,True
62075,True
62080,True
62085,True
62090,True
62095,True
62100,True
62105,True
62110,True
62115,True
62120,True
62125,True
62130,True
62135,True
62140,True
62145,True
62150,True
62155,True
62160,True
62165,True
62170,True
62175,True
62180,True
62185,True
62190,True
62195,True
49605,True
49610,True
49615,True
49620,True
49625,True
49630,True
49635,True
49640,True
49645,True
49650,True
49655,True
49660,True
49665,True
49670,True
49675,True
49680,True
49685,True
49690,True
49695,True
49700,True
49705,True
49710,True
49715,True
49720,True
49725,True
49730,True
49735,True
49740,True
49745,True
49750,True
49755,True
49760,True
49765,True
49770,True
49775,True
49780,True
49785,True
49790,True
49795,True
49800,True
49805,True
49810,True
49815,True
49820,True
49825,True
49830,True
49835,True
49840,True
49845,True
49850,True
49855,True
49860,True
49865,True
49870,True
49875,True
49880,True
49885,True
49890,True
49895,True
49900,True
49905,True
49910,True
49915,True
49920,True
49925,True
49930,True
49935,True
49940,True
49945,True
49950,True
49955,True
49960,True
49965,True
49970,True
49975,True
49980,True
49985,True
49990,True
49995,True
50000,True
50005,True
50010,True
50015,True
50020,True
50025,True
50030,True
50035,True
50040,True
50045,True
50050,True
50055,True
50060,True
50065,True
50070,True
50075,True
50080,True
50085,True
50090,True
50095,True
50100,True
50105,True
50110,True
50115,True
50120,True
50125,True
50130,True
50135,True
50140,True
50145,True
50150,True
50155,True
50160,True
50165,True
50170,True
50175,True
50180,True
50185,True
50190,True
50195,True
50200,True
50205,True
50210,True
50215,True
50220,True
50225,True
50230,True
59054,True
59059,True
59064,True
59069,True
59074,True
59079,True
59084,True
59089,True
59094,True
59099,True
59104,True
59109,True
59114,True
59119,True
59124,True
59129,True
59134,True
59139,True
59144,True
59149,True
59154,True
59159,True
59164,True
59169,True
59174,True
59179,True
59184,True
59189,True
59194,True
59199,True
59204,True
59209,True
59214,True
59219,True
59224,True
59229,True
59234,True
59239,True
59244,True
59249,True
59254,True
59259,True
59264,True
59269,True
59274,True
59279,True
59284,True
59289,True
59294,True
59299,True
59304,True
59309,True
59314,True
59319,True
59324,True
59329,True
59334,True
59339,True
59344,True
59349,True
59354,True
59359,True
59364,True
59369,True
59374,True
59379,True
59384,True
59389,True
59394,True
59399,True
59404,True
59409,True
59414,True
59419,True
59424,True
59429,True
59434,True
59439,True
59444,True
59449,True
59454,True
59459,True
59464,True
59469,True
59474,True
59479,True
59484,True
59489,True
59494,True
59499,True
59504,True
59509,True
59514,True
59519,True
59524,True
59529,True
59534,True
59539,True
59544,True
59549,True
59554,True
59559,True
59564,True
59569,True
59574,True
59579,True
59584,True
59589,True
59594,True
59599,True
59604,True
59609,True
59614,True
59619,True
59624,True
59629,True
59634,True
59639,True
59644,True
59649,True
59654,True
59659,True
59664,True
59669,True
59674,True
59679,True
53205,True
53210,True
53215,True
53220,True
53225,True
53230,True
53235,True
53240,True
53245,True
53250,True
53255,True
53260,True
53265,True
53270,True
53275,True
53280,True
53285,True
53290,True
53295,True
53300,True
53305,True
53310,True
53315,True
53320,True
53325,True
53330,True
53335,True
53340,True
53345,True
53350,True
53355,True
53360,True
53365,True
53370,True
53375,True
53380,True
53385,True
53390,True
53395,True
53400,True
53405,True
53410,True
53415,True
53420,True
53425,True
53430,True
53435,True
53440,True
53445,True
53450,True
53455,True
53460,True
53465,True
53470,True
53475,True
53480,True
53485,True
53490,True
53495,True
53500,True
53505,True
53510,True
53515,True
53520,True
53525,True
53530,True
53535,True
53540,True
53545,True
53550,True
53555,True
53560,True
53565,True
53570,True
53575,True
53580,True
53585,True
53590,True
53595,True
53600,True
53605,True
53610,True
53615,True
53620,True
53625,True
53630,True
53635,True
53640,True
53645,True
53650,True
53655,True
53660,True
53665,True
53670,True
53675,True
53680,True
53685,True
53690,True
53695,True
53700,True
53705,True
53710,True
53715,True
53720,True
53725,True
53730,True
53735,True
53740,True
53745,True
53750,True
53755,True
53760,True
53765,True
53770,True
53775,True
53780,True
53785,True
53790,True
53795,True
53800,True
53805,True
53810,True
53815,True
53820,True
53825,True
66074,True
66079,True
66084,True
66089,True
66094,True
66099,True
66104,True
66109,True
66114,True
66119,True
66124,True
66129,True
66134,True
66139,True
66144,True
66149,True
66154,True
66159,True
66164,True
66169,True
66174,True
66179,True
66184,True
66189,True
66194,True
66199,True
66204,True
66209,True
66214,True
66219,True
66224,True
66229,True
66234,True
66239,True
66244,True
66249,True
66254,True
66259,True
66264,True
66269,True
66274,True
66279,True
66284,True
66289,True
66294,True
66299,True
66304,True
66309,True
66314,True
66319,True
66324,True
66329,True
66334,True
66339,True
66344,True
66349,True
66354,True
66359,True
66364,True
66369,True
66374,True
66379,True
66384,True
66389,True
66394,True
66399,True
66404,True
66409,True
66414,True
66419,True
66424,True
66429,True
66434,True
66439,True
66444,True
66449,True
66454,True
66459,True
66464,True
66469,True
66474,True
66479,True
66484,True
66489,True
66494,True
66499,True
66504,True
66509,True
66514,True
66519,True
66524,True
66529,True
66534,True
66539,True
66544,True
66549,True
66554,True
66559,True
66564,True
66569,True
66574,True
66579,True
66584,True
66589,True
66594,True
66599,True
66604,True
66609,True
66614,True
66619,True
66624,True
66629,True
66634,True
66639,True
66644,True
66649,True
66654,True
66659,True
66664,True
66669,True
66674,True
66679,True
66684,True
66689,True
66694,True
66699,True
17564,True
17569,True
17574,True
17579,True
17584,True
17589,True
17594,True
17599,True
17604,True
17609,True
17614,True
17619,True
17624,True
17629,True
17634,True
17639,True
17644,True
17649,True
17654,True
17659,True
17664,True
17669,True
17674,True
17679,True
17684,True
17689,True
17694,True
17699,True
17704,True
17709,True
17714,True
17719,True
17724,True
17729,True
17734,True
17739,True
17744,True
17749,True
17754,True
17759,True
17764,True
17769,True
17774,True
17779,True
17784,True
17789,True
17794,True
17799,True
17804,True
17809,True
17814,True
17819,True
17824,True
17829,True
17834,True
17839,True
17844,True
17849,True
17854,True
17859,True
17864,True
17869,True
17874,True
17879,True
17884,True
17889,True
17894,True
17899,True
17904,True
17909,True
17914,True
17919,True
17924,True
17929,True
17934,True
17939,True
17944,True
17949,True
17954,True
17959,True
17964,True
17969,True
17974,True
17979,True
17984,True
17989,True
17994,True
17999,True
18004,True
18009,True
18014,True
18019,True
18024,True
18029,True
18034,True
18039,True
18044,True
18049,True
18054,True
18059,True
18064,True
18069,True
18074,True
18079,True
18084,True
18089,True
18094,True
18099,True
18104,True
18109,True
18114,True
18119,True
18124,True
18129,True
18134,True
18139,True
18144,True
18149,True
18154,True
18159,True
18164,True
18169,True
18174,True
18179,True
18184,True
18189,True
69224,True
69229,True
69234,True
69239,True
69244,True
69249,True
69254,True
69259,True
69264,True
69269,True
69274,True
69279,True
69284,True
69289,True
69294,True
69299,True
69304,True
69309,True
69314,True
69319,True
69324,True
69329,True
69334,True
69339,True
69344,True
69349,True
69354,True
69359,True
69364,True
69369,True
69374,True
69379,True
69384,True
69389,True
69394,True
69399,True
69404,True
69409,True
69414,True
69419,True
69424,True
69429,True
69434,True
69439,True
69444,True
69449,True
69454,True
69459,True
69464,True
69469,True
69474,True
69479,True
69484,True
69489,True
69494,True
69499,True
69504,True
69509,True
69514,True
69519,True
69524,True
69529,True
69534,True
69539,True
69544,True
69549,True
69554,True
69559,True
69564,True
69569,True
69574,True
69579,True
69584,True
69589,True
69594,True
69599,True
69604,True
69609,True
69614,True
69619,True
69624,True
69629,True
69634,True
69639,True
69644,True
69649,True
69654,True
69659,True
69664,True
69669,True
69674,True
69679,True
69684,True
69689,True
69694,True
69699,True
69704,True
69709,True
69714,True
69719,True
69724,True
69729,True
69734,True
69739,True
69744,True
69749,True
69754,True
69759,True
69764,True
69769,True
69774,True
69779,True
69784,True
69789,True
69794,True
69799,True
69804,True
69809,True
69814,True
69819,True
69824,True
69829,True
69834,True
69839,True
69844,True
69849,True
28814,True
28819,True
28824,True
28829,True
28834,True
28839,True
28844,True
28849,True
28854,True
28859,True
28864,True
28869,True
28874,True
28879,True
28884,True
28889,True
28894,True
28899,True
28904,True
28909,True
28914,True
28919,True
28924,True
28929,True
28934,True
28939,True
28944,True
28949,True
28954,True
28959,True
28964,True
28969,True
28974,True
28979,True
28984,True
28989,True
28994,True
28999,True
29004,True
29009,True
29014,True
29019,True
29024,True
29029,True
29034,True
29039,True
29044,True
29049,True
29054,True
29059,True
29064,True
29069,True
29074,True
29079,True
29084,True
29089,True
29094,True
29099,True
29104,True
29109,True
29114,True
29119,True
29124,True
29129,True
29134,True
29139,True
29144,True
29149,True
29154,True
29159,True
29164,True
29169,True
29174,True
29179,True
29184,True
29189,True
29194,True
29199,True
29204,True
29209,True
29214,True
29219,True
29224,True
29229,True
29234,True
29239,True
29244,True
29249,True
29254,True
29259,True
29264,True
29269,True
29274,True
29279,True
29284,True
29289,True
29294,True
29299,True
29304,True
29309,True
29314,True
29319,True
29324,True
29329,True
29334,True
29339,True
29344,True
29349,True
29354,True
29359,True
29364,True
29369,True
29374,True
29379,True
29384,True
29389,True
29394,True
29399,True
29404,True
29409,True
29414,True
29419,True
29424,True
29429,True
29434,True
29439,True
29444,True
29449,True
29454,True
29459,True
29464,True
29469,True
29474,True
29479,True
29484,True
29489,True
29494,True
29499,True
29504,True
29509,True
29514,True
29519,True
29524,True
29529,True
29534,True
29539,True
29544,True
29549,True
29554,True
29559,True
29564,True
29569,True
29574,True
29579,True
29584,True
29589,True
29594,True
29599,True
29604,True
29609,True
29614,True
29619,True
29624,True
29629,True
29634,True
29639,True
29644,True
29649,True
29654,True
29659,True
29664,True
29669,True
29674,True
29679,True
29684,True
29689,True
29694,True
29699,True
29704,True
29709,True
29714,True
29719,True
29724,True
29729,True
29734,True
29739,True
29744,True
29749,True
29754,True
29759,True
29764,True
29769,True
29774,True
29779,True
29784,True
29789,True
29794,True
29799,True
29804,True
29809,True
29814,True
29819,True
29824,True
29829,True
29834,True
29839,True
29844,True
29849,True
29854,True
29859,True
29864,True
29869,True
29874,True
29879,True
29884,True
29889,True
29894,True
29899,True
29904,True
29909,True
29914,True
29919,True
29924,True
29929,True
29934,True
29939,True
29944,True
29949,True
29954,True
29959,True
29964,True
29969,True
29974,True
29979,True
29984,True
29989,True
29994,True
29999,True
30004,True
30009,True
30014,True
30019,True
30024,True
30029,True
30034,True
30039,True
30044,True
30049,True
30054,True
30059,True
30064,True
30069,True
111794,True
111799,True
111804,True
111809,True
111814,True
111819,True
111824,True
111829,True
111834,True
111839,True
111844,True
111849,True
111854,True
111859,True
111864,True
111869,True
111874,True
111879,True
111884,True
111889,True
111894,True
111899,True
111904,True
111909,True
111914,True
111919,True
111924,True
111929,True
111934,True
111939,True
111944,True
111949,True
111954,True
111959,True
111964,True
111969,True
111974,True
111979,True
111984,True
111989,True
111994,True
111999,True
112004,True
112009,True
112014,True
112019,True
112024,True
112029,True
112034,True
112039,True
112044,True
112049,True
112054,True
112059,True
112064,True
112069,True
112074,True
112079,True
112084,True
112089,True
112094,True
112099,True
112104,True
112109,True
112114,True
112119,True
112124,True
112129,True
112134,True
112139,True
112144,True
112149,True
112154,True
112159,True
112164,True
112169,True
112174,True
112179,True
112184,True
112189,True
112194,True
112199,True
112204,True
112209,True
112214,True
112219,True
112224,True
112229,True
112234,True
112239,True
112244,True
112249,True
112254,True
112259,True
112264,True
112269,True
112274,True
112279,True
112284,True
112289,True
112294,True
112299,True
112304,True
112309,True
112314,True
112319,True
112324,True
112329,True
112334,True
112339,True
112344,True
112349,True
112354,True
112359,True
112364,True
112369,True
112374,True
112379,True
112384,True
112389,True
112394,True
112399,True
112404,True
112409,True
112414,True
112419,True
112424,True
112429,True
112434,True
112439,True
112444,True
112449,True
112454,True
112459,True
112464,True
112469,True
112474,True
112479,True
112484,True
112489,True
112494,True
112499,True
112504,True
112509,True
112514,True
112519,True
112524,True
112529,True
112534,True
112539,True
112544,True
112549,True
112554,True
112559,True
112564,True
112569,True
112574,True
112579,True
112584,True
112589,True
112594,True
112599,True
112604,True
112609,True
112614,True
112619,True
112624,True
112629,True
112634,True
112639,True
112644,True
112649,True
112654,True
112659,True
112664,True
112669,True
112674,True
112679,True
112684,True
112689,True
112694,True
112699,True
112704,True
112709,True
112714,True
112719,True
112724,True
112729,True
112734,True
112739,True
112744,True
112749,True
112754,True
112759,True
112764,True
112769,True
112774,True
112779,True
112784,True
112789,True
112794,True
112799,True
112804,True
112809,True
112814,True
112819,True
112824,True
112829,True
112834,True
112839,True
112844,True
112849,True
112854,True
112859,True
112864,True
112869,True
112874,True
112879,True
112884,True
112889,True
112894,True
112899,True
112904,True
112909,True
112914,True
112919,True
112924,True
112929,True
112934,True
112939,True
112944,True
112949,True
112954,True
112959,True
112964,True
112969,True
112974,True
112979,True
112984,True
112989,True
112994,True
112999,True
113004,True
113009,True
113014,True
113019,True
113024,True
113029,True
113034,True
113039,True
113044,True
113049,True
113054,True
113059,True
53565,True
53570,True
53575,True
53580,True
53585,True
53590,True
53595,True
53600,True
53605,True
53610,True
53615,True
53620,True
53625,True
53630,True
53635,True
53640,True
53645,True
53650,True
53655,True
53660,True
53665,True
53670,True
53675,True
53680,True
53685,True
53690,True
53695,True
53700,True
53705,True
53710,True
53715,True
53720,True
53725,True
53730,True
53735,True
53740,True
53745,True
53750,True
53755,True
53760,True
53765,True
53770,True
53775,True
53780,True
53785,True
53790,True
53795,True
53800,True
53805,True
53810,True
53815,True
53820,True
53825,True
53830,True
53835,True
53840,True
53845,True
53850,True
53855,True
53860,True
53865,True
53870,True
53875,True
53880,True
53885,True
53890,True
53895,True
53900,True
53905,True
53910,True
53915,True
53920,True
53925,True
53930,True
53935,True
53940,True
53945,True
53950,True
53955,True
53960,True
53965,True
53970,True
53975,True
53980,True
53985,True
53990,True
53995,True
54000,True
54005,True
54010,True
54015,True
54020,True
54025,True
54030,True
54035,True
54040,True
54045,True
54050,True
54055,True
54060,True
54065,True
54070,True
54075,True
54080,True
54085,True
54090,True
54095,True
54100,True
54105,True
54110,True
54115,True
54120,False
54125,False
54130,False
54135,False
54140,False
54145,False
54150,False
54155,False
54160,False
54165,False
54170,False
54175,False
54180,False
54185,False
54190,False
54195,False
54200,False
54205,False
54210,False
54215,False
54220,False
54225,False
54230,False
54235,False
54240,False
54245,False
54250,False
54255,False
54260,False
54265,False
54270,False
54275,False
54280,False
54285,False
54290,False
54295,False
54300,False
54305,False
54310,False
54315,False
54320,False
54325,False
54330,False
54335,False
54340,False
54345,False
54350,False
54355,False
54360,False
54365,False
54370,False
54375,False
54380,False
54385,False
54390,False
54395,False
54400,False
54405,False
54410,False
54415,False
54420,False
54425,False
54430,False
54435,False
54440,False
54445,False
54450,False
54455,False
54460,False
54465,False
54470,False
54475,False
54480,False
54485,False
54490,False
54495,False
54500,False
54505,False
54510,False
54515,False
54520,False
54525,False
54530,False
54535,False
54540,False
54545,False
54550,True
54555,True
54560,True
54565,True
54570,True
54575,True
54580,True
54585,True
54590,True
54595,True
54600,True
54605,True
54610,True
54615,True
54620,True
54625,True
54630,True
54635,True
54640,True
54645,True
54650,True
54655,True
54660,True
54665,True
54670,True
54675,True
54680,True
54685,True
54690,True
54695,True
54700,True
54705,True
54710,True
54715,True
54720,True
54725,True
54730,True
54735,True
54740,True
54745,True
54750,True
54755,True
54760,True
54765,True
54770,True
54775,True
54780,True
54785,True
54790,True
54795,True
54800,True
54805,True
54810,True
54815,True
40694,True
40699,True
40704,True
40709,True
40714,True
40719,True
40724,True
40729,True
40734,True
40739,True
40744,True
40749,True
40754,True
40759,True
40764,True
40769,True
40774,True
40779,True
40784,True
40789,True
40794,True
40799,True
40804,True
40809,True
40814,True
40819,True
40824,True
40829,True
40834,True
40839,True
40844,True
40849,True
40854,True
40859,True
40864,True
40869,True
40874,True
40879,True
40884,True
40889,True
40894,True
40899,True
40904,True
40909,True
40914,True
40919,True
40924,True
40929,True
40934,True
40939,True
40944,True
40949,True
40954,True
40959,True
40964,True
40969,True
40974,True
40979,True
40984,True
40989,True
40994,True
40999,True
41004,True
41009,True
41014,True
41019,True
41024,True
41029,True
41034,True
41039,True
41044,True
41049,True
41054,True
41059,True
41064,True
41069,True
41074,True
41079,True
41084,True
41089,True
41094,True
41099,True
41104,True
41109,True
41114,True
41119,True
41124,True
41129,True
41134,True
41139,True
41144,True
41149,True
41154,True
41159,True
41164,True
41169,True
41174,True
41179,True
41184,True
41189,True
41194,True
41199,True
41204,True
41209,True
41214,True
41219,True
41224,True
41229,True
41234,True
41239,True
41244,True
41249,True
41254,True
41259,True
41264,True
41269,True
41274,True
41279,True
41284,True
41289,True
41294,True
41299,True
41304,True
41309,True
41314,True
41319,True
41324,True
41329,True
41334,True
41339,True
41344,True
41349,True
41354,True
41359,True
41364,True
41369,True
41374,True
41379,True
41384,True
41389,True
41394,True
41399,True
41404,True
41409,True
41414,True
41419,True
41424,True
41429,True
41434,True
41439,True
41444,True
41449,True
41454,True
41459,True
41464,True
41469,True
41474,True
41479,True
41484,True
41489,True
41494,True
41499,True
41504,True
41509,True
41514,True
41519,True
41524,True
41529,True
41534,True
41539,True
41544,True
41549,True
41554,True
41559,True
41564,True
41569,True
41574,True
41579,True
41584,True
41589,True
41594,True
41599,True
41604,True
41609,True
41614,True
41619,True
41624,True
41629,True
41634,True
41639,True
41644,True
41649,True
41654,True
41659,True
41664,True
41669,True
41674,True
41679,True
41684,True
41689,True
41694,True
41699,True
41704,True
41709,True
41714,True
41719,True
41724,True
41729,True
41734,True
41739,True
41744,True
41749,True
41754,True
41759,True
41764,True
41769,True
41774,True
41779,True
41784,True
41789,True
41794,True
41799,True
41804,True
41809,True
41814,True
41819,True
41824,True
41829,True
41834,True
41839,True
41844,True
41849,True
41854,True
41859,True
41864,True
41869,True
41874,True
41879,True
41884,True
41889,True
41894,True
41899,True
41904,True
41909,True
41914,True
41919,True
41924,True
41929,True
41934,True
41939,True
41944,True
41949,True
13414,True
13419,True
13424,True
13429,True
13434,True
13439,True
13444,True
13449,True
13454,True
13459,True
13464,True
13469,True
13474,True
13479,True
13484,True
13489,True
13494,True
13499,True
13504,True
13509,True
13514,True
13519,True
13524,True
13529,True
13534,True
13539,True
13544,True
13549,True
13554,True
13559,True
13564,True
13569,True
13574,True
13579,True
13584,True
13589,True
13594,True
13599,True
13604,True
13609,True
13614,True
13619,True
13624,True
13629,True
13634,True
13639,True
13644,True
13649,True
13654,True
13659,True
13664,True
13669,True
13674,True
13679,True
13684,True
13689,True
13694,True
13699,True
13704,True
13709,True
13714,True
13719,True
13724,True
13729,True
13734,True
13739,True
13744,True
13749,True
13754,True
13759,True
13764,True
13769,True
13774,True
13779,True
13784,True
13789,True
13794,True
13799,True
13804,True
13809,True
13814,True
13819,True
13824,True
13829,True
13834,True
13839,True
13844,True
13849,True
13854,True
13859,True
13864,True
13869,True
13874,True
13879,True
13884,True
13889,True
13894,True
13899,True
13904,True
13909,True
13914,True
13919,True
13924,True
13929,True
13934,True
13939,True
13944,True
13949,True
13954,True
13959,True
13964,True
13969,True
13974,True
13979,True
13984,True
13989,True
13994,True
13999,True
14004,True
14009,True
14014,True
14019,True
14024,True
14029,True
14034,True
14039,True
14044,True
14049,True
14054,True
14059,True
14064,True
14069,True
14074,True
14079,True
14084,True
14089,True
14094,True
14099,True
14104,True
14109,True
14114,True
14119,True
14124,True
14129,True
14134,True
14139,True
14144,True
14149,True
14154,True
14159,True
14164,True
14169,True
14174,True
14179,True
14184,True
14189,True
14194,True
14199,True
14204,True
14209,True
14214,True
14219,True
14224,True
14229,True
14234,True
14239,True
14244,True
14249,True
14254,True
14259,True
14264,True
14269,True
14274,True
14279,True
14284,True
14289,True
14294,True
14299,True
14304,True
14309,True
14314,True
14319,True
14324,True
14329,True
14334,True
14339,True
14344,True
14349,True
14354,True
14359,True
14364,True
14369,True
14374,True
14379,True
14384,True
14389,True
14394,True
14399,True
14404,True
14409,True
14414,True
14419,True
14424,True
14429,True
14434,True
14439,True
14444,True
14449,True
14454,True
14459,True
14464,True
14469,True
14474,True
14479,True
14484,True
14489,True
14494,True
14499,True
14504,True
14509,True
14514,True
14519,True
14524,True
14529,True
14534,True
14539,True
14544,True
14549,True
14554,True
14559,True
14564,True
14569,True
14574,True
14579,True
14584,True
14589,True
14594,True
14599,True
14604,True
14609,True
14614,True
14619,True
14624,True
14629,True
14634,True
14639,True
14644,True
14649,True
14654,True
14659,True
14664,True
14669,True
14674,True
14679,True
21704,True
21709,True
21714,True
21719,True
21724,True
21729,True
21734,True
21739,True
21744,True
21749,True
21754,True
21759,True
21764,True
21769,True
21774,True
21779,True
21784,True
21789,True
21794,True
21799,True
21804,True
21809,True
21814,True
21819,True
21824,True
21829,True
21834,True
21839,True
21844,True
21849,True
21854,True
21859,True
21864,True
21869,True
21874,True
21879,True
21884,True
21889,True
21894,True
21899,True
21904,True
21909,True
21914,True
21919,True
21924,True
21929,True
21934,True
21939,True
21944,True
21949,True
21954,True
21959,True
21964,True
21969,True
21974,True
21979,True
21984,True
21989,True
21994,True
21999,True
22004,True
22009,True
22014,True
22019,True
22024,True
22029,True
22034,True
22039,True
22044,True
22049,True
22054,True
22059,True
22064,True
22069,True
22074,True
22079,True
22084,True
22089,True
22094,True
22099,True
22104,True
22109,True
22114,True
22119,True
22124,True
22129,True
22134,True
22139,True
22144,True
22149,True
22154,True
22159,True
22164,True
22169,True
22174,True
22179,True
22184,True
22189,True
22194,True
22199,True
22204,True
22209,True
22214,True
22219,True
22224,True
22229,True
22234,True
22239,True
22244,True
22249,True
22254,True
22259,True
22264,True
22269,True
22274,True
22279,True
22284,True
22289,True
22294,True
22299,True
22304,True
22309,True
22314,True
22319,True
22324,True
22329,True
22334,True
22339,True
22344,True
22349,True
22354,True
22359,True
22364,True
22369,True
22374,True
22379,True
22384,True
22389,True
22394,True
22399,True
22404,True
22409,True
22414,True
22419,True
22424,True
22429,True
22434,True
22439,True
22444,True
22449,True
22454,True
22459,True
22464,True
22469,True
22474,True
22479,True
22484,True
22489,True
22494,True
22499,True
22504,True
22509,True
22514,True
22519,True
22524,True
22529,True
22534,True
22539,True
22544,True
22549,True
22554,True
22559,True
22564,True
22569,True
22574,True
22579,True
22584,True
22589,True
22594,True
22599,True
22604,True
22609,True
22614,True
22619,True
22624,True
22629,True
22634,True
22639,True
22644,True
22649,True
22654,True
22659,True
22664,True
22669,True
22674,True
22679,True
22684,True
22689,True
22694,True
22699,True
22704,True
22709,True
22714,True
22719,True
22724,True
22729,True
22734,True
22739,True
22744,True
22749,True
22754,True
22759,True
22764,True
22769,True
22774,True
22779,True
22784,True
22789,True
22794,True
22799,True
22804,True
22809,True
22814,True
22819,True
22824,True
22829,True
22834,True
22839,True
22844,True
22849,True
22854,True
22859,True
22864,True
22869,True
22874,True
22879,True
22884,True
22889,True
22894,True
22899,True
22904,True
22909,True
22914,True
22919,True
22924,True
22929,True
22934,True
22939,True
22944,True
22949,True
22954,True
22959,True
64994,True
64999,True
65004,True
65009,True
65014,True
65019,True
65024,True
65029,True
65034,True
65039,True
65044,True
65049,True
65054,True
65059,True
65064,True
65069,True
65074,True
65079,True
65084,True
65089,True
65094,True
65099,True
65104,True
65109,True
65114,True
65119,True
65124,True
65129,True
65134,True
65139,True
65144,True
65149,True
65154,True
65159,True
65164,True
65169,True
65174,True
65179,True
65184,True
65189,True
65194,True
65199,True
65204,True
65209,True
65214,True
65219,True
65224,True
65229,True
65234,True
65239,True
65244,True
65249,True
65254,True
65259,True
65264,True
65269,True
65274,True
65279,True
65284,True
65289,True
65294,True
65299,True
65304,True
65309,True
65314,True
65319,True
65324,True
65329,True
65334,True
65339,True
65344,True
65349,True
65354,True
65359,True
65364,True
65369,True
65374,True
65379,True
65384,True
65389,True
65394,True
65399,True
65404,True
65409,True
65414,True
65419,True
65424,True
65429,True
65434,True
65439,True
65444,True
65449,True
65454,True
65459,True
65464,True
65469,True
65474,True
65479,True
65484,True
65489,True
65494,True
65499,True
65504,True
65509,True
65514,True
65519,True
65524,True
65529,True
65534,True
65539,True
65544,True
65549,True
65554,True
65559,True
65564,True
65569,True
65574,True
65579,True
65584,True
65589,True
65594,True
65599,True
65604,True
65609,True
65614,True
65619,True
65624,True
65629,True
65634,True
65639,True
65644,True
65649,True
65654,True
65659,True
65664,True
65669,True
65674,True
65679,True
65684,True
65689,True
65694,True
65699,True
65704,True
65709,True
65714,True
65719,True
65724,True
65729,True
65734,True
65739,True
65744,True
65749,True
65754,True
65759,True
65764,True
65769,True
65774,True
65779,True
65784,True
65789,True
65794,True
65799,True
65804,True
65809,True
65814,True
65819,True
65824,True
65829,True
65834,True
65839,True
65844,True
65849,True
65854,True
65859,True
65864,True
65869,True
65874,True
65879,True
65884,True
65889,True
65894,True
65899,True
65904,True
65909,True
65914,True
65919,True
65924,True
65929,True
65934,True
65939,True
65944,True
65949,True
65954,True
65959,True
65964,True
65969,True
65974,True
65979,True
65984,True
65989,True
65994,True
65999,True
66004,True
66009,True
66014,True
66019,True
66024,True
66029,True
66034,True
66039,True
66044,True
66049,True
66054,False
66059,False
66064,True
66069,True
66074,True
66079,True
66084,True
66089,True
66094,True
66099,True
66104,True
66109,True
66114,True
66119,True
66124,True
66129,True
66134,True
66139,True
66144,True
66149,True
66154,True
66159,True
66164,True
66169,True
66174,True
66179,True
66184,True
66189,True
66194,True
66199,True
66204,True
66209,True
66214,True
66219,True
66224,True
66229,True
66234,True
66239,True
66244,True
66249,True
33224,True
33229,True
33234,True
33239,True
33244,True
33249,True
33254,True
33259,True
33264,True
33269,True
33274,True
33279,True
33284,True
33289,True
33294,True
33299,True
33304,True
33309,True
33314,True
33319,True
33324,True
33329,True
33334,True
33339,True
33344,True
33349,True
33354,True
33359,True
33364,True
33369,True
33374,True
33379,True
33384,True
33389,True
33394,True
33399,True
33404,True
33409,True
33414,True
33419,True
33424,True
33429,True
33434,True
33439,True
33444,True
33449,True
33454,True
33459,True
33464,True
33469,True
33474,True
33479,True
33484,True
33489,True
33494,True
33499,True
33504,True
33509,True
33514,True
33519,True
33524,True
33529,True
33534,True
33539,True
33544,True
33549,True
33554,True
33559,True
33564,True
33569,True
33574,True
33579,True
33584,True
33589,True
33594,True
33599,True
33604,True
33609,True
33614,True
33619,True
33624,True
33629,True
33634,True
33639,True
33644,True
33649,False
33654,False
33659,False
33664,False
33669,False
33674,False
33679,False
33684,False
33689,False
33694,False
33699,False
33704,False
33709,False
33714,False
33719,False
33724,False
33729,False
33734,False
33739,False
33744,False
33749,False
33754,False
33759,False
33764,False
33769,False
33774,False
33779,False
33784,False
33789,False
33794,False
33799,False
33804,False
33809,False
33814,False
33819,False
33824,False
33829,False
33834,False
33839,False
33844,False
33849,False
33854,False
33859,False
33864,False
33869,False
33874,False
33879,False
33884,False
33889,False
33894,False
33899,False
33904,False
33909,False
33914,False
33919,False
33924,False
33929,False
33934,False
33939,False
33944,False
33949,False
33954,False
33959,False
33964,False
33969,False
33974,False
33979,False
33984,False
33989,False
33994,False
33999,False
34004,False
34009,False
34014,False
34019,False
34024,False
34029,False
34034,False
34039,False
34044,False
34049,False
34054,False
34059,False
34064,False
34069,False
34074,False
34079,False
34084,False
34089,False
34094,False
34099,False
34104,False
34109,False
34114,False
34119,False
34124,False
34129,False
34134,False
34139,False
34144,False
34149,False
34154,False
34159,False
34164,False
34169,False
34174,False
34179,False
34184,False
34189,False
34194,False
34199,False
34204,False
34209,False
34214,False
34219,False
34224,False
34229,False
34234,False
34239,False
34244,False
34249,False
34254,False
34259,False
34264,False
34269,False
34274,False
34279,False
34284,False
34289,False
34294,False
34299,False
34304,False
34309,False
34314,False
34319,False
34324,False
34329,False
34334,False
34339,False
34344,False
34349,False
34354,False
34359,False
34364,False
34369,False
34374,False
34379,False
34384,False
34389,False
34394,False
34399,False
34404,True
34409,True
34414,False
34419,False
34424,True
34429,True
34434,True
34439,True
34444,True
34449,True
34454,True
34459,True
34464,True
34469,True
34474,True
34479,True
88444,True
88449,True
88454,True
88459,True
88464,True
88469,True
88474,True
88479,True
88484,True
88489,True
88494,True
88499,True
88504,True
88509,True
88514,True
88519,True
88524,True
88529,True
88534,True
88539,True
88544,True
88549,True
88554,True
88559,True
88564,True
88569,True
88574,True
88579,True
88584,True
88589,True
88594,True
88599,True
88604,True
88609,True
88614,True
88619,True
88624,True
88629,True
88634,True
88639,True
88644,True
88649,True
88654,True
88659,True
88664,True
88669,True
88674,True
88679,True
88684,True
88689,True
88694,True
88699,True
88704,True
88709,True
88714,True
88719,True
88724,True
88729,True
88734,True
88739,True
88744,True
88749,True
88754,True
88759,True
88764,True
88769,True
88774,True
88779,True
88784,True
88789,True
88794,True
88799,True
88804,True
88809,True
88814,True
88819,True
88824,True
88829,True
88834,True
88839,True
88844,True
88849,True
88854,True
88859,True
88864,True
88869,True
88874,True
88879,True
88884,True
88889,True
88894,True
88899,True
88904,True
88909,True
88914,True
88919,True
88924,True
88929,True
88934,True
88939,True
88944,True
88949,True
88954,True
88959,True
88964,True
88969,True
88974,True
88979,True
88984,True
88989,True
88994,True
88999,True
89004,True
89009,True
89014,True
89019,True
89024,True
89029,True
89034,True
89039,True
89044,True
89049,True
89054,True
89059,True
89064,True
89069,True
89074,True
89079,True
89084,True
89089,True
89094,True
89099,True
89104,True
89109,True
89114,True
89119,True
89124,True
89129,True
89134,True
89139,True
89144,True
89149,True
89154,True
89159,True
89164,True
89169,True
89174,True
89179,True
89184,True
89189,True
89194,True
89199,True
89204,True
89209,True
89214,True
89219,True
89224,True
89229,True
89234,True
89239,True
89244,True
89249,True
89254,True
89259,True
89264,True
89269,True
89274,True
89279,True
89284,True
89289,True
89294,True
89299,True
89304,True
89309,True
89314,True
89319,True
89324,True
89329,True
89334,True
89339,True
89344,True
89349,True
89354,True
89359,True
89364,True
89369,True
89374,True
89379,True
89384,True
89389,True
89394,True
89399,True
89404,True
89409,True
89414,True
89419,True
89424,True
89429,True
89434,True
89439,True
89444,True
89449,True
89454,True
89459,True
89464,True
89469,True
89474,True
89479,True
89484,True
89489,True
89494,True
89499,True
89504,True
89509,True
89514,True
89519,True
89524,True
89529,True
89534,True
89539,True
89544,True
89549,True
89554,True
89559,True
89564,True
89569,True
89574,True
89579,True
89584,True
89589,True
89594,True
89599,True
89604,True
89609,True
89614,True
89619,True
89624,True
89629,True
89634,True
89639,True
89644,True
89649,True
89654,True
89659,True
89664,True
89669,True
89674,True
89679,True
89684,True
89689,True
89694,True
89699,True
89704,True
89709,True
89714,True
89719,True
89724,True
89729,True
89734,True
89739,True
89744,True
89749,True
89754,True
89759,True
89764,True
89769,True
89774,True
89779,True
89784,True
89789,True
89794,True
89799,True
89804,True
89809,True
89814,True
89819,True
89824,True
89829,True
89834,True
89839,True
89844,True
89849,True
89854,True
89859,True
89864,True
89869,True
89874,True
89879,True
89884,True
89889,True
89894,True
89899,True
89904,True
89909,True
89914,True
89919,True
89924,True
89929,True
89934,True
89939,True
89944,True
89949,True
89954,True
89959,True
89964,True
89969,True
89974,True
89979,True
89984,True
89989,True
89994,True
89999,True
90004,True
90009,True
90014,True
90019,True
90024,True
90029,True
90034,True
90039,True
90044,True
90049,True
90054,True
90059,True
90064,True
90069,True
90074,True
90079,True
90084,True
90089,True
90094,True
90099,True
90104,True
90109,True
90114,True
90119,True
90124,True
90129,True
90134,True
90139,True
90144,True
90149,True
90154,True
90159,True
90164,True
90169,True
90174,True
90179,True
90184,True
90189,True
90194,True
90199,True
90204,True
90209,True
90214,True
90219,True
90224,True
90229,True
90234,True
90239,True
90244,True
90249,True
90254,True
90259,True
90264,True
90269,True
90274,True
90279,True
90284,True
90289,True
90294,True
90299,True
90304,True
90309,True
90314,True
90319,True
90324,True
90329,True
90334,True
90339,True
90344,True
90349,True
90354,True
90359,True
90364,True
90369,True
90374,True
90379,True
90384,True
90389,True
90394,True
90399,True
90404,True
90409,True
90414,True
90419,True
90424,True
90429,True
90434,True
90439,True
90444,True
90449,True
90454,True
90459,True
90464,True
90469,True
90474,True
90479,True
90484,True
90489,True
90494,True
90499,True
90504,True
90509,True
90514,True
90519,True
90524,True
90529,True
90534,True
90539,True
90544,True
90549,True
90554,True
90559,True
90564,True
90569,True
90574,True
90579,True
90584,True
90589,True
90594,True
90599,True
90604,True
90609,True
90614,True
90619,True
90624,True
90629,True
90634,True
90639,True
90644,True
90649,True
90654,True
90659,True
90664,True
90669,True
90674,True
90679,True
90684,True
90689,True
90694,True
90699,True
90704,True
90709,True
90714,True
90719,True
90724,True
90729,True
90734,True
90739,True
90744,True
90749,True
90754,True
90759,True
90764,True
90769,True
90774,True
90779,True
90784,True
90789,True
90794,True
90799,True
90804,True
90809,True
90814,True
90819,True
90824,True
90829,True
90834,True
90839,True
90844,True
90849,True
90854,True
90859,True
90864,True
90869,True
90874,True
90879,True
90884,True
90889,True
90894,True
90899,True
90904,True
90909,True
90914,True
90919,True
90924,True
90929,True
90934,True
90939,True
90944,True
90949,True
90954,True
90959,True
90964,True
90969,True
90974,True
90979,True
90984,True
90989,True
90994,True
90999,True
91004,True
91009,True
91014,True
91019,True
91024,True
91029,True
91034,True
91039,True
91044,True
91049,True
91054,True
91059,True
91064,True
91069,True
91074,True
91079,True
91084,True
91089,True
91094,True
91099,True
91104,True
91109,True
91114,True
91119,True
91124,True
91129,True
91134,True
91139,True
91144,True
91149,True
91154,True
91159,True
91164,True
91169,True
91174,True
91179,True
91184,True
91189,True
91194,True
91199,True
91204,True
91209,True
91214,True
91219,True
91224,True
91229,True
91234,True
91239,True
91244,True
91249,True
91254,True
91259,True
91264,True
91269,True
91274,True
91279,True
91284,True
91289,True
91294,True
91299,True
91304,True
91309,True
91314,True
91319,True
91324,True
91329,True
91334,True
91339,True
91344,True
91349,True
91354,True
91359,True
91364,True
91369,True
91374,True
91379,True
91384,True
91389,True
91394,True
91399,True
91404,True
91409,True
91414,True
91419,True
91424,True
91429,True
91434,True
91439,True
91444,True
91449,True
91454,True
91459,True
91464,True
91469,True
91474,True
91479,True
91484,True
91489,True
48705,True
48710,True
48715,True
48720,True
48725,True
48730,True
48735,True
48740,True
48745,True
48750,True
48755,True
48760,True
48765,True
48770,True
48775,True
48780,True
48785,True
48790,True
48795,True
48800,True
48805,True
48810,True
48815,True
48820,True
48825,True
48830,True
48835,True
48840,True
48845,True
48850,True
48855,True
48860,True
48865,True
48870,True
48875,True
48880,True
48885,True
48890,True
48895,True
48900,True
48905,True
48910,True
48915,True
48920,True
48925,True
48930,True
48935,True
48940,True
48945,True
48950,True
48955,True
48960,True
48965,True
48970,True
48975,True
48980,True
48985,True
48990,True
48995,True
49000,True
49005,True
49010,True
49015,True
49020,True
49025,True
49030,True
49035,True
49040,True
49045,True
49050,True
49055,True
49060,True
49065,True
49070,True
49075,True
49080,True
49085,True
49090,True
49095,True
49100,True
49105,True
49110,True
49115,True
49120,True
49125,True
49130,True
49135,True
49140,True
49145,True
49150,True
49155,True
49160,True
49165,True
49170,True
49175,True
49180,True
49185,True
49190,True
49195,True
49200,True
49205,True
49210,True
49215,True
49220,True
49225,True
49230,True
49235,True
49240,True
49245,True
49250,True
49255,True
49260,True
49265,True
49270,True
49275,True
49280,True
49285,True
49290,True
49295,True
49300,True
49305,True
49310,True
49315,True
49320,True
49325,True
49330,True
49335,True
49340,True
49345,True
49350,True
49355,True
49360,True
49365,True
49370,True
49375,True
49380,True
49385,True
49390,True
49395,True
49400,True
49405,True
49410,True
49415,True
49420,True
49425,True
49430,True
49435,True
49440,True
49445,True
49450,True
49455,True
49460,True
49465,True
49470,True
49475,True
49480,True
49485,True
49490,True
49495,True
49500,True
49505,True
49510,True
49515,True
49520,True
49525,True
49530,True
49535,True
49540,True
49545,True
49550,True
49555,True
49560,True
49565,True
49570,True
49575,True
49580,True
49585,True
49590,True
49595,True
49600,True
49605,True
49610,True
49615,True
49620,True
49625,True
49630,True
49635,True
49640,True
49645,True
49650,True
49655,True
49660,True
49665,True
49670,True
49675,True
49680,True
49685,True
49690,True
49695,True
49700,True
49705,True
49710,True
49715,True
49720,True
49725,True
49730,True
49735,True
49740,True
49745,True
49750,True
49755,True
49760,True
49765,True
49770,True
49775,True
49780,True
49785,True
49790,True
49795,True
49800,True
49805,True
49810,True
49815,True
49820,True
49825,True
49830,True
49835,True
49840,True
49845,True
49850,True
49855,True
49860,True
49865,True
49870,True
49875,True
49880,True
49885,True
49890,True
49895,True
49900,True
49905,True
49910,True
49915,True
49920,True
49925,True
49930,True
49935,True
49940,True
49945,True
49950,True
49955,True
49960,True
49965,True
49970,True
49975,True
49980,True
49985,True
49990,True
49995,True
50000,True
50005,True
50010,True
50015,True
50020,True
50025,True
50030,True
50035,True
50040,True
50045,True
50050,True
50055,True
50060,True
50065,True
50070,True
50075,True
50080,True
50085,True
50090,True
50095,True
50100,True
50105,True
50110,True
50115,True
50120,True
50125,True
50130,True
50135,True
50140,True
50145,True
50150,True
50155,True
50160,True
50165,True
50170,True
50175,True
50180,True
50185,True
50190,True
50195,True
50200,True
50205,True
50210,True
50215,True
50220,True
50225,True
50230,True
50235,True
50240,True
50245,True
50250,True
50255,True
50260,True
50265,True
50270,True
50275,True
50280,True
50285,True
50290,True
50295,True
50300,True
50305,True
50310,True
50315,True
50320,True
50325,True
50330,True
50335,True
50340,True
50345,True
50350,True
50355,True
50360,True
50365,True
50370,True
50375,True
50380,True
50385,True
50390,True
50395,True
50400,True
50405,True
50410,True
50415,True
50420,True
50425,True
50430,True
50435,True
50440,True
50445,True
50450,True
50455,True
50460,True
50465,True
50470,True
50475,True
50480,True
50485,True
50490,True
50495,True
50500,True
50505,True
50510,True
50515,True
50520,True
50525,True
50530,True
50535,True
50540,True
50545,True
50550,True
50555,True
50560,True
50565,True
50570,True
50575,True
50580,True
50585,True
50590,True
50595,True
50600,True
50605,True
50610,True
50615,True
50620,True
50625,True
50630,True
50635,True
50640,True
50645,True
50650,True
50655,True
50660,True
50665,True
50670,True
50675,True
50680,True
50685,True
50690,True
50695,True
50700,True
50705,True
50710,True
50715,True
50720,True
50725,True
50730,True
50735,True
50740,True
50745,True
50750,True
50755,True
50760,True
50765,True
50770,True
50775,True
50780,True
50785,True
50790,True
50795,True
50800,True
50805,True
50810,True
50815,True
50820,True
50825,True
50830,True
50835,True
50840,True
50845,True
50850,True
50855,True
50860,True
50865,True
50870,True
50875,True
50880,True
50885,True
50890,True
50895,True
50900,True
50905,True
50910,True
50915,True
50920,True
50925,True
50930,True
50935,True
50940,True
50945,True
50950,True
50955,True
50960,True
50965,True
50970,True
50975,True
50980,True
50985,True
50990,True
50995,True
51000,True
51005,True
51010,True
51015,True
51020,True
51025,True
51030,True
51035,True
51040,True
51045,True
51050,True
51055,True
51060,True
51065,True
51070,True
51075,True
51080,True
51085,True
51090,True
51095,True
51100,True
51105,True
51110,True
51115,True
51120,True
51125,True
51130,True
51135,True
51140,True
51145,True
51150,True
51155,True
51160,True
51165,True
51170,True
51175,True
51180,True
51185,True
51190,True
51195,True
51200,True
51205,True
51210,True
51215,True
51220,True
51225,True
51230,True
51235,True
51240,True
51245,True
51250,True
51255,True
51260,True
51265,True
51270,True
51275,True
51280,True
51285,True
51290,True
51295,True
51300,True
51305,True
51310,True
51315,True
51320,True
51325,True
51330,True
51335,True
51340,True
51345,True
51350,True
51355,True
51360,True
51365,True
51370,True
51375,True
51380,True
51385,True
51390,True
51395,True
51400,True
51405,True
51410,True
51415,True
51420,True
51425,True
51430,True
51435,True
51440,True
51445,True
51450,True
51455,True
51460,True
51465,True
51470,True
51475,True
51480,True
51485,True
51490,True
51495,True
51500,True
51505,True
51510,True
51515,True
51520,True
51525,True
51530,True
51535,True
51540,True
51545,True
51550,True
51555,True
51560,True
51565,True
51570,True
51575,True
51580,True
51585,True
51590,True
51595,True
51600,True
51605,True
51610,True
51615,True
51620,True
51625,True
51630,True
51635,True
51640,True
51645,True
51650,True
51655,True
51660,True
51665,True
51670,True
51675,True
51680,True
51685,True
51690,True
51695,True
51700,True
51705,True
51710,True
51715,True
51720,True
51725,True
51730,True
51735,True
51740,True
51745,True
51750,True
51755,True
16574,True
16579,True
16584,True
16589,True
16594,True
16599,True
16604,True
16609,True
16614,True
16619,True
16624,True
16629,True
16634,True
16639,True
16644,True
16649,True
16654,True
16659,True
16664,True
16669,True
16674,True
16679,True
16684,True
16689,True
16694,True
16699,True
16704,True
16709,True
16714,True
16719,True
16724,True
16729,True
16734,True
16739,True
16744,True
16749,True
16754,True
16759,True
16764,True
16769,True
16774,True
16779,True
16784,True
16789,True
16794,True
16799,True
16804,True
16809,True
16814,True
16819,True
16824,True
16829,True
16834,True
16839,True
16844,True
16849,True
16854,True
16859,True
16864,True
16869,True
16874,True
16879,True
16884,True
16889,True
16894,True
16899,True
16904,True
16909,True
16914,True
16919,True
16924,True
16929,True
16934,True
16939,True
16944,True
16949,True
16954,True
16959,True
16964,True
16969,True
16974,True
16979,True
16984,True
16989,True
16994,True
16999,True
17004,True
17009,True
17014,True
17019,True
17024,True
17029,True
17034,True
17039,True
17044,True
17049,True
17054,True
17059,True
17064,True
17069,True
17074,True
17079,True
17084,True
17089,True
17094,True
17099,True
17104,True
17109,True
17114,True
17119,True
17124,True
17129,True
17134,True
17139,True
17144,True
17149,True
17154,True
17159,True
17164,True
17169,True
17174,True
17179,True
17184,True
17189,True
17194,True
17199,True
17204,True
17209,True
17214,True
17219,True
17224,True
17229,True
17234,True
17239,True
17244,True
17249,True
17254,True
17259,True
17264,True
17269,True
17274,True
17279,True
17284,True
17289,True
17294,True
17299,True
17304,True
17309,True
17314,True
17319,True
17324,True
17329,True
17334,True
17339,True
17344,True
17349,True
17354,True
17359,True
17364,True
17369,True
17374,True
17379,True
17384,True
17389,True
17394,True
17399,True
17404,True
17409,True
17414,True
17419,True
17424,True
17429,True
17434,True
17439,True
17444,True
17449,True
17454,True
17459,True
17464,True
17469,True
17474,True
17479,True
17484,True
17489,True
17494,True
17499,True
17504,True
17509,True
17514,True
17519,True
17524,True
17529,True
17534,True
17539,True
17544,True
17549,True
17554,True
17559,True
17564,True
17569,True
17574,True
17579,True
17584,True
17589,True
17594,True
17599,True
17604,True
17609,True
17614,True
17619,True
17624,True
17629,True
17634,True
17639,True
17644,True
17649,True
17654,True
17659,True
17664,True
17669,True
17674,True
17679,True
17684,True
17689,True
17694,True
17699,True
17704,True
17709,True
17714,True
17719,True
17724,True
17729,True
17734,True
17739,True
17744,True
17749,True
17754,True
17759,True
17764,True
17769,True
17774,True
17779,True
17784,True
17789,True
17794,True
17799,True
17804,True
17809,True
17814,True
17819,True
17824,True
17829,True
17834,True
17839,True
17844,True
17849,True
17854,True
17859,True
17864,True
17869,True
17874,True
17879,True
17884,True
17889,True
17894,True
17899,True
17904,True
17909,True
17914,True
17919,True
17924,True
17929,True
17934,True
17939,True
17944,True
17949,True
17954,True
17959,True
17964,True
17969,True
17974,True
17979,True
17984,True
17989,True
17994,True
17999,True
18004,True
18009,True
18014,True
18019,True
18024,True
18029,True
18034,True
18039,True
18044,True
18049,True
18054,True
18059,True
18064,True
18069,True
18074,True
18079,True
18084,True
18089,True
18094,True
18099,True
18104,True
18109,True
18114,True
18119,True
18124,True
18129,True
18134,True
18139,True
18144,True
18149,True
18154,True
18159,True
18164,True
18169,True
18174,True
18179,True
18184,True
18189,True
18194,True
18199,True
18204,True
18209,True
18214,True
18219,True
18224,True
18229,True
18234,True
18239,True
18244,True
18249,True
18254,True
18259,True
18264,True
18269,True
18274,True
18279,True
18284,True
18289,True
18294,True
18299,True
18304,True
18309,True
18314,True
18319,True
18324,True
18329,True
18334,True
18339,True
18344,True
18349,True
18354,True
18359,True
18364,True
18369,True
18374,True
18379,True
18384,True
18389,True
18394,True
18399,True
18404,True
18409,True
18414,True
18419,True
18424,True
18429,True
18434,True
18439,True
18444,True
18449,True
18454,True
18459,True
18464,True
18469,True
18474,True
18479,True
18484,True
18489,True
18494,True
18499,True
18504,True
18509,True
18514,True
18519,True
18524,True
18529,True
18534,True
18539,True
18544,True
18549,True
18554,True
18559,True
18564,True
18569,True
18574,True
18579,True
18584,True
18589,True
18594,True
18599,True
18604,True
18609,True
18614,True
18619,True
18624,True
18629,True
18634,True
18639,True
18644,True
18649,True
18654,True
18659,True
18664,True
18669,True
18674,True
18679,True
18684,True
18689,True
18694,True
18699,True
18704,True
18709,True
18714,True
18719,True
18724,True
18729,True
18734,True
18739,True
18744,True
18749,True
18754,True
18759,True
18764,True
18769,True
18774,True
18779,True
18784,True
18789,True
18794,True
18799,True
18804,True
18809,True
18814,True
18819,True
18824,True
18829,True
18834,True
18839,True
18844,True
18849,True
18854,True
18859,True
18864,True
18869,True
18874,True
18879,True
18884,True
18889,True
18894,True
18899,True
18904,True
18909,True
18914,True
18919,True
18924,True
18929,True
18934,True
18939,True
18944,True
18949,True
18954,True
18959,True
18964,True
18969,True
18974,True
18979,True
18984,True
18989,True
18994,True
18999,True
19004,True
19009,True
19014,True
19019,True
19024,True
19029,True
19034,True
19039,True
19044,True
19049,True
19054,True
19059,True
19064,True
19069,True
19074,True
19079,True
19084,True
19089,True
19094,True
19099,True
19104,True
19109,True
19114,True
19119,True
19124,True
19129,True
19134,True
19139,True
19144,True
19149,True
19154,True
19159,True
19164,True
19169,True
19174,True
19179,True
19184,True
19189,True
19194,True
19199,True
19204,True
19209,True
19214,True
19219,True
19224,True
19229,True
19234,True
19239,True
19244,True
19249,True
19254,True
19259,True
19264,True
19269,True
19274,True
19279,True
19284,True
19289,True
19294,True
19299,True
19304,True
19309,True
19314,True
19319,True
19324,True
19329,True
19334,True
19339,True
19344,True
19349,True
19354,True
19359,True
19364,True
19369,True
19374,True
19379,True
19384,True
19389,True
19394,True
19399,True
19404,True
19409,True
19414,True
19419,True
19424,True
19429,True
19434,True
19439,True
19444,True
19449,True
19454,True
19459,True
19464,True
19469,True
19474,True
19479,True
19484,True
19489,True
19494,True
19499,True
19504,True
19509,True
19514,True
19519,True
19524,True
19529,True
19534,True
19539,True
19544,True
19549,True
19554,True
19559,True
19564,True
19569,True
19574,True
19579,True
19584,True
19589,True
19594,True
19599,True
19604,True
19609,True
19614,True
19619,True
19624,True
19629,True
95014,True
95019,True
95024,True
95029,True
95034,True
95039,True
95044,True
95049,True
95054,True
95059,True
95064,True
95069,True
95074,True
95079,True
95084,True
95089,True
95094,True
95099,True
95104,True
95109,True
95114,True
95119,True
95124,True
95129,True
95134,True
95139,True
95144,True
95149,True
95154,True
95159,True
95164,True
95169,True
95174,True
95179,True
95184,True
95189,True
95194,True
95199,True
95204,True
95209,True
95214,True
95219,True
95224,True
95229,True
95234,True
95239,True
95244,True
95249,True
95254,True
95259,True
95264,True
95269,True
95274,True
95279,True
95284,True
95289,True
95294,True
95299,True
95304,True
95309,True
95314,True
95319,True
95324,True
95329,True
95334,True
95339,True
95344,True
95349,True
95354,True
95359,True
95364,True
95369,True
95374,True
95379,True
95384,True
95389,True
95394,True
95399,True
95404,True
95409,True
95414,True
95419,True
95424,True
95429,True
95434,True
95439,True
95444,True
95449,True
95454,True
95459,True
95464,True
95469,True
95474,True
95479,True
95484,True
95489,True
95494,True
95499,True
95504,True
95509,True
95514,True
95519,True
95524,True
95529,True
95534,True
95539,True
95544,True
95549,True
95554,True
95559,True
95564,True
95569,True
95574,True
95579,True
95584,True
95589,True
95594,True
95599,True
95604,True
95609,True
95614,True
95619,True
95624,True
95629,True
95634,True
95639,True
95644,True
95649,True
95654,True
95659,True
95664,True
95669,True
95674,True
95679,True
95684,True
95689,True
95694,True
95699,True
95704,True
95709,True
95714,True
95719,True
95724,True
95729,True
95734,True
95739,True
95744,True
95749,True
95754,True
95759,True
95764,True
95769,True
95774,True
95779,True
95784,True
95789,True
95794,True
95799,True
95804,True
95809,True
95814,True
95819,True
95824,True
95829,True
95834,True
95839,True
95844,True
95849,True
95854,True
95859,True
95864,True
95869,True
95874,True
95879,True
95884,True
95889,True
95894,True
95899,True
95904,True
95909,True
95914,True
95919,True
95924,True
95929,True
95934,True
95939,True
95944,True
95949,True
95954,True
95959,True
95964,True
95969,True
95974,True
95979,True
95984,True
95989,True
95994,True
95999,True
96004,True
96009,True
96014,True
96019,True
96024,True
96029,True
96034,True
96039,True
96044,True
96049,True
96054,True
96059,True
96064,True
96069,True
96074,True
96079,True
96084,True
96089,True
96094,True
96099,True
96104,True
96109,True
96114,True
96119,True
96124,True
96129,True
96134,True
96139,True
96144,True
96149,True
96154,True
96159,True
96164,True
96169,True
96174,True
96179,True
96184,True
96189,True
96194,True
96199,True
96204,True
96209,True
96214,True
96219,True
96224,True
96229,True
96234,True
96239,True
96244,True
96249,True
96254,True
96259,True
96264,True
96269,True
96274,True
96279,True
96284,True
96289,True
96294,True
96299,True
96304,True
96309,True
96314,True
96319,True
96324,True
96329,True
96334,True
96339,True
96344,True
96349,True
96354,True
96359,True
96364,True
96369,True
96374,True
96379,True
96384,True
96389,True
96394,True
96399,True
96404,True
96409,True
96414,True
96419,True
96424,True
96429,True
96434,True
96439,True
96444,True
96449,True
96454,True
96459,True
96464,True
96469,True
96474,True
96479,True
96484,True
96489,True
96494,True
96499,True
96504,True
96509,True
96514,True
96519,True
96524,True
96529,True
96534,True
96539,True
96544,True
96549,True
96554,True
96559,True
96564,True
96569,True
96574,True
96579,True
96584,True
96589,True
96594,True
96599,True
96604,True
96609,True
96614,True
96619,True
96624,True
96629,True
96634,True
96639,True
96644,True
96649,True
96654,True
96659,True
96664,True
96669,True
96674,True
96679,True
96684,True
96689,True
96694,True
96699,True
96704,True
96709,True
96714,True
96719,True
96724,True
96729,True
96734,True
96739,True
96744,True
96749,True
96754,True
96759,True
96764,True
96769,True
96774,True
96779,True
96784,True
96789,True
96794,True
96799,True
96804,True
96809,True
96814,True
96819,True
96824,True
96829,True
96834,True
96839,True
96844,True
96849,True
96854,True
96859,True
96864,True
96869,True
96874,True
96879,True
96884,True
96889,True
96894,True
96899,True
96904,True
96909,True
96914,True
96919,True
96924,True
96929,True
96934,True
96939,True
96944,True
96949,True
96954,True
96959,True
96964,True
96969,True
96974,True
96979,True
96984,True
96989,True
96994,True
96999,True
97004,True
97009,True
97014,True
97019,True
97024,True
97029,True
97034,True
97039,True
97044,True
97049,True
97054,True
97059,True
97064,True
97069,True
97074,True
97079,True
97084,True
97089,True
97094,True
97099,True
97104,True
97109,True
97114,True
97119,True
97124,True
97129,True
97134,True
97139,True
97144,True
97149,True
97154,True
97159,True
97164,True
97169,True
97174,True
97179,True
97184,True
97189,True
97194,True
97199,True
97204,True
97209,True
97214,True
97219,True
97224,True
97229,True
97234,True
97239,True
97244,True
97249,True
97254,True
97259,True
97264,True
97269,True
97274,True
97279,True
97284,True
97289,True
97294,True
97299,True
97304,True
97309,True
97314,True
97319,True
97324,True
97329,True
97334,True
97339,True
97344,True
97349,True
97354,True
97359,True
97364,True
97369,True
97374,True
97379,True
97384,True
97389,True
97394,True
97399,True
97404,True
97409,True
97414,True
97419,True
97424,True
97429,True
97434,True
97439,True
97444,True
97449,True
97454,True
97459,True
97464,True
97469,True
97474,True
97479,True
97484,True
97489,True
97494,True
97499,True
97504,True
97509,True
97514,True
97519,True
97524,True
97529,True
97534,True
97539,True
97544,True
97549,True
97554,True
97559,True
97564,True
97569,True
97574,True
97579,True
97584,True
97589,True
97594,True
97599,True
97604,True
97609,True
97614,True
97619,True
97624,False
97629,False
97634,False
97639,False
97644,False
97649,False
97654,False
97659,False
97664,False
97669,False
97674,False
97679,False
97684,False
97689,False
97694,False
97699,False
97704,False
97709,False
97714,False
97719,False
97724,False
97729,False
97734,False
97739,False
97744,False
97749,False
97754,False
97759,False
97764,False
97769,False
97774,False
97779,False
97784,False
97789,False
97794,False
97799,False
97804,False
97809,False
97814,False
97819,False
97824,False
97829,False
97834,False
97839,False
97844,False
97849,False
97854,False
97859,True
97864,False
97869,False
97874,False
97879,False
97884,True
97889,False
97894,False
97899,False
97904,False
97909,False
97914,False
97919,False
97924,False
97929,True
97934,False
97939,False
97944,False
97949,False
97954,True
97959,False
97964,False
97969,False
97974,False
97979,False
97984,False
97989,True
97994,False
97999,False
98004,False
98009,False
98014,False
98019,False
98024,True
98029,False
98034,False
98039,False
98044,False
98049,True
100124,True
100129,True
100134,True
100139,True
100144,True
100149,True
100154,True
100159,True
100164,True
100169,True
100174,True
100179,True
100184,True
100189,True
100194,True
100199,True
100204,True
100209,True
100214,True
100219,True
100224,True
100229,True
100234,True
100239,True
100244,True
100249,True
100254,True
100259,True
100264,True
100269,True
100274,True
100279,True
100284,True
100289,True
100294,True
100299,True
100304,True
100309,True
100314,True
100319,True
100324,True
100329,True
100334,True
100339,True
100344,True
100349,True
100354,True
100359,True
100364,True
100369,True
100374,True
100379,True
100384,True
100389,True
100394,True
100399,True
100404,True
100409,True
100414,True
100419,True
100424,True
100429,True
100434,True
100439,True
100444,True
100449,True
100454,True
100459,True
100464,True
100469,True
100474,True
100479,True
100484,True
100489,True
100494,True
100499,True
100504,True
100509,True
100514,True
100519,True
100524,True
100529,True
100534,True
100539,True
100544,True
100549,True
100554,True
100559,True
100564,True
100569,True
100574,True
100579,True
100584,True
100589,True
100594,True
100599,True
100604,True
100609,True
100614,True
100619,True
100624,True
100629,True
100634,True
100639,True
100644,True
100649,True
100654,True
100659,True
100664,True
100669,True
100674,True
100679,True
100684,True
100689,True
100694,True
100699,True
100704,True
100709,True
100714,True
100719,True
100724,True
100729,True
100734,True
100739,True
100744,True
100749,True
100754,True
100759,True
100764,True
100769,True
100774,True
100779,True
100784,True
100789,True
100794,True
100799,True
100804,True
100809,True
100814,True
100819,True
100824,True
100829,True
100834,True
100839,True
100844,True
100849,True
100854,True
100859,True
100864,True
100869,True
100874,True
100879,True
100884,True
100889,True
100894,True
100899,True
100904,True
100909,True
100914,True
100919,True
100924,True
100929,True
100934,True
100939,True
100944,True
100949,True
100954,True
100959,True
100964,True
100969,True
100974,True
100979,True
100984,True
100989,True
100994,True
100999,True
101004,True
101009,True
101014,True
101019,True
101024,True
101029,True
101034,True
101039,True
101044,True
101049,True
101054,True
101059,True
101064,True
101069,True
101074,True
101079,True
101084,True
101089,True
101094,True
101099,True
101104,True
101109,True
101114,True
101119,True
101124,True
101129,True
101134,True
101139,True
101144,True
101149,True
101154,True
101159,True
101164,True
101169,True
101174,True
101179,True
101184,True
101189,True
101194,True
101199,True
101204,True
101209,True
101214,True
101219,True
101224,True
101229,True
101234,True
101239,True
101244,True
101249,True
101254,True
101259,True
101264,True
101269,True
101274,True
101279,True
101284,True
101289,True
101294,True
101299,True
101304,True
101309,True
101314,True
101319,True
101324,True
101329,True
101334,True
101339,True
101344,True
101349,True
101354,True
101359,True
101364,True
101369,True
101374,True
101379,True
101384,True
101389,True
101394,True
101399,True
101404,True
101409,True
101414,True
101419,True
101424,True
101429,True
101434,True
101439,True
101444,True
101449,True
101454,True
101459,True
101464,True
101469,True
101474,True
101479,True
101484,True
101489,True
101494,True
101499,True
101504,True
101509,True
101514,True
101519,True
101524,True
101529,True
101534,True
101539,True
101544,True
101549,True
101554,True
101559,True
101564,True
101569,True
101574,True
101579,True
101584,True
101589,True
101594,True
101599,True
101604,True
101609,True
101614,True
101619,True
101624,True
101629,True
101634,True
101639,True
101644,True
101649,True
101654,True
101659,True
101664,True
101669,True
101674,True
101679,True
101684,True
101689,True
101694,True
101699,True
101704,True
101709,True
101714,True
101719,True
101724,True
101729,True
101734,True
101739,True
101744,True
101749,True
101754,True
101759,True
101764,True
101769,True
101774,True
101779,True
101784,True
101789,True
101794,True
101799,True
101804,True
101809,True
101814,True
101819,True
101824,True
101829,True
101834,True
101839,True
101844,True
101849,True
101854,True
101859,True
101864,True
101869,True
101874,True
101879,True
101884,True
101889,True
101894,True
101899,True
101904,True
101909,True
101914,True
101919,True
101924,True
101929,True
101934,True
101939,True
101944,True
101949,True
101954,True
101959,True
101964,True
101969,True
101974,True
101979,True
101984,True
101989,True
101994,True
101999,True
102004,True
102009,True
102014,True
102019,True
102024,True
102029,True
102034,True
102039,True
102044,True
102049,True
102054,True
102059,True
102064,True
102069,True
102074,True
102079,True
102084,True
102089,True
102094,True
102099,True
102104,True
102109,True
102114,True
102119,True
102124,True
102129,True
102134,True
102139,True
102144,True
102149,True
102154,True
102159,True
102164,True
102169,True
102174,True
102179,True
102184,True
102189,True
102194,True
102199,True
102204,True
102209,True
102214,True
102219,True
102224,True
102229,True
102234,True
102239,True
102244,True
102249,True
102254,True
102259,True
102264,True
102269,True
102274,True
102279,True
102284,True
102289,True
102294,True
102299,True
102304,True
102309,True
102314,True
102319,True
102324,True
102329,True
102334,True
102339,True
102344,True
102349,True
102354,True
102359,True
102364,True
102369,True
102374,True
102379,True
102384,True
102389,True
102394,True
102399,True
102404,True
102409,True
102414,True
102419,True
102424,True
102429,True
102434,True
102439,True
102444,True
102449,True
102454,True
102459,True
102464,True
102469,True
102474,True
102479,True
102484,True
102489,True
102494,True
102499,True
102504,True
102509,True
102514,True
102519,True
102524,True
102529,True
102534,True
102539,True
102544,True
102549,True
102554,True
102559,True
102564,True
102569,True
102574,True
102579,True
102584,True
102589,True
102594,True
102599,True
102604,True
102609,True
102614,True
102619,True
102624,True
102629,True
102634,True
102639,True
102644,True
102649,True
102654,True
102659,True
102664,True
102669,True
102674,True
102679,True
102684,True
102689,True
102694,True
102699,True
102704,True
102709,True
102714,True
102719,True
102724,True
102729,True
102734,True
102739,True
102744,True
102749,True
102754,True
102759,True
102764,True
102769,True
102774,True
102779,True
102784,True
102789,True
102794,True
102799,True
102804,True
102809,True
102814,True
102819,True
102824,True
102829,True
102834,True
102839,True
102844,True
102849,True
102854,True
102859,True
102864,True
102869,True
102874,True
102879,True
102884,True
102889,True
102894,True
102899,True
102904,True
102909,True
102914,True
102919,True
102924,True
102929,True
102934,True
102939,True
102944,True
102949,True
102954,True
102959,True
102964,True
102969,True
102974,True
102979,True
102984,True
102989,True
102994,True
102999,True
103004,True
103009,True
103014,True
103019,True
103024,True
103029,True
103034,True
103039,True
103044,True
103049,True
103054,True
103059,True
103064,True
103069,True
103074,True
103079,True
103084,True
103089,True
103094,True
103099,True
103104,True
103109,True
103114,True
103119,True
103124,True
103129,True
103134,True
103139,True
103144,True
103149,True
103154,True
103159,True
103164,True
103169,True
103174,True
103179,True
27194,True
27199,True
27204,True
27209,True
27214,True
27219,True
27224,True
27229,True
27234,True
27239,True
27244,True
27249,True
27254,True
27259,True
27264,True
27269,True
27274,True
27279,True
27284,True
27289,True
27294,True
27299,True
27304,True
27309,True
27314,True
27319,True
27324,True
27329,True
27334,True
27339,True
27344,True
27349,True
27354,True
27359,True
27364,True
27369,True
27374,True
27379,True
27384,True
27389,True
27394,True
27399,True
27404,True
27409,True
27414,True
27419,True
27424,True
27429,True
27434,True
27439,True
27444,True
27449,True
27454,True
27459,True
27464,True
27469,True
27474,True
27479,True
27484,True
27489,True
27494,True
27499,True
27504,True
27509,True
27514,True
27519,True
27524,True
27529,True
27534,True
27539,True
27544,True
27549,True
27554,True
27559,True
27564,True
27569,True
27574,True
27579,True
27584,True
27589,True
27594,True
27599,True
27604,True
27609,True
27614,True
27619,True
27624,True
27629,True
27634,True
27639,True
27644,True
27649,True
27654,True
27659,True
27664,True
27669,True
27674,True
27679,True
27684,True
27689,True
27694,True
27699,True
27704,True
27709,True
27714,True
27719,True
27724,True
27729,True
27734,True
27739,True
27744,True
27749,True
27754,True
27759,True
27764,True
27769,True
27774,True
27779,True
27784,True
27789,True
27794,True
27799,True
27804,True
27809,True
27814,True
27819,True
27824,True
27829,True
27834,True
27839,True
27844,True
27849,True
27854,True
27859,True
27864,True
27869,True
27874,True
27879,True
27884,True
27889,True
27894,True
27899,True
27904,True
27909,True
27914,True
27919,True
27924,True
27929,True
27934,True
27939,True
27944,True
27949,True
27954,True
27959,True
27964,True
27969,True
27974,True
27979,True
27984,True
27989,True
27994,True
27999,True
28004,True
28009,True
28014,True
28019,True
28024,True
28029,True
28034,True
28039,True
28044,True
28049,True
28054,True
28059,True
28064,True
28069,True
28074,True
28079,True
28084,True
28089,True
28094,True
28099,True
28104,True
28109,True
28114,True
28119,True
28124,True
28129,True
28134,True
28139,True
28144,True
28149,True
28154,True
28159,True
28164,True
28169,True
28174,True
28179,True
28184,True
28189,True
28194,True
28199,True
28204,True
28209,True
28214,True
28219,True
28224,True
28229,True
28234,True
28239,True
28244,True
28249,True
28254,True
28259,True
28264,True
28269,True
28274,True
28279,True
28284,True
28289,True
28294,True
28299,True
28304,True
28309,True
28314,True
28319,True
28324,True
28329,True
28334,True
28339,True
28344,True
28349,True
28354,True
28359,True
28364,True
28369,True
28374,True
28379,True
28384,True
28389,True
28394,True
28399,True
28404,True
28409,True
28414,True
28419,True
28424,True
28429,True
28434,True
28439,True
28444,True
28449,True
28454,True
28459,True
28464,True
28469,True
28474,True
28479,True
28484,True
28489,True
28494,True
28499,True
28504,True
28509,True
28514,True
28519,True
28524,True
28529,True
28534,True
28539,True
28544,True
28549,True
28554,True
28559,True
28564,True
28569,True
28574,True
28579,True
28584,True
28589,True
28594,True
28599,True
28604,True
28609,True
28614,True
28619,True
28624,True
28629,True
28634,True
28639,True
28644,True
28649,True
28654,True
28659,True
28664,True
28669,True
28674,True
28679,True
28684,True
28689,True
28694,True
28699,True
28704,True
28709,True
28714,True
28719,True
28724,True
28729,True
28734,True
28739,True
28744,True
28749,True
28754,True
28759,True
28764,True
28769,True
28774,True
28779,True
28784,True
28789,True
28794,True
28799,True
28804,True
28809,True
28814,True
28819,True
28824,True
28829,True
28834,True
28839,True
28844,True
28849,True
28854,True
28859,True
28864,True
28869,True
28874,True
28879,True
28884,True
28889,True
28894,True
28899,True
28904,True
28909,True
28914,True
28919,True
28924,True
28929,True
28934,True
28939,True
28944,True
28949,True
28954,True
28959,True
28964,True
28969,True
28974,True
28979,True
28984,True
28989,True
28994,True
28999,True
29004,True
29009,True
29014,True
29019,True
29024,True
29029,True
29034,True
29039,True
29044,True
29049,True
29054,True
29059,True
29064,True
29069,True
29074,True
29079,True
29084,True
29089,True
29094,True
29099,True
29104,True
29109,True
29114,True
29119,True
29124,True
29129,True
29134,True
29139,True
29144,True
29149,True
29154,True
29159,True
29164,True
29169,True
29174,True
29179,True
29184,True
29189,True
29194,True
29199,True
29204,True
29209,True
29214,True
29219,True
29224,True
29229,True
29234,True
29239,True
29244,True
29249,True
29254,True
29259,True
29264,True
29269,True
29274,True
29279,True
29284,True
29289,True
29294,True
29299,True
29304,True
29309,True
29314,True
29319,True
29324,True
29329,True
29334,True
29339,True
29344,True
29349,True
29354,True
29359,True
29364,True
29369,True
29374,True
29379,True
29384,True
29389,True
29394,True
29399,True
29404,True
29409,True
29414,True
29419,True
29424,True
29429,True
29434,True
29439,True
29444,True
29449,True
29454,True
29459,True
29464,True
29469,True
29474,True
29479,True
29484,True
29489,True
29494,True
29499,True
29504,True
29509,True
29514,True
29519,True
29524,True
29529,True
29534,True
29539,True
29544,True
29549,True
29554,True
29559,True
29564,True
29569,True
29574,True
29579,True
29584,True
29589,True
29594,True
29599,True
29604,True
29609,True
29614,True
29619,True
29624,True
29629,True
29634,True
29639,True
29644,True
29649,True
29654,True
29659,True
29664,True
29669,True
29674,True
29679,True
29684,True
29689,True
29694,True
29699,True
29704,True
29709,True
29714,True
29719,True
29724,True
29729,True
29734,True
29739,True
29744,True
29749,True
29754,True
29759,True
29764,True
29769,True
29774,True
29779,True
29784,True
29789,True
29794,True
29799,True
29804,True
29809,True
29814,True
29819,True
29824,True
29829,True
29834,True
29839,True
29844,True
29849,True
29854,True
29859,True
29864,True
29869,True
29874,True
29879,True
29884,True
29889,True
29894,True
29899,True
29904,True
29909,True
29914,True
29919,True
29924,True
29929,True
29934,True
29939,True
29944,True
29949,True
29954,True
29959,True
29964,True
29969,True
29974,True
29979,True
29984,True
29989,True
29994,True
29999,True
30004,True
30009,True
30014,True
30019,True
30024,True
30029,True
30034,True
30039,True
30044,True
30049,True
30054,True
30059,True
30064,True
30069,True
30074,True
30079,True
30084,True
30089,True
30094,True
30099,True
30104,True
30109,True
30114,True
30119,True
30124,True
30129,True
30134,True
30139,True
30144,True
30149,True
30154,True
30159,True
30164,True
30169,True
30174,True
30179,True
30184,True
30189,True
30194,True
30199,True
30204,True
30209,True
30214,True
30219,True
30224,True
30229,True
30234,True
30239,True
30244,True
30249,True
32684,True
32689,True
32694,True
32699,True
32704,True
32709,True
32714,True
32719,True
32724,True
32729,True
32734,True
32739,True
32744,True
32749,True
32754,True
32759,True
32764,True
32769,True
32774,True
32779,True
32784,True
32789,True
32794,True
32799,True
32804,True
32809,True
32814,True
32819,True
32824,True
32829,True
32834,True
32839,True
32844,True
32849,True
32854,True
32859,True
32864,True
32869,True
32874,True
32879,True
32884,True
32889,True
32894,True
32899,True
32904,True
32909,True
32914,True
32919,True
32924,True
32929,True
32934,True
32939,True
32944,True
32949,True
32954,True
32959,True
32964,True
32969,True
32974,True
32979,True
32984,True
32989,True
32994,True
32999,True
33004,True
33009,True
33014,True
33019,True
33024,True
33029,True
33034,True
33039,True
33044,True
33049,True
33054,True
33059,True
33064,True
33069,True
33074,True
33079,True
33084,True
33089,True
33094,True
33099,True
33104,True
33109,True
33114,True
33119,True
33124,True
33129,True
33134,True
33139,True
33144,True
33149,True
33154,True
33159,True
33164,True
33169,True
33174,True
33179,True
33184,True
33189,True
33194,True
33199,True
33204,True
33209,True
33214,True
33219,True
33224,True
33229,True
33234,True
33239,True
33244,True
33249,True
33254,True
33259,True
33264,True
33269,True
33274,True
33279,True
33284,True
33289,True
33294,True
33299,True
33304,True
33309,True
33314,True
33319,True
33324,True
33329,True
33334,True
33339,True
33344,True
33349,True
33354,True
33359,True
33364,True
33369,True
33374,True
33379,True
33384,True
33389,True
33394,True
33399,True
33404,True
33409,True
33414,True
33419,True
33424,True
33429,True
33434,True
33439,True
33444,True
33449,True
33454,True
33459,True
33464,True
33469,True
33474,True
33479,True
33484,True
33489,True
33494,True
33499,True
33504,True
33509,True
33514,True
33519,True
33524,True
33529,True
33534,True
33539,True
33544,True
33549,True
33554,True
33559,True
33564,True
33569,True
33574,True
33579,True
33584,True
33589,True
33594,True
33599,True
33604,True
33609,True
33614,True
33619,True
33624,True
33629,True
33634,True
33639,True
33644,True
33649,True
33654,True
33659,True
33664,True
33669,True
33674,True
33679,True
33684,True
33689,True
33694,True
33699,True
33704,True
33709,True
33714,True
33719,True
33724,True
33729,True
33734,True
33739,True
33744,True
33749,True
33754,True
33759,True
33764,True
33769,True
33774,True
33779,True
33784,True
33789,True
33794,True
33799,True
33804,True
33809,True
33814,True
33819,True
33824,True
33829,True
33834,True
33839,True
33844,True
33849,True
33854,True
33859,True
33864,True
33869,True
33874,True
33879,True
33884,True
33889,True
33894,True
33899,True
33904,True
33909,True
33914,True
33919,True
33924,True
33929,True
33934,True
33939,True
33944,True
33949,True
33954,True
33959,True
33964,True
33969,True
33974,True
33979,True
33984,True
33989,True
33994,True
33999,True
34004,True
34009,True
34014,True
34019,True
34024,True
34029,True
34034,True
34039,True
34044,True
34049,True
34054,True
34059,True
34064,True
34069,True
34074,True
34079,True
34084,True
34089,True
34094,True
34099,True
34104,True
34109,True
34114,True
34119,True
34124,True
34129,True
34134,True
34139,True
34144,True
34149,True
34154,True
34159,True
34164,True
34169,True
34174,True
34179,True
34184,True
34189,True
34194,True
34199,True
34204,True
34209,True
34214,True
34219,True
34224,True
34229,True
34234,True
34239,True
34244,True
34249,True
34254,True
34259,True
34264,True
34269,True
34274,True
34279,True
34284,True
34289,True
34294,True
34299,True
34304,True
34309,True
34314,True
34319,True
34324,True
34329,True
34334,True
34339,True
34344,True
34349,True
34354,True
34359,True
34364,True
34369,True
34374,True
34379,True
34384,True
34389,True
34394,True
34399,True
34404,True
34409,True
34414,True
34419,True
34424,True
34429,True
34434,True
34439,True
34444,True
34449,True
34454,True
34459,True
34464,True
34469,True
34474,True
34479,True
34484,True
34489,True
34494,True
34499,True
34504,True
34509,True
34514,True
34519,True
34524,True
34529,True
34534,True
34539,True
34544,True
34549,True
34554,True
34559,True
34564,True
34569,True
34574,True
34579,True
34584,True
34589,True
34594,True
34599,True
34604,True
34609,True
34614,True
34619,True
34624,True
34629,True
34634,True
34639,True
34644,True
34649,True
34654,True
34659,True
34664,True
34669,True
34674,True
34679,True
34684,True
34689,True
34694,True
34699,True
34704,True
34709,True
34714,True
34719,True
34724,True
34729,True
34734,True
34739,True
34744,True
34749,True
34754,True
34759,True
34764,True
34769,True
34774,True
34779,True
34784,True
34789,True
34794,True
34799,True
34804,True
34809,True
34814,True
34819,True
34824,True
34829,True
34834,True
34839,True
34844,True
34849,True
34854,True
34859,True
34864,True
34869,True
34874,True
34879,True
34884,True
34889,True
34894,True
34899,True
34904,True
34909,True
34914,True
34919,True
34924,True
34929,True
34934,True
34939,True
34944,True
34949,True
34954,True
34959,True
34964,True
34969,True
34974,True
34979,True
34984,True
34989,True
34994,True
34999,True
35004,True
35009,True
35014,True
35019,True
35024,True
35029,True
35034,True
35039,True
35044,True
35049,True
35054,True
35059,True
35064,True
35069,True
35074,True
35079,True
35084,True
35089,True
35094,True
35099,True
35104,True
35109,True
35114,True
35119,True
35124,True
35129,True
35134,True
35139,True
35144,True
35149,True
35154,True
35159,True
35164,True
35169,True
35174,True
35179,True
35184,True
35189,True
35194,True
35199,True
35204,True
35209,True
35214,True
35219,True
35224,True
35229,True
35234,True
35239,True
35244,True
35249,True
35254,True
35259,True
35264,True
35269,True
35274,True
35279,True
35284,True
35289,True
35294,True
35299,True
35304,True
35309,True
35314,True
35319,True
35324,True
35329,True
35334,True
35339,True
35344,True
35349,True
35354,True
35359,True
35364,True
35369,True
35374,True
35379,True
35384,True
35389,True
35394,True
35399,True
35404,True
35409,True
35414,True
35419,True
35424,True
35429,True
35434,True
35439,True
35444,True
35449,True
35454,True
35459,True
35464,True
35469,True
35474,True
35479,True
35484,True
35489,True
35494,True
35499,True
35504,True
35509,True
35514,True
35519,True
35524,True
35529,True
35534,True
35539,True
35544,True
35549,True
35554,True
35559,True
35564,True
35569,True
35574,True
35579,True
35584,True
35589,True
35594,True
35599,True
35604,True
35609,True
35614,True
35619,True
35624,True
35629,True
35634,True
35639,True
35644,True
35649,True
35654,True
35659,True
35664,True
35669,True
35674,True
35679,True
35684,True
35689,True
35694,True
35699,True
35704,True
35709,True
35714,True
35719,True
35724,True
35729,True
35734,True
35739,True
82474,True
82479,True
82484,True
82489,True
82494,True
82499,True
82504,True
82509,True
82514,True
82519,True
82524,True
82529,True
82534,True
82539,True
82544,True
82549,True
82554,True
82559,True
82564,True
82569,True
82574,True
82579,True
82584,True
82589,True
82594,True
82599,True
82604,True
82609,True
82614,True
82619,True
82624,True
82629,True
82634,True
82639,True
82644,True
82649,True
82654,True
82659,True
82664,True
82669,True
82674,True
82679,True
82684,True
82689,True
82694,True
82699,True
82704,True
82709,True
82714,True
82719,True
82724,True
82729,True
82734,True
82739,True
82744,True
82749,True
82754,True
82759,True
82764,True
82769,True
82774,True
82779,True
82784,True
82789,True
82794,True
82799,True
82804,True
82809,True
82814,True
82819,True
82824,True
82829,True
82834,True
82839,True
82844,True
82849,True
82854,True
82859,True
82864,True
82869,True
82874,True
82879,True
82884,True
82889,True
82894,True
82899,True
82904,True
82909,True
82914,True
82919,True
82924,True
82929,True
82934,True
82939,True
82944,True
82949,True
82954,True
82959,True
82964,True
82969,True
82974,True
82979,True
82984,True
82989,True
82994,True
82999,True
83004,True
83009,True
83014,True
83019,True
83024,True
83029,True
83034,True
83039,True
83044,True
83049,True
83054,True
83059,True
83064,True
83069,True
83074,True
83079,True
83084,True
83089,True
83094,True
83099,True
83104,True
83109,True
83114,True
83119,True
83124,True
83129,True
83134,True
83139,True
83144,True
83149,True
83154,True
83159,True
83164,True
83169,True
83174,True
83179,True
83184,True
83189,True
83194,True
83199,True
83204,True
83209,True
83214,True
83219,True
83224,True
83229,True
83234,True
83239,True
83244,True
83249,True
83254,True
83259,True
83264,True
83269,True
83274,True
83279,True
83284,True
83289,True
83294,True
83299,True
83304,True
83309,True
83314,True
83319,True
83324,True
83329,True
83334,True
83339,True
83344,True
83349,True
83354,True
83359,True
83364,True
83369,True
83374,True
83379,True
83384,True
83389,True
83394,True
83399,True
83404,True
83409,True
83414,True
83419,True
83424,True
83429,True
83434,True
83439,True
83444,True
83449,True
83454,True
83459,True
83464,True
83469,True
83474,True
83479,True
83484,True
83489,True
83494,True
83499,True
83504,True
83509,True
83514,True
83519,True
83524,True
83529,True
83534,True
83539,True
83544,True
83549,True
83554,True
83559,True
83564,True
83569,True
83574,True
83579,True
83584,True
83589,True
83594,True
83599,True
83604,True
83609,True
83614,True
83619,True
83624,True
83629,True
83634,True
83639,True
83644,True
83649,True
83654,True
83659,True
83664,True
83669,True
83674,True
83679,True
83684,True
83689,True
83694,True
83699,True
83704,True
83709,True
83714,True
83719,True
83724,True
83729,True
83734,True
83739,True
83744,True
83749,True
83754,True
83759,True
83764,True
83769,True
83774,True
83779,True
83784,True
83789,True
83794,True
83799,True
83804,True
83809,True
83814,True
83819,True
83824,True
83829,True
83834,True
83839,True
83844,True
83849,True
83854,True
83859,True
83864,True
83869,True
83874,True
83879,True
83884,True
83889,True
83894,True
83899,True
83904,True
83909,True
83914,True
83919,True
83924,True
83929,True
83934,True
83939,True
83944,True
83949,True
83954,True
83959,True
83964,True
83969,True
83974,True
83979,True
83984,True
83989,True
83994,True
83999,True
84004,True
84009,True
84014,True
84019,True
84024,True
84029,True
84034,True
84039,True
84044,True
84049,True
84054,True
84059,True
84064,True
84069,True
84074,True
84079,True
84084,True
84089,True
84094,True
84099,True
84104,True
84109,True
84114,True
84119,True
84124,True
84129,True
84134,True
84139,True
84144,True
84149,True
84154,True
84159,True
84164,True
84169,True
84174,True
84179,True
84184,True
84189,True
84194,True
84199,True
84204,True
84209,True
84214,True
84219,True
84224,True
84229,True
84234,True
84239,True
84244,True
84249,True
84254,True
84259,True
84264,True
84269,True
84274,True
84279,True
84284,True
84289,True
84294,True
84299,True
84304,True
84309,True
84314,True
84319,True
84324,True
84329,True
84334,True
84339,True
84344,True
84349,True
84354,True
84359,True
84364,True
84369,True
84374,True
84379,True
84384,True
84389,True
84394,True
84399,True
84404,True
84409,True
84414,True
84419,True
84424,True
84429,True
84434,True
84439,True
84444,True
84449,True
84454,True
84459,True
84464,True
84469,True
84474,True
84479,True
84484,True
84489,True
84494,True
84499,True
84504,True
84509,True
84514,True
84519,True
84524,True
84529,True
84534,True
84539,True
84544,True
84549,True
84554,True
84559,True
84564,True
84569,True
84574,True
84579,True
84584,True
84589,True
84594,True
84599,True
84604,True
84609,True
84614,True
84619,True
84624,True
84629,True
84634,True
84639,True
84644,True
84649,True
84654,True
84659,True
84664,True
84669,True
84674,True
84679,True
84684,True
84689,True
84694,True
84699,True
84704,True
84709,True
84714,True
84719,True
84724,True
84729,True
84734,True
84739,True
84744,True
84749,True
84754,True
84759,True
84764,True
84769,True
84774,True
84779,True
84784,True
84789,True
84794,True
84799,True
84804,True
84809,True
84814,True
84819,True
84824,True
84829,True
84834,True
84839,True
84844,True
84849,True
84854,True
84859,True
84864,True
84869,True
84874,True
84879,True
84884,True
84889,True
84894,True
84899,True
84904,True
84909,True
84914,True
84919,True
84924,True
84929,True
84934,True
84939,True
84944,True
84949,True
84954,True
84959,True
84964,True
84969,True
84974,True
84979,True
84984,True
84989,True
84994,True
84999,True
85004,True
85009,True
85014,True
85019,True
85024,True
85029,True
85034,True
85039,True
85044,True
85049,True
85054,True
85059,True
85064,True
85069,True
85074,True
85079,True
85084,True
85089,True
85094,True
85099,True
85104,True
85109,True
85114,True
85119,True
85124,True
85129,True
85134,True
85139,True
85144,True
85149,True
85154,True
85159,True
85164,True
85169,True
85174,True
85179,True
85184,True
85189,True
85194,True
85199,True
85204,True
85209,True
85214,True
85219,True
85224,True
85229,True
85234,True
85239,True
85244,True
85249,True
85254,True
85259,True
85264,True
85269,True
85274,True
85279,True
85284,True
85289,True
85294,True
85299,True
85304,True
85309,True
85314,True
85319,True
85324,True
85329,True
85334,True
85339,True
85344,True
85349,True
85354,True
85359,True
85364,True
85369,True
85374,True
85379,True
85384,True
85389,True
85394,True
85399,True
85404,True
85409,True
85414,True
85419,True
85424,True
85429,True
85434,True
85439,True
85444,True
85449,True
85454,True
85459,True
85464,True
85469,True
85474,True
85479,True
85484,True
85489,True
85494,True
85499,True
85504,True
85509,True
37718,True
37723,True
37728,True
37733,True
37738,True
37743,True
37748,True
37753,True
37758,True
37763,True
37768,True
37773,True
37778,True
37783,True
37788,True
37793,True
37798,True
37803,True
37808,True
37813,True
37818,True
37823,True
37828,True
37833,True
37838,True
37843,True
37848,True
37853,True
37858,True
37863,True
37868,True
37873,True
37878,True
37883,True
37888,True
37893,True
37898,True
37903,True
37908,True
37913,True
37918,True
37923,True
37928,True
37933,True
37938,True
37943,True
37948,True
37953,True
37958,True
37963,True
37968,True
37973,True
37978,True
37983,True
37988,True
37993,True
37998,True
38003,True
38008,True
38013,True
38018,True
38023,True
38028,True
38033,True
38038,True
38043,True
38048,True
38053,True
38058,True
38063,True
38068,True
38073,True
28178,True
28183,True
28188,True
28193,True
28198,True
28203,True
28208,True
28213,True
28218,True
28223,True
28228,True
28233,True
28238,True
28243,True
28248,True
28253,True
28258,True
28263,True
28268,True
28273,True
28278,True
28283,True
28288,True
28293,True
28298,True
28303,True
28308,True
28313,True
28318,True
28323,True
28328,True
28333,True
28338,True
28343,True
28348,True
28353,True
28358,True
28363,True
28368,True
28373,True
28378,True
28383,True
28388,True
28393,True
28398,True
28403,True
28408,True
28413,True
28418,True
28423,True
28428,True
28433,True
28438,True
28443,True
28448,True
28453,True
28458,True
28463,True
28468,True
28473,True
28478,True
28483,True
28488,True
28493,True
28498,True
28503,True
28508,True
28513,True
28518,True
28523,True
28528,True
28533,True
40418,True
40423,True
40428,True
40433,True
40438,True
40443,True
40448,True
40453,True
40458,True
40463,True
40468,True
40473,True
40478,True
40483,True
40488,True
40493,True
40498,True
40503,True
40508,True
40513,True
40518,True
40523,True
40528,True
40533,True
40538,True
40543,True
40548,True
40553,True
40558,True
40563,True
40568,True
40573,True
40578,True
40583,True
40588,True
40593,True
40598,True
40603,True
40608,True
40613,True
40618,True
40623,True
40628,True
40633,True
40638,True
40643,True
40648,True
40653,True
40658,True
40663,True
40668,True
40673,True
40678,True
40683,True
40688,True
40693,True
40698,True
40703,True
40708,True
40713,True
40718,True
40723,True
40728,True
40733,True
40738,True
40743,True
40748,True
40753,True
40758,True
40763,True
40768,True
40773,True
10528,True
10533,True
10538,True
10543,True
10548,True
10553,True
10558,True
10563,True
10568,True
10573,True
10578,True
10583,True
10588,True
10593,True
10598,True
10603,True
10608,True
10613,True
10618,True
10623,True
10628,True
10633,True
10638,True
10643,True
10648,True
10653,True
10658,True
10663,True
10668,True
10673,True
10678,True
10683,True
10688,True
10693,True
10698,True
10703,True
10708,True
10713,True
10718,True
10723,True
10728,True
10733,True
10738,True
10743,True
10748,True
10753,True
10758,True
10763,True
10768,True
10773,True
10778,True
10783,True
10788,True
10793,True
10798,True
10803,True
10808,True
10813,True
10818,True
10823,True
10828,True
10833,True
10838,True
10843,True
10848,True
10853,True
10858,True
10863,True
10868,True
10873,True
10878,True
10883,True
29438,True
29443,True
29448,True
29453,True
29458,True
29463,True
29468,True
29473,True
29478,True
29483,True
29488,True
29493,True
29498,True
29503,True
29508,True
29513,True
29518,True
29523,True
29528,True
29533,True
29538,True
29543,True
29548,True
29553,True
29558,True
29563,True
29568,True
29573,True
29578,True
29583,True
29588,True
29593,True
29598,True
29603,True
29608,True
29613,True
29618,True
29623,True
29628,True
29633,True
29638,True
29643,True
29648,True
29653,True
29658,True
29663,True
29668,True
29673,True
29678,True
29683,True
29688,True
29693,True
29698,True
29703,True
29708,True
29713,True
29718,True
29723,True
29728,True
29733,True
29738,True
29743,True
29748,True
29753,True
29758,True
29763,True
29768,True
29773,True
29778,True
29783,True
29788,True
29793,True
8458,True
8463,True
8468,True
8473,True
8478,True
8483,True
8488,True
8493,True
8498,True
8503,True
8508,True
8513,True
8518,True
8523,True
8528,True
8533,True
8538,True
8543,True
8548,True
8553,True
8558,True
8563,True
8568,True
8573,True
8578,True
8583,True
8588,True
8593,True
8598,True
8603,True
8608,True
8613,True
8618,True
8623,True
8628,True
8633,True
8638,True
8643,True
8648,True
8653,True
8658,True
8663,True
8668,True
8673,True
8678,True
8683,True
8688,True
8693,True
8698,True
8703,True
8708,True
8713,True
8718,True
8723,True
8728,True
8733,True
8738,True
8743,True
8748,True
8753,True
8758,True
8763,True
8768,True
8773,True
8778,True
8783,True
8788,True
8793,True
8798,True
8803,True
8808,True
8813,True
34118,True
34123,True
34128,True
34133,True
34138,True
34143,True
34148,True
34153,True
34158,True
34163,True
34168,True
34173,True
34178,True
34183,True
34188,True
34193,True
34198,True
34203,True
34208,True
34213,True
34218,True
34223,True
34228,True
34233,True
34238,True
34243,True
34248,True
34253,True
34258,True
34263,True
34268,True
34273,True
34278,True
34283,True
34288,True
34293,True
34298,True
34303,True
34308,True
34313,True
34318,True
34323,True
34328,True
34333,True
34338,True
34343,True
34348,True
34353,True
34358,True
34363,True
34368,True
34373,True
34378,True
34383,True
34388,True
34393,True
34398,True
34403,True
34408,True
34413,True
34418,True
34423,True
34428,True
34433,True
34438,True
34443,True
34448,True
34453,True
34458,True
34463,True
34468,True
34473,True
51038,True
51043,True
51048,True
51053,True
51058,True
51063,True
51068,True
51073,True
51078,True
51083,True
51088,True
51093,True
51098,True
51103,True
51108,True
51113,True
51118,True
51123,True
51128,True
51133,True
51138,True
51143,True
51148,True
51153,True
51158,True
51163,True
51168,True
51173,True
51178,True
51183,True
51188,True
51193,True
51198,True
51203,True
51208,True
51213,True
51218,True
51223,True
51228,True
51233,True
51238,True
51243,True
51248,True
51253,True
51258,True
51263,True
51268,True
51273,True
51278,True
51283,True
51288,True
51293,True
51298,True
51303,True
51308,True
51313,True
51318,True
51323,True
51328,True
51333,True
51338,True
51343,True
51348,True
51353,True
51358,True
51363,True
51368,True
51373,True
51378,True
51383,True
51388,True
51393,True
21218,True
21223,True
21228,True
21233,True
21238,True
21243,True
21248,True
21253,True
21258,True
21263,True
21268,True
21273,True
21278,True
21283,True
21288,True
21293,True
21298,True
21303,True
21308,True
21313,True
21318,True
21323,True
21328,True
21333,True
21338,True
21343,True
21348,True
21353,True
21358,True
21363,True
21368,True
21373,True
21378,True
21383,True
21388,True
21393,True
21398,True
21403,True
21408,True
21413,True
21418,True
21423,True
21428,True
21433,True
21438,True
21443,True
21448,True
21453,True
21458,True
21463,True
21468,True
21473,True
21478,True
21483,True
21488,True
21493,True
21498,True
21503,True
21508,True
21513,True
21518,True
21523,True
21528,True
21533,True
21538,True
21543,True
21548,True
21553,True
21558,True
21563,True
21568,True
21573,True
21578,True
21583,True
21588,True
21593,True
21598,True
21603,True
21608,True
21613,True
21618,True
21623,True
21628,True
21633,True
21638,True
21643,True
21648,True
21653,True
21658,True
21663,True
21668,True
21673,True
21678,True
21683,True
21688,True
21693,True
21698,True
21703,True
21708,True
21713,True
21718,True
21723,True
21728,True
21733,True
21738,True
21743,True
21748,True
21753,True
21758,True
21763,True
21768,True
21773,True
21778,True
21783,True
21788,True
21793,True
21798,True
21803,True
21808,True
21813,True
21818,True
21823,True
21828,True
21833,True
21838,True
21843,True
21848,True
21853,True
21858,True
21863,True
21868,True
21873,True
29258,True
29263,True
29268,True
29273,True
29278,True
29283,True
29288,True
29293,True
29298,True
29303,True
29308,True
29313,True
29318,True
29323,True
29328,True
29333,True
29338,True
29343,True
29348,True
29353,True
29358,True
29363,True
29368,True
29373,True
29378,True
29383,True
29388,True
29393,True
29398,True
29403,True
29408,True
29413,True
29418,True
29423,True
29428,True
29433,True
29438,True
29443,True
29448,True
29453,True
29458,True
29463,True
29468,True
29473,True
29478,True
29483,True
29488,True
29493,True
29498,True
29503,True
29508,True
29513,True
29518,True
29523,True
29528,True
29533,True
29538,True
29543,True
29548,True
29553,True
29558,True
29563,True
29568,True
29573,True
29578,True
29583,True
29588,True
29593,True
29598,True
29603,True
29608,True
29613,True
29618,True
29623,True
29628,True
29633,True
29638,True
29643,True
29648,True
29653,True
29658,True
29663,True
29668,True
29673,True
29678,True
29683,True
29688,True
29693,True
29698,True
29703,True
29708,True
29713,True
29718,True
29723,True
29728,True
29733,True
29738,True
29743,True
29748,True
29753,True
29758,True
29763,True
29768,True
29773,True
29778,True
29783,True
29788,True
29793,True
29798,True
29803,True
29808,True
29813,True
29818,True
29823,True
29828,True
29833,True
29838,True
29843,True
29848,True
29853,True
29858,True
29863,True
29868,True
29873,True
29878,True
29883,True
45728,True
45733,True
45738,True
45743,True
45748,True
45753,True
45758,True
45763,True
45768,True
45773,True
45778,True
45783,True
45788,True
45793,True
45798,True
45803,True
45808,True
45813,True
45818,True
45823,True
45828,True
45833,True
45838,True
45843,True
45848,True
45853,True
45858,True
45863,True
45868,True
45873,True
45878,True
45883,True
45888,True
45893,True
45898,True
45903,True
45908,True
45913,True
45918,True
45923,True
45928,True
45933,True
45938,True
45943,True
45948,True
45953,True
45958,True
45963,True
45968,True
45973,True
45978,True
45983,True
45988,True
45993,True
45998,True
46003,True
46008,True
46013,True
46018,True
46023,True
46028,True
46033,True
46038,True
46043,True
46048,True
46053,True
46058,True
46063,True
46068,True
46073,True
46078,True
46083,True
46088,True
46093,True
46098,True
46103,True
46108,True
46113,True
46118,True
46123,True
46128,True
46133,True
46138,True
46143,True
46148,True
46153,True
46158,True
46163,True
46168,True
46173,True
46178,True
46183,True
46188,True
46193,True
46198,True
46203,True
46208,True
46213,True
46218,True
46223,True
46228,True
46233,True
46238,True
46243,True
46248,True
46253,True
46258,True
46263,True
46268,True
46273,True
46278,True
46283,True
46288,True
46293,True
46298,True
46303,True
46308,True
46313,True
46318,True
46323,True
46328,True
46333,True
46338,True
46343,True
46348,True
46353,True
30698,True
30703,True
30708,True
30713,True
30718,True
30723,True
30728,True
30733,True
30738,True
30743,True
30748,True
30753,True
30758,True
30763,True
30768,True
30773,True
30778,True
30783,True
30788,True
30793,True
30798,True
30803,True
30808,True
30813,True
30818,True
30823,True
30828,True
30833,True
30838,True
30843,True
30848,True
30853,True
30858,True
30863,True
30868,True
30873,True
30878,True
30883,True
30888,True
30893,True
30898,True
30903,True
30908,True
30913,True
30918,True
30923,True
30928,True
30933,True
30938,True
30943,True
30948,True
30953,True
30958,True
30963,True
30968,True
30973,True
30978,True
30983,True
30988,True
30993,True
30998,True
31003,True
31008,True
31013,True
31018,True
31023,True
31028,True
31033,True
31038,True
31043,True
31048,True
31053,True
31058,True
31063,True
31068,True
31073,True
31078,True
31083,True
31088,True
31093,True
31098,True
31103,True
31108,True
31113,True
31118,True
31123,True
31128,True
31133,True
31138,True
31143,True
31148,True
31153,True
31158,True
31163,True
31168,True
31173,True
31178,True
31183,True
31188,True
31193,True
31198,True
31203,True
31208,True
31213,True
31218,True
31223,True
31228,True
31233,True
31238,True
31243,True
31248,True
31253,True
31258,True
31263,True
31268,True
31273,True
31278,True
31283,True
31288,True
31293,True
31298,True
31303,True
31308,True
31313,True
31318,True
31323,True
32318,True
32323,True
32328,True
32333,True
32338,True
32343,True
32348,True
32353,True
32358,True
32363,True
32368,True
32373,True
32378,True
32383,True
32388,True
32393,True
32398,True
32403,True
32408,True
32413,True
32418,True
32423,True
32428,True
32433,True
32438,True
32443,True
32448,True
32453,True
32458,True
32463,True
32468,True
32473,True
32478,True
32483,True
32488,True
32493,True
32498,True
32503,True
32508,True
32513,True
32518,True
32523,True
32528,True
32533,True
32538,True
32543,True
32548,True
32553,True
32558,True
32563,True
32568,True
32573,True
32578,True
32583,True
32588,True
32593,True
32598,True
32603,True
32608,True
32613,True
32618,True
32623,True
32628,True
32633,True
32638,True
32643,True
32648,True
32653,True
32658,True
32663,True
32668,True
32673,True
32678,True
32683,True
32688,True
32693,True
32698,True
32703,True
32708,True
32713,True
32718,True
32723,True
32728,True
32733,True
32738,True
32743,True
32748,True
32753,True
32758,True
32763,True
32768,True
32773,True
32778,True
32783,True
32788,True
32793,True
32798,True
32803,True
32808,True
32813,True
32818,True
32823,True
32828,True
32833,True
32838,True
32843,True
32848,True
32853,True
32858,True
32863,True
32868,True
32873,True
32878,True
32883,True
32888,True
32893,True
32898,True
32903,True
32908,True
32913,True
32918,True
32923,True
32928,True
32933,True
32938,True
32943,True
34928,True
34933,True
34938,True
34943,True
34948,True
34953,True
34958,True
34963,True
34968,True
34973,True
34978,True
34983,True
34988,True
34993,True
34998,True
35003,True
35008,True
35013,True
35018,True
35023,True
35028,True
35033,True
35038,True
35043,True
35048,True
35053,True
35058,True
35063,True
35068,True
35073,True
35078,True
35083,True
35088,True
35093,True
35098,True
35103,True
35108,True
35113,True
35118,True
35123,True
35128,True
35133,True
35138,True
35143,True
35148,True
35153,True
35158,True
35163,True
35168,True
35173,True
35178,True
35183,True
35188,True
35193,True
35198,True
35203,True
35208,True
35213,True
35218,True
35223,True
35228,True
35233,True
35238,True
35243,True
35248,True
35253,True
35258,True
35263,True
35268,True
35273,True
35278,True
35283,True
35288,True
35293,True
35298,True
35303,True
35308,True
35313,True
35318,True
35323,True
35328,True
35333,True
35338,True
35343,True
35348,True
35353,True
35358,True
35363,True
35368,True
35373,True
35378,True
35383,True
35388,True
35393,True
35398,True
35403,True
35408,True
35413,True
35418,True
35423,True
35428,True
35433,True
35438,True
35443,True
35448,True
35453,True
35458,True
35463,True
35468,True
35473,True
35478,True
35483,True
35488,True
35493,True
35498,True
35503,True
35508,True
35513,True
35518,True
35523,True
35528,True
35533,True
35538,True
35543,True
35548,True
35553,True
47888,True
47893,True
47898,True
47903,True
47908,True
47913,True
47918,True
47923,True
47928,True
47933,True
47938,True
47943,True
47948,True
47953,True
47958,True
47963,True
47968,True
47973,True
47978,True
47983,True
47988,True
47993,True
47998,True
48003,True
48008,True
48013,True
48018,True
48023,True
48028,True
48033,True
48038,True
48043,True
48048,True
48053,True
48058,True
48063,True
48068,True
48073,True
48078,True
48083,True
48088,True
48093,True
48098,True
48103,True
48108,True
48113,True
48118,True
48123,True
48128,True
48133,True
48138,True
48143,True
48148,True
48153,True
48158,True
48163,True
48168,True
48173,True
48178,True
48183,True
48188,True
48193,True
48198,True
48203,True
48208,True
48213,True
48218,True
48223,True
48228,True
48233,True
48238,True
48243,True
48248,True
48253,True
48258,True
48263,True
48268,True
48273,True
48278,True
48283,True
48288,True
48293,True
48298,True
48303,True
48308,True
48313,True
48318,True
48323,True
48328,True
48333,True
48338,True
48343,True
48348,True
48353,True
48358,True
48363,True
48368,True
48373,True
48378,True
48383,True
48388,True
48393,True
48398,True
48403,True
48408,True
48413,True
48418,True
48423,True
48428,True
48433,True
48438,True
48443,True
48448,True
48453,True
48458,True
48463,True
48468,True
48473,True
48478,True
48483,True
48488,True
48493,True
48498,True
48503,True
48508,True
48513,True
52928,True
52933,True
52938,True
52943,True
52948,True
52953,True
52958,True
52963,True
52968,True
52973,True
52978,True
52983,True
52988,True
52993,True
52998,True
53003,True
53008,True
53013,True
53018,True
53023,True
53028,True
53033,True
53038,True
53043,True
53048,True
53053,True
53058,True
53063,True
53068,True
53073,True
53078,True
53083,True
53088,True
53093,True
53098,True
53103,True
53108,True
53113,True
53118,True
53123,True
53128,True
53133,True
53138,True
53143,True
53148,True
53153,True
53158,True
53163,True
53168,True
53173,True
53178,True
53183,True
53188,True
53193,True
53198,True
53203,True
53208,True
53213,True
53218,True
53223,True
53228,True
53233,True
53238,True
53243,True
53248,True
53253,True
53258,True
53263,True
53268,True
53273,True
53278,True
53283,True
53288,True
53293,True
53298,True
53303,True
53308,True
53313,True
53318,True
53323,True
53328,True
53333,True
53338,True
53343,True
53348,True
53353,True
53358,True
53363,True
53368,True
53373,True
53378,True
53383,True
53388,True
53393,True
53398,True
53403,True
53408,True
53413,True
53418,True
53423,True
53428,True
53433,True
53438,True
53443,True
53448,True
53453,True
53458,True
53463,True
53468,True
53473,True
53478,True
53483,True
53488,True
53493,True
53498,True
53503,True
53508,True
53513,True
53518,True
53523,True
53528,True
53533,True
53538,True
53543,True
53548,True
53553,True
55268,True
55273,True
55278,True
55283,True
55288,True
55293,True
55298,True
55303,True
55308,True
55313,True
55318,True
55323,True
55328,True
55333,True
55338,True
55343,True
55348,True
55353,True
55358,True
55363,True
55368,True
55373,True
55378,True
55383,True
55388,True
55393,True
55398,True
55403,True
55408,True
55413,True
55418,True
55423,True
55428,True
55433,True
55438,True
55443,True
55448,True
55453,True
55458,True
55463,True
55468,True
55473,True
55478,True
55483,True
55488,True
55493,True
55498,True
55503,True
55508,True
55513,True
55518,True
55523,True
55528,True
55533,True
55538,True
55543,True
55548,True
55553,True
55558,True
55563,True
55568,True
55573,True
55578,True
55583,True
55588,True
55593,True
55598,True
55603,True
55608,True
55613,True
55618,True
55623,True
55628,True
55633,True
55638,True
55643,True
55648,True
55653,True
55658,True
55663,True
55668,True
55673,True
55678,True
55683,True
55688,True
55693,True
55698,True
55703,True
55708,True
55713,True
55718,True
55723,True
55728,True
55733,True
55738,True
55743,True
55748,True
55753,True
55758,True
55763,True
55768,True
55773,True
55778,True
55783,True
55788,True
55793,True
55798,True
55803,True
55808,True
55813,True
55818,True
55823,True
55828,True
55833,True
55838,True
55843,True
55848,True
55853,True
55858,True
55863,True
55868,True
55873,True
55878,True
55883,True
55888,True
55893,True
55898,True
55903,True
55908,True
55913,True
55918,True
55923,True
55928,True
55933,True
55938,True
55943,True
55948,True
55953,True
55958,True
55963,True
55968,True
55973,True
55978,True
55983,True
55988,True
55993,True
55998,True
56003,True
56008,True
56013,True
56018,True
56023,True
56028,True
56033,True
56038,True
56043,True
56048,True
56053,True
56058,True
56063,True
56068,True
56073,True
56078,True
56083,True
56088,True
56093,True
56098,True
56103,True
56108,True
56113,True
56118,True
56123,True
56128,True
56133,True
56138,True
56143,True
56148,True
56153,True
56158,True
56163,True
56168,True
56173,True
56178,True
56183,True
56188,True
56193,True
56198,True
56203,True
56208,True
56213,True
56218,True
56223,True
56228,True
56233,True
56238,True
56243,True
56248,True
56253,True
56258,True
56263,True
56268,True
56273,True
56278,True
56283,True
56288,True
56293,True
56298,True
56303,True
56308,True
56313,True
56318,True
56323,True
56328,True
56333,True
56338,True
56343,True
56348,True
56353,True
56358,True
56363,True
56368,True
56373,True
56378,True
56383,True
56388,True
56393,True
56398,True
56403,True
56408,True
56413,True
56418,True
56423,True
56428,True
56433,True
56438,True
56443,True
56448,True
56453,True
56458,True
56463,True
56468,True
56473,True
56478,True
56483,True
56488,True
56493,True
56498,True
56503,True
56508,True
56513,True
56518,True
56523,True
15748,True
15753,True
15758,True
15763,True
15768,True
15773,True
15778,True
15783,True
15788,True
15793,True
15798,True
15803,True
15808,True
15813,True
15818,True
15823,True
15828,True
15833,True
15838,True
15843,True
15848,True
15853,True
15858,True
15863,True
15868,True
15873,True
15878,True
15883,True
15888,True
15893,True
15898,True
15903,True
15908,True
15913,True
15918,True
15923,True
15928,True
15933,True
15938,True
15943,True
15948,True
15953,True
15958,True
15963,True
15968,True
15973,True
15978,True
15983,True
15988,True
15993,True
15998,True
16003,True
16008,True
16013,True
16018,True
16023,True
16028,True
16033,True
16038,True
16043,True
16048,True
16053,True
16058,True
16063,True
16068,True
16073,True
16078,True
16083,True
16088,True
16093,True
16098,True
16103,True
16108,True
16113,True
16118,True
16123,True
16128,True
16133,True
16138,True
16143,True
16148,True
16153,True
16158,True
16163,True
16168,True
16173,True
16178,True
16183,True
16188,True
16193,True
16198,True
16203,True
16208,True
16213,True
16218,True
16223,True
16228,True
16233,True
16238,True
16243,True
16248,True
16253,True
16258,True
16263,True
16268,True
16273,True
16278,True
16283,True
16288,True
16293,True
16298,True
16303,True
16308,True
16313,True
16318,True
16323,True
16328,True
16333,True
16338,True
16343,True
16348,True
16353,True
16358,True
16363,True
16368,True
16373,True
16378,True
16383,True
16388,True
16393,True
16398,True
16403,True
16408,True
16413,True
16418,True
16423,True
16428,True
16433,True
16438,True
16443,True
16448,True
16453,True
16458,True
16463,True
16468,True
16473,True
16478,True
16483,True
16488,True
16493,True
16498,True
16503,True
16508,True
16513,True
16518,True
16523,True
16528,True
16533,True
16538,True
16543,True
16548,True
16553,True
16558,True
16563,True
16568,True
16573,True
16578,True
16583,True
16588,True
16593,True
16598,True
16603,True
16608,True
16613,True
16618,True
16623,True
16628,True
16633,True
16638,True
16643,True
16648,True
16653,True
16658,True
16663,True
16668,True
16673,True
16678,True
16683,True
16688,True
16693,True
16698,True
16703,True
16708,True
16713,True
16718,True
16723,True
16728,True
16733,True
16738,True
16743,True
16748,True
16753,True
16758,True
16763,True
16768,True
16773,True
16778,True
16783,True
16788,True
16793,True
16798,True
16803,True
16808,True
16813,True
16818,True
16823,True
16828,True
16833,True
16838,True
16843,True
16848,True
16853,True
16858,True
16863,True
16868,True
16873,True
16878,True
16883,True
16888,True
16893,True
16898,True
16903,True
16908,True
16913,True
16918,True
16923,True
16928,True
16933,True
16938,True
16943,True
16948,True
16953,True
16958,True
16963,True
16968,True
16973,True
16978,True
16983,True
16988,True
16993,True
16998,True
17003,True
41498,True
41503,True
41508,True
41513,True
41518,True
41523,True
41528,True
41533,True
41538,True
41543,True
41548,True
41553,True
41558,True
41563,True
41568,True
41573,True
41578,True
41583,True
41588,True
41593,True
41598,True
41603,True
41608,True
41613,True
41618,True
41623,True
41628,True
41633,True
41638,True
41643,True
41648,True
41653,True
41658,True
41663,True
41668,True
41673,True
41678,True
41683,True
41688,True
41693,True
41698,True
41703,True
41708,True
41713,True
41718,True
41723,True
41728,True
41733,True
41738,True
41743,True
41748,True
41753,True
41758,True
41763,True
41768,True
41773,True
41778,True
41783,True
41788,True
41793,True
41798,True
41803,True
41808,True
41813,True
41818,True
41823,True
41828,True
41833,True
41838,True
41843,True
41848,True
41853,True
41858,True
41863,True
41868,True
41873,True
41878,True
41883,True
41888,True
41893,True
41898,True
41903,True
41908,True
41913,True
41918,True
41923,True
41928,True
41933,True
41938,True
41943,True
41948,True
41953,True
41958,True
41963,True
41968,True
41973,True
41978,True
41983,True
41988,True
41993,True
41998,True
42003,True
42008,True
42013,True
42018,True
42023,True
42028,True
42033,True
42038,True
42043,True
42048,True
42053,True
42058,True
42063,True
42068,True
42073,True
42078,True
42083,True
42088,True
42093,True
42098,True
42103,True
42108,True
42113,True
42118,True
42123,True
42128,True
42133,True
42138,True
42143,True
42148,True
42153,True
42158,True
42163,True
42168,True
42173,True
42178,True
42183,True
42188,True
42193,True
42198,True
42203,True
42208,True
42213,True
42218,True
42223,True
42228,True
42233,True
42238,True
42243,True
42248,True
42253,True
42258,True
42263,True
42268,True
42273,True
42278,True
42283,True
42288,True
42293,True
42298,True
42303,True
42308,True
42313,True
42318,True
42323,True
42328,True
42333,True
42338,True
42343,True
42348,True
42353,True
42358,True
42363,True
42368,True
42373,True
42378,True
42383,True
42388,True
42393,True
42398,True
42403,True
42408,True
42413,True
42418,True
42423,True
42428,True
42433,True
42438,True
42443,True
42448,True
42453,True
42458,True
42463,True
42468,True
42473,True
42478,True
42483,True
42488,True
42493,True
42498,True
42503,True
42508,True
42513,True
42518,True
42523,True
42528,True
42533,True
42538,True
42543,True
42548,True
42553,True
42558,True
42563,True
42568,True
42573,True
42578,True
42583,True
42588,True
42593,True
42598,True
42603,True
42608,True
42613,True
42618,True
42623,True
42628,True
42633,True
42638,True
42643,True
42648,True
42653,True
42658,True
42663,True
42668,True
42673,True
42678,True
42683,True
42688,True
42693,True
42698,True
42703,True
42708,True
42713,True
42718,True
42723,True
42728,True
42733,True
42738,True
42743,True
42748,True
42753,True
31778,True
31783,True
31788,True
31793,True
31798,True
31803,True
31808,True
31813,True
31818,True
31823,True
31828,True
31833,True
31838,True
31843,True
31848,True
31853,True
31858,True
31863,True
31868,True
31873,True
31878,True
31883,True
31888,True
31893,True
31898,True
31903,True
31908,True
31913,True
31918,True
31923,True
31928,True
31933,True
31938,True
31943,True
31948,True
31953,True
31958,True
31963,True
31968,True
31973,True
31978,True
31983,True
31988,True
31993,True
31998,True
32003,True
32008,True
32013,True
32018,True
32023,True
32028,True
32033,True
32038,True
32043,True
32048,True
32053,True
32058,True
32063,True
32068,True
32073,True
32078,True
32083,True
32088,True
32093,True
32098,True
32103,True
32108,True
32113,True
32118,True
32123,True
32128,True
32133,True
32138,True
32143,True
32148,True
32153,True
32158,True
32163,True
32168,True
32173,True
32178,True
32183,True
32188,True
32193,True
32198,True
32203,True
32208,True
32213,True
32218,True
32223,True
32228,True
32233,True
32238,True
32243,True
32248,True
32253,True
32258,True
32263,True
32268,True
32273,True
32278,True
32283,True
32288,True
32293,True
32298,True
32303,True
32308,True
32313,True
32318,True
32323,True
32328,True
32333,True
32338,True
32343,True
32348,True
32353,True
32358,True
32363,True
32368,True
32373,True
32378,True
32383,True
32388,True
32393,True
32398,True
32403,True
32408,True
32413,True
32418,True
32423,True
32428,True
32433,True
32438,True
32443,True
32448,True
32453,True
32458,True
32463,True
32468,True
32473,True
32478,True
32483,True
32488,True
32493,True
32498,True
32503,True
32508,True
32513,True
32518,True
32523,True
32528,True
32533,True
32538,True
32543,True
32548,True
32553,True
32558,True
32563,True
32568,True
32573,True
32578,True
32583,True
32588,True
32593,True
32598,True
32603,True
32608,True
32613,True
32618,True
32623,True
32628,True
32633,True
32638,True
32643,True
32648,True
32653,True
32658,True
32663,True
32668,True
32673,True
32678,True
32683,True
32688,True
32693,True
32698,True
32703,True
32708,True
32713,True
32718,True
32723,True
32728,True
32733,True
32738,True
32743,True
32748,True
32753,True
32758,True
32763,True
32768,True
32773,True
32778,True
32783,True
32788,True
32793,True
32798,True
32803,True
32808,True
32813,True
32818,True
32823,True
32828,True
32833,True
32838,True
32843,True
32848,True
32853,True
32858,True
32863,True
32868,True
32873,True
32878,True
32883,True
32888,True
32893,True
32898,True
32903,True
32908,True
32913,True
32918,True
32923,True
32928,True
32933,True
32938,True
32943,True
32948,True
32953,True
32958,True
32963,True
32968,True
32973,True
32978,True
32983,True
32988,True
32993,True
32998,True
33003,True
33008,True
33013,True
33018,True
33023,True
33028,True
33033,True
8098,True
8103,True
8108,True
8113,True
8118,True
8123,True
8128,True
8133,True
8138,True
8143,True
8148,True
8153,True
8158,True
8163,True
8168,True
8173,True
8178,True
8183,True
8188,True
8193,True
8198,True
8203,True
8208,True
8213,True
8218,True
8223,True
8228,True
8233,True
8238,True
8243,True
8248,True
8253,True
8258,True
8263,True
8268,True
8273,True
8278,True
8283,True
8288,True
8293,True
8298,True
8303,True
8308,True
8313,True
8318,True
8323,True
8328,True
8333,True
8338,True
8343,True
8348,True
8353,True
8358,True
8363,True
8368,True
8373,True
8378,True
8383,True
8388,True
8393,True
8398,True
8403,True
8408,True
8413,True
8418,True
8423,True
8428,True
8433,True
8438,True
8443,True
8448,True
8453,True
8458,True
8463,True
8468,True
8473,True
8478,True
8483,True
8488,True
8493,True
8498,True
8503,True
8508,True
8513,True
8518,True
8523,True
8528,True
8533,True
8538,True
8543,True
8548,True
8553,True
8558,True
8563,True
8568,True
8573,True
8578,True
8583,True
8588,True
8593,True
8598,True
8603,True
8608,True
8613,True
8618,True
8623,True
8628,True
8633,True
8638,True
8643,True
8648,True
8653,True
8658,True
8663,True
8668,True
8673,True
8678,True
8683,True
8688,True
8693,True
8698,True
8703,True
8708,True
8713,True
8718,True
8723,True
8728,True
8733,True
8738,True
8743,True
8748,True
8753,True
8758,True
8763,True
8768,True
8773,True
8778,True
8783,True
8788,True
8793,True
8798,True
8803,True
8808,True
8813,True
8818,True
8823,True
8828,True
8833,True
8838,True
8843,True
8848,True
8853,True
8858,True
8863,True
8868,True
8873,True
8878,True
8883,True
8888,True
8893,True
8898,True
8903,True
8908,True
8913,True
8918,True
8923,True
8928,True
8933,True
8938,True
8943,True
8948,True
8953,True
8958,True
8963,True
8968,True
8973,True
8978,True
8983,True
8988,True
8993,True
8998,True
9003,True
9008,True
9013,True
9018,True
9023,True
9028,True
9033,True
9038,True
9043,True
9048,True
9053,True
9058,True
9063,True
9068,True
9073,True
9078,True
9083,True
9088,True
9093,True
9098,True
9103,True
9108,True
9113,True
9118,True
9123,True
9128,True
9133,True
9138,True
9143,True
9148,True
9153,True
9158,True
9163,True
9168,True
9173,True
9178,True
9183,True
9188,True
9193,True
9198,True
9203,True
9208,True
9213,True
9218,True
9223,True
9228,True
9233,True
9238,True
9243,True
9248,True
9253,True
9258,True
9263,True
9268,True
9273,True
9278,True
9283,True
9288,True
9293,True
9298,True
9303,True
9308,True
9313,True
9318,True
9323,True
9328,True
9333,True
9338,True
9343,True
9348,True
9353,True
13768,True
13773,True
13778,True
13783,True
13788,True
13793,True
13798,True
13803,True
13808,True
13813,True
13818,True
13823,True
13828,True
13833,True
13838,True
13843,True
13848,True
13853,True
13858,True
13863,True
13868,True
13873,True
13878,True
13883,True
13888,True
13893,True
13898,True
13903,True
13908,True
13913,True
13918,True
13923,True
13928,True
13933,True
13938,True
13943,True
13948,True
13953,True
13958,True
13963,True
13968,True
13973,True
13978,True
13983,True
13988,True
13993,True
13998,True
14003,True
14008,True
14013,True
14018,True
14023,True
14028,True
14033,True
14038,True
14043,True
14048,True
14053,True
14058,True
14063,True
14068,True
14073,True
14078,True
14083,True
14088,True
14093,True
14098,True
14103,True
14108,True
14113,True
14118,False
14123,False
14128,False
14133,False
14138,False
14143,True
14148,True
14153,True
14158,True
14163,True
14168,True
14173,True
14178,True
14183,True
14188,True
14193,True
14198,True
14203,True
14208,True
14213,True
14218,True
14223,True
14228,True
14233,True
14238,True
14243,True
14248,True
14253,True
14258,True
14263,True
14268,True
14273,True
14278,True
14283,True
14288,True
14293,True
14298,True
14303,True
14308,True
14313,True
14318,True
14323,True
14328,True
14333,True
14338,True
14343,True
14348,True
14353,True
14358,True
14363,True
14368,True
14373,True
14378,True
14383,True
14388,True
14393,True
14398,True
14403,True
14408,True
14413,True
14418,True
14423,True
14428,True
14433,True
14438,True
14443,True
14448,True
14453,True
14458,True
14463,True
14468,True
14473,True
14478,True
14483,True
14488,True
14493,True
14498,True
14503,True
14508,True
14513,True
14518,True
14523,True
14528,True
14533,True
14538,True
14543,True
14548,False
14553,False
14558,False
14563,False
14568,False
14573,False
14578,False
14583,False
14588,False
14593,False
14598,False
14603,False
14608,False
14613,False
14618,False
14623,False
14628,False
14633,False
14638,False
14643,False
14648,False
14653,False
14658,False
14663,False
14668,False
14673,False
14678,False
14683,False
14688,False
14693,False
14698,False
14703,False
14708,False
14713,False
14718,False
14723,False
14728,False
14733,False
14738,True
14743,True
14748,True
14753,True
14758,True
14763,True
14768,True
14773,True
14778,True
14783,True
14788,True
14793,True
14798,True
14803,True
14808,True
14813,True
14818,True
14823,True
14828,True
14833,True
14838,True
14843,True
14848,True
14853,True
14858,True
14863,True
14868,True
14873,True
14878,True
14883,True
14888,True
14893,True
14898,True
14903,True
14908,True
14913,True
14918,True
14923,True
14928,True
14933,False
14938,False
14943,False
14948,False
14953,False
14958,False
14963,False
14968,False
14973,False
14978,False
14983,False
14988,False
14993,False
14998,False
15003,False
15008,False
15013,False
15018,False
15023,False
43658,True
43663,True
43668,True
43673,True
43678,True
43683,True
43688,True
43693,True
43698,True
43703,True
43708,True
43713,True
43718,True
43723,True
43728,True
43733,True
43738,True
43743,True
43748,True
43753,True
43758,True
43763,True
43768,True
43773,True
43778,True
43783,True
43788,True
43793,True
43798,True
43803,True
43808,True
43813,True
43818,True
43823,True
43828,True
43833,True
43838,True
43843,True
43848,True
43853,True
43858,True
43863,True
43868,True
43873,True
43878,True
43883,True
43888,True
43893,True
43898,True
43903,True
43908,True
43913,True
43918,True
43923,True
43928,True
43933,True
43938,True
43943,True
43948,True
43953,True
43958,True
43963,True
43968,True
43973,True
43978,True
43983,True
43988,True
43993,True
43998,True
44003,True
44008,True
44013,True
44018,True
44023,True
44028,True
44033,True
44038,True
44043,True
44048,True
44053,True
44058,True
44063,True
44068,True
44073,True
44078,True
44083,True
44088,True
44093,True
44098,True
44103,True
44108,True
44113,True
44118,True
44123,True
44128,True
44133,True
44138,True
44143,True
44148,True
44153,True
44158,True
44163,True
44168,True
44173,True
44178,True
44183,True
44188,True
44193,True
44198,True
44203,True
44208,True
44213,True
44218,True
44223,True
44228,True
44233,True
44238,True
44243,True
44248,True
44253,True
44258,True
44263,True
44268,True
44273,True
44278,True
44283,True
44288,True
44293,True
44298,True
44303,True
44308,True
44313,True
44318,True
44323,True
44328,True
44333,True
44338,True
44343,True
44348,True
44353,True
44358,True
44363,True
44368,True
44373,True
44378,True
44383,True
44388,True
44393,True
44398,True
44403,True
44408,True
44413,True
44418,True
44423,True
44428,True
44433,True
44438,True
44443,True
44448,True
44453,True
44458,True
44463,True
44468,True
44473,True
44478,True
44483,True
44488,True
44493,True
44498,True
44503,True
44508,True
44513,True
44518,True
44523,True
44528,True
44533,True
44538,True
44543,True
44548,True
44553,True
44558,True
44563,True
44568,True
44573,True
44578,True
44583,True
44588,True
44593,True
44598,True
44603,True
44608,True
44613,True
44618,True
44623,True
44628,True
44633,True
44638,True
44643,True
44648,True
44653,True
44658,True
44663,True
44668,True
44673,True
44678,True
44683,True
44688,True
44693,True
44698,True
44703,True
44708,True
44713,True
44718,True
44723,True
44728,True
44733,True
44738,True
44743,True
44748,True
44753,True
44758,True
44763,True
44768,True
44773,True
44778,True
44783,True
44788,True
44793,True
44798,True
44803,True
44808,True
44813,True
44818,True
44823,True
44828,True
44833,True
44838,True
44843,True
44848,True
44853,True
44858,True
44863,True
44868,True
44873,True
44878,True
44883,True
44888,True
44893,True
44898,True
44903,True
44908,True
44913,True
52118,True
52123,True
52128,True
52133,True
52138,True
52143,True
52148,True
52153,True
52158,True
52163,True
52168,True
52173,True
52178,True
52183,True
52188,True
52193,True
52198,True
52203,True
52208,True
52213,True
52218,True
52223,True
52228,True
52233,True
52238,True
52243,True
52248,True
52253,True
52258,True
52263,True
52268,True
52273,True
52278,True
52283,True
52288,True
52293,True
52298,True
52303,True
52308,True
52313,True
52318,True
52323,True
52328,True
52333,True
52338,True
52343,True
52348,True
52353,True
52358,True
52363,True
52368,True
52373,True
52378,True
52383,True
52388,True
52393,True
52398,True
52403,True
52408,True
52413,True
52418,True
52423,True
52428,True
52433,True
52438,True
52443,True
52448,True
52453,True
52458,True
52463,True
52468,True
52473,True
52478,True
52483,True
52488,True
52493,True
52498,True
52503,True
52508,True
52513,True
52518,True
52523,True
52528,True
52533,True
52538,True
52543,True
52548,True
52553,True
52558,True
52563,True
52568,True
52573,True
52578,True
52583,True
52588,True
52593,True
52598,True
52603,True
52608,True
52613,True
52618,True
52623,True
52628,True
52633,True
52638,True
52643,True
52648,True
52653,True
52658,True
52663,True
52668,True
52673,True
52678,True
52683,True
52688,True
52693,True
52698,True
52703,True
52708,True
52713,True
52718,True
52723,True
52728,True
52733,True
52738,True
52743,True
52748,True
52753,True
52758,True
52763,True
52768,True
52773,True
52778,True
52783,True
52788,True
52793,True
52798,True
52803,True
52808,True
52813,True
52818,True
52823,True
52828,True
52833,True
52838,True
52843,True
52848,True
52853,True
52858,True
52863,True
52868,True
52873,True
52878,True
52883,True
52888,True
52893,True
52898,True
52903,True
52908,True
52913,True
52918,True
52923,True
52928,True
52933,True
52938,True
52943,True
52948,True
52953,True
52958,True
52963,True
52968,True
52973,True
52978,True
52983,True
52988,True
52993,True
52998,True
53003,True
53008,True
53013,True
53018,True
53023,True
53028,True
53033,True
53038,True
53043,True
53048,True
53053,True
53058,True
53063,True
53068,True
53073,True
53078,True
53083,True
53088,True
53093,True
53098,True
53103,True
53108,True
53113,True
53118,True
53123,True
53128,True
53133,True
53138,True
53143,True
53148,True
53153,True
53158,True
53163,True
53168,True
53173,True
53178,True
53183,True
53188,True
53193,True
53198,True
53203,True
53208,True
53213,True
53218,True
53223,True
53228,True
53233,True
53238,True
53243,True
53248,True
53253,True
53258,True
53263,True
53268,True
53273,True
53278,True
53283,True
53288,True
53293,True
53298,True
53303,True
53308,True
53313,True
53318,True
53323,True
53328,True
53333,True
53338,True
53343,True
53348,True
53353,True
53358,True
53363,True
53368,True
53373,True
25118,True
25123,True
25128,True
25133,True
25138,True
25143,True
25148,True
25153,True
25158,True
25163,True
25168,True
25173,True
25178,True
25183,True
25188,True
25193,True
25198,True
25203,True
25208,True
25213,True
25218,True
25223,True
25228,True
25233,True
25238,True
25243,True
25248,True
25253,True
25258,True
25263,True
25268,True
25273,True
25278,True
25283,True
25288,True
25293,True
25298,True
25303,True
25308,True
25313,True
25318,True
25323,True
25328,True
25333,True
25338,True
25343,True
25348,True
25353,True
25358,True
25363,True
25368,True
25373,True
25378,True
25383,True
25388,True
25393,True
25398,True
25403,True
25408,True
25413,True
25418,True
25423,True
25428,True
25433,True
25438,True
25443,True
25448,True
25453,True
25458,True
25463,True
25468,True
25473,True
25478,True
25483,True
25488,True
25493,True
25498,True
25503,True
25508,True
25513,True
25518,True
25523,True
25528,True
25533,True
25538,True
25543,True
25548,True
25553,True
25558,True
25563,True
25568,True
25573,True
25578,True
25583,True
25588,True
25593,True
25598,True
25603,True
25608,True
25613,True
25618,True
25623,True
25628,True
25633,True
25638,True
25643,True
25648,True
25653,True
25658,True
25663,True
25668,True
25673,True
25678,True
25683,True
25688,True
25693,True
25698,True
25703,True
25708,True
25713,True
25718,True
25723,True
25728,True
25733,True
25738,True
25743,True
25748,True
25753,True
25758,True
25763,True
25768,True
25773,True
25778,True
25783,True
25788,True
25793,True
25798,True
25803,True
25808,True
25813,True
25818,True
25823,True
25828,True
25833,True
25838,True
25843,True
25848,True
25853,True
25858,True
25863,True
25868,True
25873,True
25878,True
25883,True
25888,True
25893,True
25898,True
25903,True
25908,True
25913,True
25918,True
25923,True
25928,True
25933,True
25938,True
25943,True
25948,True
25953,True
25958,True
25963,True
25968,True
25973,True
25978,True
25983,True
25988,True
25993,True
25998,True
26003,True
26008,True
26013,True
26018,True
26023,True
26028,True
26033,True
26038,True
26043,True
26048,True
26053,True
26058,True
26063,True
26068,True
26073,True
26078,True
26083,True
26088,True
26093,True
26098,True
26103,True
26108,True
26113,True
26118,True
26123,True
26128,True
26133,True
26138,True
26143,True
26148,True
26153,True
26158,True
26163,True
26168,True
26173,True
26178,True
26183,True
26188,True
26193,True
26198,True
26203,True
26208,True
26213,True
26218,True
26223,True
26228,True
26233,True
26238,True
26243,True
26248,True
26253,True
26258,True
26263,True
26268,True
26273,True
26278,True
26283,True
26288,True
26293,True
26298,True
26303,True
26308,True
26313,True
26318,True
26323,True
26328,True
26333,True
26338,True
26343,True
26348,True
26353,True
26358,True
26363,True
26368,True
26373,True
26378,True
26383,True
26388,True
26393,True
26398,True
26403,True
26408,True
26413,True
26418,True
26423,True
26428,True
26433,True
26438,True
26443,True
26448,True
26453,True
26458,True
26463,True
26468,True
26473,True
26478,True
26483,True
26488,True
26493,True
26498,True
26503,True
26508,True
26513,True
26518,True
26523,True
26528,True
26533,True
26538,True
26543,True
26548,True
26553,True
26558,True
26563,True
26568,True
26573,True
26578,True
26583,True
26588,True
26593,True
26598,True
26603,True
26608,True
26613,True
26618,True
26623,True
26628,True
26633,True
26638,True
26643,True
26648,True
26653,True
26658,True
26663,True
26668,True
26673,True
26678,True
26683,True
26688,True
26693,True
26698,True
26703,True
26708,True
26713,True
26718,True
26723,True
26728,True
26733,True
26738,True
26743,True
26748,True
26753,True
26758,True
26763,True
26768,True
26773,True
26778,True
26783,True
26788,True
26793,True
26798,True
26803,True
26808,True
26813,True
26818,True
26823,True
26828,True
26833,True
26838,True
26843,True
26848,True
26853,True
26858,True
26863,True
26868,True
26873,True
26878,True
26883,True
26888,True
26893,True
26898,True
26903,True
26908,True
26913,True
26918,True
26923,True
26928,True
26933,True
26938,True
26943,True
26948,True
26953,True
26958,True
26963,True
26968,True
26973,True
26978,True
26983,True
26988,True
26993,True
26998,True
27003,True
27008,True
27013,True
27018,True
27023,True
27028,True
27033,True
27038,True
27043,True
27048,True
27053,True
27058,True
27063,True
27068,True
27073,True
27078,True
27083,True
27088,True
27093,True
27098,True
27103,True
27108,True
27113,True
27118,True
27123,True
27128,True
27133,True
27138,True
27143,True
27148,True
27153,True
27158,True
27163,True
27168,True
27173,True
27178,True
27183,True
27188,True
27193,True
27198,True
27203,True
27208,True
27213,True
27218,True
27223,True
27228,True
27233,True
27238,True
27243,True
27248,True
27253,True
27258,True
27263,True
27268,True
27273,True
27278,True
27283,True
27288,True
27293,True
27298,True
27303,True
27308,True
27313,True
27318,True
27323,True
27328,True
27333,True
27338,True
27343,True
27348,True
27353,True
27358,True
27363,True
27368,True
27373,True
27378,True
27383,True
27388,True
27393,True
27398,True
27403,True
27408,True
27413,True
27418,True
27423,True
27428,True
27433,True
27438,True
27443,True
27448,True
27453,True
27458,True
27463,True
27468,True
27473,True
27478,True
27483,True
27488,True
27493,True
27498,True
27503,True
27508,True
27513,True
27518,True
27523,True
27528,True
27533,True
27538,True
27543,True
27548,True
27553,True
27558,True
27563,True
27568,True
27573,True
27578,True
27583,True
27588,True
27593,True
27598,True
27603,True
27608,True
27613,True
27618,True
27623,True
27628,True
27633,True
27638,True
27643,True
27648,True
27653,True
27658,True
27663,True
27668,True
27673,True
27678,True
27683,True
27688,True
27693,True
27698,True
27703,True
27708,True
27713,True
27718,True
27723,True
27728,True
27733,True
27738,True
27743,True
27748,True
27753,True
27758,True
27763,True
27768,True
27773,True
27778,True
27783,True
27788,True
27793,True
27798,True
27803,True
27808,True
27813,True
27818,True
27823,True
27828,True
27833,True
27838,True
27843,True
27848,True
27853,True
27858,True
27863,True
27868,True
27873,True
27878,True
27883,True
27888,True
27893,True
27898,True
27903,True
27908,True
27913,True
27918,True
27923,True
27928,True
27933,True
27938,True
27943,True
27948,True
27953,True
27958,True
27963,True
27968,True
27973,True
27978,True
27983,True
27988,True
27993,True
27998,True
28003,True
28008,True
28013,True
28018,True
28023,True
28028,True
28033,True
28038,True
28043,True
28048,True
28053,True
28058,True
28063,True
28068,True
28073,True
28078,True
28083,True
28088,True
28093,True
28098,True
28103,True
28108,True
28113,True
28118,True
28123,True
28128,True
28133,True
28138,True
28143,True
28148,True
28153,True
28158,True
28163,True
28168,True
28173,True
38708,True
38713,True
38718,True
38723,True
38728,True
38733,True
38738,True
38743,True
38748,True
38753,True
38758,True
38763,True
38768,True
38773,True
38778,True
38783,True
38788,True
38793,True
38798,True
38803,True
38808,True
38813,True
38818,True
38823,True
38828,True
38833,True
38838,True
38843,True
38848,True
38853,True
38858,True
38863,True
38868,True
38873,True
38878,True
38883,True
38888,True
38893,True
38898,True
38903,True
38908,True
38913,True
38918,True
38923,True
38928,True
38933,True
38938,True
38943,True
38948,True
38953,True
38958,True
38963,True
38968,True
38973,True
38978,True
38983,True
38988,True
38993,True
38998,True
39003,True
39008,True
39013,True
39018,True
39023,True
39028,True
39033,True
39038,True
39043,True
39048,True
39053,True
39058,True
39063,True
39068,True
39073,True
39078,True
39083,True
39088,True
39093,True
39098,True
39103,True
39108,True
39113,True
39118,True
39123,True
39128,True
39133,True
39138,True
39143,True
39148,True
39153,True
39158,True
39163,True
39168,True
39173,True
39178,True
39183,True
39188,True
39193,True
39198,True
39203,True
39208,True
39213,True
39218,True
39223,True
39228,True
39233,True
39238,True
39243,True
39248,True
39253,True
39258,True
39263,True
39268,True
39273,True
39278,True
39283,True
39288,True
39293,True
39298,True
39303,True
39308,True
39313,True
39318,True
39323,True
39328,True
39333,True
39338,True
39343,True
39348,True
39353,True
39358,True
39363,True
39368,True
39373,True
39378,True
39383,True
39388,True
39393,True
39398,True
39403,True
39408,True
39413,True
39418,True
39423,True
39428,True
39433,True
39438,True
39443,True
39448,True
39453,True
39458,True
39463,True
39468,True
39473,True
39478,True
39483,True
39488,True
39493,True
39498,True
39503,True
39508,True
39513,True
39518,True
39523,True
39528,True
39533,True
39538,True
39543,True
39548,True
39553,True
39558,True
39563,True
39568,True
39573,True
39578,True
39583,True
39588,True
39593,True
39598,True
39603,True
39608,True
39613,True
39618,True
39623,True
39628,True
39633,True
39638,True
39643,True
39648,True
39653,True
39658,True
39663,True
39668,True
39673,True
39678,True
39683,True
39688,True
39693,True
39698,True
39703,True
39708,True
39713,True
39718,True
39723,True
39728,True
39733,True
39738,True
39743,True
39748,True
39753,True
39758,True
39763,True
39768,True
39773,True
39778,True
39783,True
39788,True
39793,True
39798,True
39803,True
39808,True
39813,True
39818,True
39823,True
39828,True
39833,True
39838,True
39843,True
39848,True
39853,True
39858,True
39863,True
39868,True
39873,True
39878,True
39883,True
39888,True
39893,True
39898,True
39903,True
39908,True
39913,True
39918,True
39923,True
39928,True
39933,True
39938,True
39943,True
39948,True
39953,True
39958,True
39963,True
39968,True
39973,True
39978,True
39983,True
39988,True
39993,True
39998,True
40003,True
40008,True
40013,True
40018,True
40023,True
40028,True
40033,True
40038,True
40043,True
40048,True
40053,True
40058,True
40063,True
40068,True
40073,True
40078,True
40083,True
40088,True
40093,True
40098,True
40103,True
40108,True
40113,True
40118,True
40123,True
40128,True
40133,True
40138,True
40143,True
40148,True
40153,True
40158,True
40163,True
40168,True
40173,True
40178,True
40183,True
40188,True
40193,True
40198,True
40203,True
40208,True
40213,True
40218,True
40223,True
40228,True
40233,True
40238,True
40243,True
40248,True
40253,True
40258,True
40263,True
40268,True
40273,True
40278,True
40283,True
40288,True
40293,True
40298,True
40303,True
40308,True
40313,True
40318,True
40323,True
40328,True
40333,True
40338,True
40343,True
40348,True
40353,True
40358,True
40363,True
40368,True
40373,True
40378,True
40383,True
40388,True
40393,True
40398,True
40403,True
40408,True
40413,True
40418,True
40423,True
40428,True
40433,True
40438,True
40443,True
40448,True
40453,True
40458,True
40463,True
40468,True
40473,True
40478,True
40483,True
40488,True
40493,True
40498,True
40503,True
40508,True
40513,True
40518,True
40523,True
40528,True
40533,True
40538,True
40543,True
40548,True
40553,True
40558,True
40563,True
40568,True
40573,True
40578,True
40583,True
40588,True
40593,True
40598,True
40603,True
40608,True
40613,True
40618,True
40623,True
40628,True
40633,True
40638,True
40643,True
40648,True
40653,True
40658,True
40663,True
40668,True
40673,True
40678,True
40683,True
40688,True
40693,True
40698,True
40703,True
40708,True
40713,True
40718,True
40723,True
40728,True
40733,True
40738,True
40743,True
40748,True
40753,True
40758,True
40763,True
40768,True
40773,True
40778,True
40783,True
40788,True
40793,True
40798,True
40803,True
40808,True
40813,True
40818,True
40823,True
40828,True
40833,True
40838,True
40843,True
40848,True
40853,True
40858,True
40863,True
40868,True
40873,True
40878,True
40883,True
40888,True
40893,True
40898,True
40903,True
40908,True
40913,True
40918,True
40923,True
40928,True
40933,True
40938,True
40943,True
40948,True
40953,True
40958,True
40963,True
40968,True
40973,True
40978,True
40983,True
40988,True
40993,True
40998,True
41003,True
41008,True
41013,True
41018,True
41023,True
41028,True
41033,True
41038,True
41043,True
41048,True
41053,True
41058,True
41063,True
41068,True
41073,True
41078,True
41083,True
41088,True
41093,True
41098,True
41103,True
41108,True
41113,True
41118,True
41123,True
41128,True
41133,True
41138,True
41143,True
41148,True
41153,True
41158,True
41163,True
41168,True
41173,True
41178,True
41183,True
41188,True
41193,True
41198,True
41203,True
41208,True
41213,True
41218,True
41223,True
41228,True
41233,True
41238,True
41243,True
41248,True
41253,True
41258,True
41263,True
41268,True
41273,True
41278,True
41283,True
41288,True
41293,True
41298,True
41303,True
41308,True
41313,True
41318,True
41323,True
41328,True
41333,True
41338,True
41343,True
41348,True
41353,True
41358,True
41363,True
41368,True
41373,True
41378,True
41383,True
41388,True
41393,True
41398,True
41403,True
41408,True
41413,True
41418,True
41423,True
41428,True
41433,True
41438,True
41443,True
41448,True
41453,True
41458,True
41463,True
41468,True
41473,True
41478,True
41483,True
41488,True
41493,True
41498,True
41503,True
41508,True
41513,True
41518,True
41523,True
41528,True
41533,True
41538,True
41543,True
41548,True
41553,True
41558,True
41563,True
41568,True
41573,True
41578,True
41583,True
41588,True
41593,True
41598,True
41603,True
41608,True
41613,True
41618,True
41623,True
41628,True
41633,True
41638,True
41643,True
41648,True
41653,True
41658,True
41663,True
41668,True
41673,True
41678,True
41683,True
41688,True
41693,True
41698,True
41703,True
41708,True
41713,True
41718,True
41723,True
41728,True
41733,True
41738,True
41743,True
41748,True
41753,True
41758,True
41763,True
17368,True
17373,True
17378,True
17383,True
17388,True
17393,True
17398,True
17403,True
17408,True
17413,True
17418,True
17423,True
17428,True
17433,True
17438,True
17443,True
17448,True
17453,True
17458,True
17463,True
17468,True
17473,True
17478,True
17483,True
17488,True
17493,True
17498,True
17503,True
17508,True
17513,True
17518,True
17523,True
17528,True
17533,True
17538,True
17543,True
17548,True
17553,True
17558,True
17563,True
17568,True
17573,True
17578,True
17583,True
17588,True
17593,True
17598,True
17603,True
17608,True
17613,True
17618,True
17623,True
17628,True
17633,True
17638,True
17643,True
17648,True
17653,True
17658,True
17663,True
17668,True
17673,True
17678,True
17683,True
17688,True
17693,True
17698,True
17703,True
17708,True
17713,True
17718,True
17723,True
17728,True
17733,True
17738,True
17743,True
17748,True
17753,True
17758,True
17763,True
17768,True
17773,True
17778,True
17783,True
17788,True
17793,True
17798,True
17803,True
17808,True
17813,True
17818,True
17823,True
17828,True
17833,True
17838,True
17843,True
17848,True
17853,True
17858,True
17863,True
17868,True
17873,True
17878,True
17883,True
17888,True
17893,True
17898,True
17903,True
17908,True
17913,True
17918,True
17923,True
17928,True
17933,True
17938,True
17943,True
17948,True
17953,True
17958,True
17963,True
17968,True
17973,True
17978,True
17983,True
17988,True
17993,True
17998,True
18003,True
18008,True
18013,True
18018,True
18023,True
18028,True
18033,True
18038,True
18043,True
18048,True
18053,True
18058,True
18063,True
18068,True
18073,True
18078,True
18083,True
18088,True
18093,True
18098,True
18103,True
18108,True
18113,True
18118,True
18123,True
18128,True
18133,True
18138,True
18143,True
18148,True
18153,True
18158,True
18163,True
18168,True
18173,True
18178,True
18183,True
18188,True
18193,True
18198,True
18203,True
18208,True
18213,True
18218,True
18223,True
18228,True
18233,True
18238,True
18243,True
18248,True
18253,True
18258,True
18263,True
18268,True
18273,True
18278,True
18283,True
18288,True
18293,True
18298,True
18303,True
18308,True
18313,True
18318,True
18323,True
18328,True
18333,True
18338,True
18343,True
18348,True
18353,True
18358,True
18363,True
18368,True
18373,True
18378,True
18383,True
18388,True
18393,True
18398,True
18403,True
18408,True
18413,True
18418,True
18423,True
18428,True
18433,True
18438,True
18443,True
18448,True
18453,True
18458,True
18463,True
18468,True
18473,True
18478,True
18483,True
18488,True
18493,True
18498,True
18503,True
18508,True
18513,True
18518,True
18523,True
18528,True
18533,True
18538,True
18543,True
18548,True
18553,True
18558,True
18563,True
18568,True
18573,True
18578,True
18583,True
18588,True
18593,True
18598,True
18603,True
18608,True
18613,True
18618,True
18623,True
18628,True
18633,True
18638,True
18643,True
18648,True
18653,True
18658,True
18663,True
18668,True
18673,True
18678,True
18683,True
18688,True
18693,True
18698,True
18703,True
18708,True
18713,True
18718,True
18723,True
18728,True
18733,True
18738,True
18743,True
18748,True
18753,True
18758,True
18763,True
18768,True
18773,True
18778,True
18783,True
18788,True
18793,True
18798,True
18803,True
18808,True
18813,True
18818,True
18823,True
18828,True
18833,True
18838,True
18843,True
18848,True
18853,True
18858,True
18863,True
18868,True
18873,True
18878,True
18883,True
18888,True
18893,True
18898,True
18903,True
18908,True
18913,True
18918,True
18923,True
18928,True
18933,True
18938,True
18943,True
18948,True
18953,True
18958,True
18963,True
18968,True
18973,True
18978,True
18983,True
18988,True
18993,True
18998,True
19003,True
19008,True
19013,True
19018,True
19023,True
19028,True
19033,True
19038,True
19043,True
19048,True
19053,True
19058,True
19063,True
19068,True
19073,True
19078,True
19083,True
19088,True
19093,True
19098,True
19103,True
19108,True
19113,True
19118,True
19123,True
19128,True
19133,True
19138,True
19143,True
19148,True
19153,True
19158,True
19163,True
19168,True
19173,True
19178,True
19183,True
19188,True
19193,True
19198,True
19203,True
19208,True
19213,True
19218,True
19223,True
19228,True
19233,True
19238,True
19243,True
19248,True
19253,True
19258,True
19263,True
19268,True
19273,True
19278,True
19283,True
19288,True
19293,True
19298,True
19303,True
19308,True
19313,True
19318,True
19323,True
19328,True
19333,True
19338,True
19343,True
19348,True
19353,True
19358,True
19363,True
19368,True
19373,True
19378,True
19383,True
19388,True
19393,True
19398,True
19403,True
19408,True
19413,True
19418,True
19423,True
19428,True
19433,True
19438,True
19443,True
19448,True
19453,True
19458,True
19463,True
19468,True
19473,True
19478,True
19483,True
19488,True
19493,True
19498,True
19503,True
19508,True
19513,True
19518,True
19523,True
19528,True
19533,True
19538,True
19543,True
19548,True
19553,True
19558,True
19563,True
19568,True
19573,True
19578,True
19583,True
19588,True
19593,True
19598,True
19603,True
19608,True
19613,True
19618,True
19623,True
19628,True
19633,True
19638,True
19643,True
19648,True
19653,True
19658,True
19663,True
19668,True
19673,True
19678,True
19683,True
19688,True
19693,True
19698,True
19703,True
19708,True
19713,True
19718,True
19723,True
19728,True
19733,True
19738,True
19743,True
19748,True
19753,True
19758,True
19763,True
19768,True
19773,True
19778,True
19783,True
19788,True
19793,True
19798,True
19803,True
19808,True
19813,True
19818,True
19823,True
19828,True
19833,True
19838,True
19843,True
19848,True
19853,True
19858,True
19863,True
19868,True
19873,True
19878,True
19883,True
19888,True
19893,True
19898,True
19903,True
19908,True
19913,True
19918,True
19923,True
19928,True
19933,True
19938,True
19943,True
19948,True
19953,True
19958,True
19963,True
19968,True
19973,True
19978,True
19983,True
19988,True
19993,True
19998,True
20003,True
20008,True
20013,True
20018,True
20023,True
20028,True
20033,True
20038,True
20043,True
20048,True
20053,True
20058,True
20063,True
20068,True
20073,True
20078,True
20083,True
20088,True
20093,True
20098,True
20103,True
20108,True
20113,True
20118,True
20123,True
20128,True
20133,True
20138,True
20143,True
20148,True
20153,True
20158,True
20163,True
20168,True
20173,True
20178,True
20183,True
20188,True
20193,True
20198,True
20203,True
20208,True
20213,True
20218,True
20223,True
20228,True
20233,True
20238,True
20243,True
20248,True
20253,True
20258,True
20263,True
20268,True
20273,True
20278,True
20283,True
20288,True
20293,True
20298,True
20303,True
20308,True
20313,True
20318,True
20323,True
20328,True
20333,True
20338,True
20343,True
20348,True
20353,True
20358,True
20363,True
35108,True
35113,True
35118,True
35123,True
35128,True
35133,True
35138,True
35143,True
35148,True
35153,True
35158,True
35163,True
35168,True
35173,True
35178,True
35183,True
35188,True
35193,True
35198,True
35203,True
35208,True
35213,True
35218,True
35223,True
35228,True
35233,True
35238,True
35243,True
35248,True
35253,True
35258,True
35263,True
35268,True
35273,True
35278,True
35283,True
35288,True
35293,True
35298,True
35303,True
35308,True
35313,True
35318,True
35323,True
35328,True
35333,True
35338,True
35343,True
35348,True
35353,True
35358,True
35363,True
35368,True
35373,True
35378,True
35383,True
35388,True
35393,True
35398,True
35403,True
35408,True
35413,True
35418,True
35423,True
35428,True
35433,True
35438,True
35443,True
35448,True
35453,True
35458,True
35463,True
35468,True
35473,True
35478,True
35483,True
35488,True
35493,True
35498,True
35503,True
35508,True
35513,True
35518,True
35523,True
35528,True
35533,True
35538,True
35543,True
35548,True
35553,True
35558,True
35563,True
35568,True
35573,True
35578,True
35583,True
35588,True
35593,True
35598,True
35603,True
35608,True
35613,True
35618,True
35623,True
35628,True
35633,True
35638,True
35643,True
35648,True
35653,True
35658,True
35663,True
35668,True
35673,True
35678,True
35683,True
35688,True
35693,True
35698,True
35703,True
35708,True
35713,True
35718,True
35723,True
35728,True
35733,True
35738,True
35743,True
35748,True
35753,True
35758,True
35763,True
35768,True
35773,True
35778,True
35783,True
35788,True
35793,True
35798,True
35803,True
35808,True
35813,True
35818,True
35823,True
35828,True
35833,True
35838,True
35843,True
35848,True
35853,True
35858,True
35863,True
35868,True
35873,True
35878,True
35883,True
35888,True
35893,True
35898,True
35903,True
35908,True
35913,True
35918,True
35923,True
35928,True
35933,True
35938,True
35943,True
35948,True
35953,True
35958,True
35963,True
35968,True
35973,True
35978,True
35983,True
35988,True
35993,True
35998,True
36003,True
36008,True
36013,True
36018,True
36023,True
36028,True
36033,True
36038,True
36043,True
36048,True
36053,True
36058,True
36063,True
36068,True
36073,True
36078,True
36083,True
36088,True
36093,True
36098,True
36103,True
36108,True
36113,True
36118,True
36123,True
36128,True
36133,True
36138,True
36143,True
36148,True
36153,True
36158,True
36163,True
36168,True
36173,True
36178,True
36183,True
36188,True
36193,True
36198,True
36203,True
36208,True
36213,True
36218,True
36223,True
36228,True
36233,True
36238,True
36243,True
36248,True
36253,True
36258,True
36263,True
36268,True
36273,True
36278,True
36283,True
36288,True
36293,True
36298,True
36303,True
36308,True
36313,True
36318,True
36323,True
36328,True
36333,True
36338,True
36343,True
36348,True
36353,True
36358,True
36363,True
36368,True
36373,True
36378,True
36383,True
36388,True
36393,True
36398,True
36403,True
36408,True
36413,True
36418,True
36423,True
36428,True
36433,True
36438,True
36443,True
36448,True
36453,True
36458,True
36463,True
36468,True
36473,True
36478,True
36483,True
36488,True
36493,True
36498,True
36503,True
36508,True
36513,True
36518,True
36523,True
36528,True
36533,True
36538,True
36543,True
36548,True
36553,True
36558,True
36563,True
36568,True
36573,True
36578,True
36583,True
36588,True
36593,True
36598,True
36603,True
36608,True
36613,True
36618,True
36623,True
36628,True
36633,True
36638,True
36643,True
36648,True
36653,True
36658,True
36663,True
36668,True
36673,True
36678,True
36683,True
36688,True
36693,True
36698,True
36703,True
36708,True
36713,True
36718,True
36723,True
36728,True
36733,True
36738,True
36743,True
36748,True
36753,True
36758,True
36763,True
36768,True
36773,True
36778,True
36783,True
36788,True
36793,True
36798,True
36803,True
36808,True
36813,True
36818,True
36823,True
36828,True
36833,True
36838,True
36843,True
36848,True
36853,True
36858,True
36863,True
36868,True
36873,True
36878,True
36883,True
36888,True
36893,True
36898,True
36903,True
36908,True
36913,True
36918,True
36923,True
36928,True
36933,True
36938,True
36943,True
36948,True
36953,True
36958,True
36963,True
36968,True
36973,True
36978,True
36983,True
36988,True
36993,True
36998,True
37003,True
37008,True
37013,True
37018,True
37023,True
37028,True
37033,True
37038,True
37043,True
37048,True
37053,True
37058,True
37063,True
37068,True
37073,True
37078,True
37083,True
37088,True
37093,True
37098,True
37103,True
37108,True
37113,True
37118,True
37123,True
37128,True
37133,True
37138,True
37143,True
37148,True
37153,True
37158,True
37163,True
37168,True
37173,True
37178,True
37183,True
37188,True
37193,True
37198,True
37203,True
37208,True
37213,True
37218,True
37223,True
37228,True
37233,True
37238,True
37243,True
37248,True
37253,True
37258,True
37263,True
37268,True
37273,True
37278,True
37283,True
37288,True
37293,True
37298,True
37303,True
37308,True
37313,True
37318,True
37323,True
37328,True
37333,True
37338,True
37343,True
37348,True
37353,True
37358,True
37363,True
37368,True
37373,True
37378,True
37383,True
37388,True
37393,True
37398,True
37403,True
37408,True
37413,True
37418,True
37423,True
37428,True
37433,True
37438,True
37443,True
37448,True
37453,True
37458,True
37463,True
37468,True
37473,True
37478,True
37483,True
37488,True
37493,True
37498,True
37503,True
37508,True
37513,True
37518,True
37523,True
37528,True
37533,True
37538,True
37543,True
37548,True
37553,True
37558,True
37563,True
37568,True
37573,True
37578,True
37583,True
37588,True
37593,True
37598,True
37603,True
37608,True
37613,True
37618,True
37623,True
37628,True
37633,True
37638,True
37643,True
37648,True
37653,True
37658,True
37663,True
37668,True
37673,True
37678,True
37683,True
37688,True
37693,True
37698,True
37703,True
37708,True
37713,True
37718,True
37723,True
37728,True
37733,True
37738,True
37743,True
37748,True
37753,True
37758,True
37763,True
37768,True
37773,True
37778,True
37783,True
37788,True
37793,True
37798,True
37803,True
37808,True
37813,True
37818,True
37823,True
37828,True
37833,True
37838,True
37843,True
37848,True
37853,True
37858,True
37863,True
37868,True
37873,True
37878,True
37883,True
37888,True
37893,True
37898,True
37903,True
37908,True
37913,True
37918,True
37923,True
37928,True
37933,True
37938,True
37943,True
37948,True
37953,True
37958,True
37963,True
37968,True
37973,True
37978,True
37983,True
37988,True
37993,True
37998,True
38003,True
38008,True
38013,True
38018,True
38023,True
38028,True
38033,True
38038,True
38043,True
38048,True
38053,True
38058,True
38063,True
38068,True
38073,True
38078,True
38083,True
38088,True
38093,True
38098,True
38103,True
38108,True
38113,True
38118,True
38123,True
38128,True
38133,True
38138,True
38143,True
38148,True
38153,True
38158,True
38163,True
53558,True
53563,True
53568,True
53573,True
53578,True
53583,True
53588,True
53593,True
53598,True
53603,True
53608,True
53613,True
53618,True
53623,True
53628,True
53633,True
53638,True
53643,True
53648,True
53653,True
53658,True
53663,True
53668,True
53673,True
53678,True
53683,True
53688,True
53693,True
53698,True
53703,True
53708,True
53713,True
53718,True
53723,True
53728,True
53733,True
53738,True
53743,True
53748,True
53753,True
53758,True
53763,True
53768,True
53773,True
53778,True
53783,True
53788,True
53793,True
53798,True
53803,True
53808,True
53813,True
53818,True
53823,True
53828,True
53833,True
53838,True
53843,True
53848,True
53853,True
53858,True
53863,True
53868,True
53873,True
53878,True
53883,True
53888,True
53893,True
53898,True
53903,True
53908,True
53913,True
53918,True
53923,True
53928,True
53933,True
53938,True
53943,True
53948,True
53953,True
53958,True
53963,True
53968,True
53973,True
53978,True
53983,True
53988,True
53993,True
53998,True
54003,True
54008,True
54013,True
54018,True
54023,True
54028,True
54033,True
54038,True
54043,True
54048,True
54053,True
54058,True
54063,True
54068,True
54073,True
54078,True
54083,True
54088,True
54093,True
54098,True
54103,True
54108,True
54113,True
54118,True
54123,True
54128,True
54133,True
54138,True
54143,True
54148,True
54153,True
54158,True
54163,True
54168,True
54173,True
54178,True
54183,True
54188,True
54193,True
54198,True
54203,True
54208,True
54213,True
54218,True
54223,True
54228,True
54233,True
54238,True
54243,True
54248,True
54253,True
54258,True
54263,True
54268,True
54273,True
54278,True
54283,True
54288,True
54293,True
54298,True
54303,True
54308,True
54313,True
54318,True
54323,True
54328,True
54333,True
54338,True
54343,True
54348,True
54353,True
54358,True
54363,True
54368,True
54373,True
54378,True
54383,True
54388,True
54393,True
54398,True
54403,True
54408,True
54413,True
54418,True
54423,True
54428,True
54433,True
54438,True
54443,True
54448,True
54453,True
54458,True
54463,True
54468,True
54473,True
54478,True
54483,True
54488,True
54493,True
54498,True
54503,True
54508,True
54513,True
54518,True
54523,True
54528,True
54533,True
54538,True
54543,True
54548,True
54553,True
54558,True
54563,True
54568,True
54573,True
54578,True
54583,True
54588,True
54593,True
54598,True
54603,True
54608,True
54613,True
54618,True
54623,True
54628,True
54633,True
54638,True
54643,True
54648,True
54653,True
54658,True
54663,True
54668,True
54673,True
54678,True
54683,True
54688,True
54693,True
54698,True
54703,True
54708,True
54713,True
54718,True
54723,True
54728,True
54733,True
54738,True
54743,True
54748,True
54753,True
54758,True
54763,True
54768,True
54773,True
54778,True
54783,True
54788,True
54793,True
54798,True
54803,True
54808,True
54813,True
54818,True
54823,True
54828,True
54833,True
54838,True
54843,True
54848,True
54853,True
54858,True
54863,True
54868,True
54873,True
54878,True
54883,True
54888,True
54893,True
54898,True
54903,True
54908,True
54913,True
54918,True
54923,True
54928,True
54933,True
54938,True
54943,True
54948,True
54953,True
54958,True
54963,True
54968,True
54973,True
54978,True
54983,True
54988,True
54993,True
54998,True
55003,True
55008,True
55013,True
55018,True
55023,True
55028,True
55033,True
55038,True
55043,True
55048,True
55053,True
55058,True
55063,True
55068,True
55073,True
55078,True
55083,True
55088,True
55093,True
55098,True
55103,True
55108,True
55113,True
55118,True
55123,True
55128,True
55133,True
55138,True
55143,True
55148,True
55153,True
55158,True
55163,True
55168,True
55173,True
55178,True
55183,True
55188,True
55193,True
55198,True
55203,True
55208,True
55213,True
55218,True
55223,True
55228,True
55233,True
55238,True
55243,True
55248,True
55253,True
55258,True
55263,True
55268,True
55273,True
55278,True
55283,True
55288,True
55293,True
55298,True
55303,True
55308,True
55313,True
55318,True
55323,True
55328,True
55333,True
55338,True
55343,True
55348,True
55353,True
55358,True
55363,True
55368,True
55373,True
55378,True
55383,True
55388,True
55393,True
55398,True
55403,True
55408,True
55413,True
55418,True
55423,True
55428,True
55433,True
55438,True
55443,True
55448,True
55453,True
55458,True
55463,True
55468,True
55473,True
55478,True
55483,True
55488,True
55493,True
55498,True
55503,True
55508,True
55513,True
55518,True
55523,True
55528,True
55533,True
55538,True
55543,True
55548,True
55553,True
55558,True
55563,True
55568,True
55573,True
55578,True
55583,True
55588,True
55593,True
55598,True
55603,True
55608,True
55613,True
55618,True
55623,True
55628,True
55633,True
55638,True
55643,True
55648,True
55653,True
55658,True
55663,True
55668,True
55673,True
55678,True
55683,True
55688,True
55693,True
55698,True
55703,True
55708,True
55713,True
55718,True
55723,True
55728,True
55733,True
55738,True
55743,True
55748,True
55753,True
55758,True
55763,True
55768,True
55773,True
55778,True
55783,True
55788,True
55793,True
55798,True
55803,True
55808,True
55813,True
55818,True
55823,True
55828,True
55833,True
55838,True
55843,True
55848,True
55853,True
55858,True
55863,True
55868,True
55873,True
55878,True
55883,True
55888,True
55893,True
55898,True
55903,True
55908,True
55913,True
55918,True
55923,True
55928,True
55933,True
55938,True
55943,True
55948,True
55953,True
55958,True
55963,True
55968,True
55973,True
55978,True
55983,True
55988,True
55993,True
55998,True
56003,True
56008,True
56013,True
56018,True
56023,True
56028,True
56033,True
56038,True
56043,True
56048,True
56053,True
56058,True
56063,True
56068,True
56073,True
56078,True
56083,True
56088,True
56093,True
56098,True
56103,True
56108,True
56113,True
56118,True
56123,True
56128,True
56133,True
56138,True
56143,True
56148,True
56153,True
56158,True
56163,True
56168,True
56173,True
56178,True
56183,True
56188,True
56193,True
56198,True
56203,True
56208,True
56213,True
56218,True
56223,True
56228,True
56233,True
56238,True
56243,True
56248,True
56253,True
56258,True
56263,True
56268,True
56273,True
56278,True
56283,True
56288,True
56293,True
56298,True
56303,True
56308,True
56313,True
56318,True
56323,True
56328,True
56333,True
56338,True
56343,True
56348,True
56353,True
56358,True
56363,True
56368,True
56373,True
56378,True
56383,True
56388,True
56393,True
56398,True
56403,True
56408,True
56413,True
56418,True
56423,True
56428,True
56433,True
56438,True
56443,True
56448,True
56453,True
56458,True
56463,True
56468,True
56473,True
56478,True
56483,True
56488,True
56493,True
56498,True
56503,True
56508,True
56513,True
56518,True
56523,True
56528,True
56533,True
56538,True
56543,True
56548,True
56553,True
56558,True
56563,True
56568,True
56573,True
56578,True
56583,True
56588,True
56593,True
56598,True
56603,True
56608,True
56613,True
28448,True
28453,True
28458,True
28463,True
28468,True
28473,True
28478,True
28483,True
28488,True
28493,True
28498,True
28503,True
28508,True
28513,True
28518,True
28523,True
28528,True
28533,True
28538,True
28543,True
28548,True
28553,True
28558,True
28563,True
28568,True
28573,True
28578,True
28583,True
28588,True
28593,True
28598,True
28603,True
28608,True
28613,True
28618,True
28623,True
28628,True
28633,True
28638,True
28643,True
28648,True
28653,True
28658,True
28663,True
28668,True
28673,True
28678,True
28683,True
28688,True
28693,True
28698,True
28703,True
28708,True
28713,True
28718,True
28723,True
28728,True
28733,True
28738,True
28743,True
28748,True
28753,True
28758,True
28763,True
28768,True
28773,True
28778,True
28783,True
28788,True
28793,True
28798,True
28803,True
28808,True
28813,True
28818,True
28823,True
28828,True
28833,True
28838,True
28843,True
28848,True
28853,True
28858,True
28863,True
28868,True
28873,True
28878,True
28883,True
28888,True
28893,True
28898,True
28903,True
28908,True
28913,True
28918,True
28923,True
28928,True
28933,True
28938,True
28943,True
28948,True
28953,True
28958,True
28963,True
28968,True
28973,True
28978,True
28983,True
28988,True
28993,True
28998,True
29003,True
29008,True
29013,True
29018,True
29023,True
29028,True
29033,True
29038,True
29043,True
29048,True
29053,True
29058,True
29063,True
29068,True
29073,True
29078,True
29083,True
29088,True
29093,True
29098,True
29103,True
29108,True
29113,True
29118,True
29123,True
29128,True
29133,True
29138,True
29143,True
29148,True
29153,True
29158,True
29163,True
29168,True
29173,True
29178,True
29183,True
29188,True
29193,True
29198,True
29203,True
29208,True
29213,True
29218,True
29223,True
29228,True
29233,True
29238,True
29243,True
29248,True
29253,True
29258,True
29263,True
29268,True
29273,True
29278,True
29283,True
29288,True
29293,True
29298,True
29303,True
29308,True
29313,True
29318,True
29323,True
29328,True
29333,True
29338,True
29343,True
29348,True
29353,True
29358,True
29363,True
29368,True
29373,True
29378,True
29383,True
29388,True
29393,True
29398,True
29403,True
29408,True
29413,True
29418,True
29423,True
29428,True
29433,True
29438,True
29443,True
29448,True
29453,True
29458,True
29463,True
29468,True
29473,True
29478,True
29483,True
29488,True
29493,True
29498,True
29503,True
29508,True
29513,True
29518,True
29523,True
29528,True
29533,True
29538,True
29543,True
29548,True
29553,True
29558,True
29563,True
29568,True
29573,True
29578,True
29583,True
29588,True
29593,True
29598,True
29603,True
29608,True
29613,True
29618,True
29623,True
29628,True
29633,True
29638,True
29643,True
29648,True
29653,True
29658,True
29663,True
29668,True
29673,True
29678,True
29683,True
29688,True
29693,True
29698,True
29703,True
29708,True
29713,True
29718,True
29723,True
29728,True
29733,True
29738,True
29743,True
29748,True
29753,True
29758,True
29763,True
29768,True
29773,True
29778,True
29783,True
29788,True
29793,True
29798,True
29803,True
29808,True
29813,True
29818,True
29823,True
29828,True
29833,True
29838,True
29843,True
29848,True
29853,True
29858,True
29863,True
29868,True
29873,True
29878,True
29883,True
29888,True
29893,True
29898,True
29903,True
29908,True
29913,True
29918,True
29923,True
29928,True
29933,True
29938,True
29943,True
29948,True
29953,True
29958,True
29963,True
29968,True
29973,True
29978,True
29983,True
29988,True
29993,True
29998,True
30003,True
30008,True
30013,True
30018,True
30023,True
30028,True
30033,True
30038,True
30043,True
30048,True
30053,True
30058,True
30063,True
30068,True
30073,True
30078,True
30083,True
30088,True
30093,True
30098,True
30103,True
30108,True
30113,True
30118,True
30123,True
30128,True
30133,True
30138,True
30143,True
30148,True
30153,True
30158,True
30163,True
30168,True
30173,True
30178,True
30183,True
30188,True
30193,True
30198,True
30203,True
30208,True
30213,True
30218,True
30223,True
30228,True
30233,True
30238,True
30243,True
30248,True
30253,True
30258,True
30263,True
30268,True
30273,True
30278,True
30283,True
30288,True
30293,True
30298,True
30303,True
30308,True
30313,True
30318,True
30323,True
30328,True
30333,True
30338,True
30343,True
30348,True
30353,True
30358,True
30363,True
30368,True
30373,True
30378,True
30383,True
30388,True
30393,True
30398,True
30403,True
30408,True
30413,True
30418,True
30423,True
30428,True
30433,True
30438,True
30443,True
30448,True
30453,True
30458,True
30463,True
30468,True
30473,True
30478,True
30483,True
30488,True
30493,True
30498,True
30503,True
30508,True
30513,True
30518,True
30523,True
30528,True
30533,True
30538,True
30543,True
30548,True
30553,True
30558,True
30563,True
30568,True
30573,True
30578,True
30583,True
30588,True
30593,True
30598,True
30603,True
30608,True
30613,True
30618,True
30623,True
30628,True
30633,True
30638,True
30643,True
30648,True
30653,True
30658,True
30663,True
30668,True
30673,True
30678,True
30683,True
30688,True
30693,True
30698,True
30703,True
30708,True
30713,True
30718,True
30723,True
30728,True
30733,True
30738,True
30743,True
30748,True
30753,True
30758,True
30763,True
30768,True
30773,True
30778,True
30783,True
30788,True
30793,True
30798,True
30803,True
30808,True
30813,True
30818,True
30823,True
30828,True
30833,True
30838,True
30843,True
30848,True
30853,True
30858,True
30863,True
30868,True
30873,True
30878,True
30883,True
30888,True
30893,True
30898,True
30903,True
30908,True
30913,True
30918,True
30923,True
30928,True
30933,True
30938,True
30943,True
30948,True
30953,True
30958,True
30963,True
30968,True
30973,True
30978,True
30983,True
30988,True
30993,True
30998,True
31003,True
31008,True
31013,True
31018,True
31023,True
31028,True
31033,True
31038,True
31043,True
31048,True
31053,True
31058,True
31063,True
31068,True
31073,True
31078,True
31083,True
31088,True
31093,True
31098,True
31103,True
31108,True
31113,True
31118,True
31123,True
31128,True
31133,True
31138,True
31143,True
31148,True
31153,True
31158,True
31163,True
31168,True
31173,True
31178,True
31183,True
31188,True
31193,True
31198,True
31203,True
31208,True
31213,True
31218,True
31223,True
31228,True
31233,True
31238,True
31243,True
31248,True
31253,True
31258,True
31263,True
31268,True
31273,True
31278,True
31283,True
31288,True
31293,True
31298,True
31303,True
31308,True
31313,True
31318,True
31323,True
31328,True
31333,True
31338,True
31343,True
31348,True
31353,True
31358,True
31363,True
31368,True
31373,True
31378,True
31383,True
31388,True
31393,True
31398,True
31403,True
31408,True
31413,True
31418,True
31423,True
31428,True
31433,True
31438,True
31443,True
31448,True
31453,True
31458,True
31463,True
31468,True
31473,True
31478,True
31483,True
31488,True
31493,True
31498,True
31503,True
46178,True
46183,True
46188,True
46193,True
46198,True
46203,True
46208,True
46213,True
46218,True
46223,True
46228,True
46233,True
46238,True
46243,True
46248,True
46253,True
46258,True
46263,True
46268,True
46273,True
46278,True
46283,True
46288,True
46293,True
46298,True
46303,True
46308,True
46313,True
46318,True
46323,True
46328,True
46333,True
46338,True
46343,True
46348,True
46353,True
46358,True
46363,True
46368,True
46373,True
46378,True
46383,True
46388,True
46393,True
46398,True
46403,True
46408,True
46413,True
46418,True
46423,True
46428,True
46433,True
46438,True
46443,True
46448,True
46453,True
46458,True
46463,True
46468,True
46473,True
46478,True
46483,True
46488,True
46493,True
46498,True
46503,True
46508,True
46513,True
46518,True
46523,True
46528,True
46533,True
46538,True
46543,True
46548,True
46553,True
46558,True
46563,True
46568,True
46573,True
46578,True
46583,True
46588,True
46593,True
46598,True
46603,True
46608,True
46613,True
46618,True
46623,True
46628,True
46633,True
46638,True
46643,True
46648,True
46653,True
46658,True
46663,True
46668,True
46673,True
46678,True
46683,True
46688,True
46693,True
46698,True
46703,True
46708,True
46713,True
46718,True
46723,True
46728,True
46733,True
46738,True
46743,True
46748,True
46753,True
46758,True
46763,True
46768,True
46773,True
46778,True
46783,True
46788,True
46793,True
46798,True
46803,True
46808,True
46813,True
46818,True
46823,True
46828,True
46833,True
46838,True
46843,True
46848,True
46853,True
46858,True
46863,True
46868,True
46873,True
46878,True
46883,True
46888,True
46893,True
46898,True
46903,True
46908,True
46913,True
46918,True
46923,True
46928,True
46933,True
46938,True
46943,True
46948,True
46953,True
46958,True
46963,True
46968,True
46973,True
46978,True
46983,True
46988,True
46993,True
46998,True
47003,True
47008,True
47013,True
47018,True
47023,True
47028,True
47033,True
47038,True
47043,True
47048,True
47053,True
47058,True
47063,True
47068,True
47073,True
47078,True
47083,True
47088,True
47093,True
47098,True
47103,True
47108,True
47113,True
47118,True
47123,True
47128,True
47133,True
47138,True
47143,True
47148,True
47153,True
47158,True
47163,True
47168,True
47173,True
47178,True
47183,True
47188,True
47193,True
47198,True
47203,True
47208,True
47213,True
47218,True
47223,True
47228,True
47233,True
47238,True
47243,True
47248,True
47253,True
47258,True
47263,True
47268,True
47273,True
47278,True
47283,True
47288,True
47293,True
47298,True
47303,True
47308,True
47313,True
47318,True
47323,True
47328,True
47333,True
47338,True
47343,True
47348,True
47353,True
47358,True
47363,True
47368,True
47373,True
47378,True
47383,True
47388,True
47393,True
47398,True
47403,True
47408,True
47413,True
47418,True
47423,True
47428,True
47433,True
47438,True
47443,True
47448,True
47453,True
47458,True
47463,True
47468,True
47473,True
47478,True
47483,True
47488,True
47493,True
47498,True
47503,True
47508,True
47513,True
47518,True
47523,True
47528,True
47533,True
47538,True
47543,True
47548,True
47553,True
47558,True
47563,True
47568,True
47573,True
47578,True
47583,True
47588,True
47593,True
47598,True
47603,True
47608,True
47613,True
47618,True
47623,True
47628,True
47633,True
47638,True
47643,True
47648,True
47653,True
47658,True
47663,True
47668,True
47673,True
47678,True
47683,True
47688,True
47693,True
47698,True
47703,True
47708,True
47713,True
47718,True
47723,True
47728,True
47733,True
47738,True
47743,True
47748,True
47753,True
47758,True
47763,True
47768,True
47773,True
47778,True
47783,True
47788,True
47793,True
47798,True
47803,True
47808,True
47813,True
47818,True
47823,True
47828,True
47833,True
47838,True
47843,True
47848,True
47853,True
47858,True
47863,True
47868,True
47873,True
47878,True
47883,True
47888,True
47893,True
47898,True
47903,True
47908,True
47913,True
47918,True
47923,True
47928,True
47933,True
47938,True
47943,True
47948,True
47953,True
47958,True
47963,True
47968,True
47973,True
47978,True
47983,True
47988,True
47993,True
47998,True
48003,True
48008,True
48013,True
48018,True
48023,True
48028,True
48033,True
48038,True
48043,True
48048,True
48053,True
48058,True
48063,True
48068,True
48073,True
48078,True
48083,True
48088,True
48093,True
48098,True
48103,True
48108,True
48113,True
48118,True
48123,True
48128,True
48133,True
48138,True
48143,True
48148,True
48153,True
48158,True
48163,True
48168,True
48173,True
48178,True
48183,True
48188,True
48193,True
48198,True
48203,True
48208,True
48213,True
48218,True
48223,True
48228,True
48233,True
48238,True
48243,True
48248,True
48253,True
48258,True
48263,True
48268,True
48273,True
48278,True
48283,True
48288,True
48293,True
48298,True
48303,True
48308,True
48313,True
48318,True
48323,True
48328,True
48333,True
48338,True
48343,True
48348,True
48353,True
48358,True
48363,True
48368,True
48373,True
48378,True
48383,True
48388,True
48393,True
48398,True
48403,True
48408,True
48413,True
48418,True
48423,True
48428,True
48433,True
48438,True
48443,True
48448,True
48453,True
48458,True
48463,True
48468,True
48473,True
48478,True
48483,True
48488,True
48493,True
48498,True
48503,True
48508,True
48513,True
48518,True
48523,True
48528,True
48533,True
48538,True
48543,True
48548,True
48553,True
48558,True
48563,True
48568,True
48573,True
48578,True
48583,True
48588,True
48593,True
48598,True
48603,True
48608,True
48613,True
48618,True
48623,True
48628,True
48633,True
48638,True
48643,True
48648,True
48653,True
48658,True
48663,True
48668,True
48673,True
48678,True
48683,True
48688,True
48693,True
48698,True
48703,True
48708,True
48713,True
48718,True
48723,True
48728,True
48733,True
48738,True
48743,True
48748,True
48753,True
48758,True
48763,True
48768,True
48773,True
48778,True
48783,True
48788,True
48793,True
48798,True
48803,True
48808,True
48813,True
48818,True
48823,True
48828,True
48833,True
48838,True
48843,True
48848,True
48853,True
48858,True
48863,True
48868,True
48873,True
48878,True
48883,True
48888,True
48893,True
48898,True
48903,True
48908,True
48913,True
48918,True
48923,True
48928,True
48933,True
48938,True
48943,True
48948,True
48953,True
48958,True
48963,True
48968,True
48973,True
48978,True
48983,True
48988,True
48993,True
48998,True
49003,True
49008,True
49013,True
49018,True
49023,True
49028,True
49033,True
49038,True
49043,True
49048,True
49053,True
49058,True
49063,True
49068,True
49073,True
49078,True
49083,True
49088,True
49093,True
49098,True
49103,True
49108,True
49113,True
49118,True
49123,True
49128,True
49133,True
49138,True
49143,True
49148,True
49153,True
49158,True
49163,True
49168,True
49173,True
49178,True
49183,True
49188,True
49193,True
49198,True
49203,True
49208,True
49213,True
49218,True
49223,True
49228,True
49233,True
8458,True
8463,True
8468,True
8473,True
8478,True
8483,True
8488,True
8493,True
8498,True
8503,True
8508,True
8513,True
8518,True
8523,True
8528,True
8533,True
8538,True
8543,True
8548,True
8553,True
8558,True
8563,True
8568,True
8573,True
8578,True
8583,True
8588,True
8593,True
8598,True
8603,True
8608,True
8613,True
8618,True
8623,True
8628,True
8633,True
8638,True
8643,True
8648,True
8653,True
8658,True
8663,True
8668,True
8673,True
8678,True
8683,True
8688,True
8693,True
8698,True
8703,True
8708,True
8713,True
8718,True
8723,True
8728,True
8733,True
8738,True
8743,True
8748,True
8753,True
8758,True
8763,True
8768,True
8773,True
8778,True
8783,True
8788,True
8793,True
8798,True
8803,True
8808,True
8813,True
8818,True
8823,True
8828,True
8833,True
8838,True
8843,True
8848,True
8853,True
8858,True
8863,True
8868,True
8873,True
8878,True
8883,True
8888,True
8893,True
8898,True
8903,True
8908,True
8913,True
8918,True
8923,True
8928,True
8933,True
8938,True
8943,True
8948,True
8953,True
8958,True
8963,True
8968,True
8973,True
8978,True
8983,True
8988,True
8993,True
8998,True
9003,True
9008,True
9013,True
9018,True
9023,True
9028,True
9033,True
9038,True
9043,True
9048,True
9053,True
9058,True
9063,True
9068,True
9073,True
9078,True
9083,True
9088,True
9093,True
9098,True
9103,True
9108,True
9113,True
9118,True
9123,True
9128,True
9133,True
9138,True
9143,True
9148,True
9153,True
9158,True
9163,True
9168,True
9173,True
9178,True
9183,True
9188,True
9193,True
9198,True
9203,True
9208,True
9213,True
9218,True
9223,True
9228,True
9233,True
9238,True
9243,True
9248,True
9253,True
9258,True
9263,True
9268,True
9273,True
9278,True
9283,True
9288,True
9293,True
9298,True
9303,True
9308,True
9313,True
9318,True
9323,True
9328,True
9333,True
9338,True
9343,True
9348,True
9353,True
9358,True
9363,True
9368,True
9373,True
9378,True
9383,True
9388,True
9393,True
9398,True
9403,True
9408,True
9413,True
9418,True
9423,True
9428,True
9433,True
9438,True
9443,True
9448,True
9453,True
9458,True
9463,True
9468,True
9473,True
9478,True
9483,True
9488,True
9493,True
9498,True
9503,True
9508,True
9513,True
9518,True
9523,True
9528,True
9533,True
9538,True
9543,True
9548,True
9553,True
9558,True
9563,True
9568,True
9573,True
9578,True
9583,True
9588,True
9593,True
9598,True
9603,True
9608,True
9613,True
9618,True
9623,True
9628,True
9633,True
9638,True
9643,True
9648,True
9653,True
9658,True
9663,True
9668,True
9673,True
9678,True
9683,True
9688,True
9693,True
9698,True
9703,True
9708,True
9713,True
9718,True
9723,True
9728,True
9733,True
9738,True
9743,True
9748,True
9753,True
9758,True
9763,True
9768,True
9773,True
9778,True
9783,True
9788,True
9793,True
9798,True
9803,True
9808,True
9813,True
9818,True
9823,True
9828,True
9833,True
9838,True
9843,True
9848,True
9853,True
9858,True
9863,True
9868,True
9873,True
9878,True
9883,True
9888,True
9893,True
9898,True
9903,True
9908,True
9913,True
9918,True
9923,True
9928,True
9933,True
9938,True
9943,True
9948,True
9953,True
9958,True
9963,True
9968,True
9973,True
9978,True
9983,True
9988,True
9993,True
9998,True
10003,True
10008,True
10013,True
10018,True
10023,True
10028,True
10033,True
10038,True
10043,True
10048,True
10053,True
10058,True
10063,True
10068,True
10073,True
10078,True
10083,True
10088,True
10093,True
10098,True
10103,True
10108,True
10113,True
10118,True
10123,True
10128,True
10133,True
10138,True
10143,True
10148,True
10153,True
10158,True
10163,True
10168,True
10173,True
10178,True
10183,True
10188,True
10193,True
10198,True
10203,True
10208,True
10213,True
10218,True
10223,True
10228,True
10233,True
10238,True
10243,True
10248,True
10253,True
10258,True
10263,True
10268,True
10273,True
10278,True
10283,True
10288,True
10293,True
10298,True
10303,True
10308,True
10313,True
10318,True
10323,True
10328,True
10333,True
10338,True
10343,True
10348,True
10353,True
10358,True
10363,True
10368,True
10373,True
10378,True
10383,True
10388,True
10393,True
10398,True
10403,True
10408,True
10413,True
10418,True
10423,True
10428,True
10433,True
10438,True
10443,True
10448,True
10453,True
10458,True
10463,True
10468,True
10473,True
10478,True
10483,True
10488,True
10493,True
10498,True
10503,True
10508,True
10513,True
10518,True
10523,True
10528,True
10533,True
10538,True
10543,True
10548,True
10553,True
10558,True
10563,True
10568,True
10573,True
10578,True
10583,True
10588,True
10593,True
10598,True
10603,True
10608,True
10613,True
10618,True
10623,True
10628,True
10633,True
10638,True
10643,True
10648,True
10653,True
10658,True
10663,True
10668,True
10673,True
10678,True
10683,True
10688,True
10693,True
10698,True
10703,True
10708,True
10713,True
10718,True
10723,True
10728,True
10733,True
10738,True
10743,True
10748,True
10753,True
10758,True
10763,True
10768,True
10773,True
10778,True
10783,True
10788,True
10793,True
10798,True
10803,True
10808,True
10813,True
10818,True
10823,True
10828,True
10833,True
10838,True
10843,True
10848,True
10853,True
10858,True
10863,True
10868,True
10873,True
10878,True
10883,True
10888,True
10893,True
10898,True
10903,True
10908,True
10913,True
10918,True
10923,True
10928,True
10933,True
10938,True
10943,True
10948,True
10953,True
10958,True
10963,True
10968,True
10973,True
10978,True
10983,True
10988,True
10993,True
10998,True
11003,True
11008,True
11013,True
11018,True
11023,True
11028,True
11033,True
11038,True
11043,True
11048,True
11053,True
11058,True
11063,True
11068,True
11073,True
11078,True
11083,True
11088,True
11093,True
11098,True
11103,True
11108,True
11113,True
11118,True
11123,True
11128,True
11133,True
11138,True
11143,True
11148,True
11153,True
11158,True
11163,True
11168,True
11173,True
11178,True
11183,True
11188,True
11193,True
11198,True
11203,True
11208,True
11213,True
11218,True
11223,True
11228,True
11233,True
11238,True
11243,True
11248,True
11253,True
11258,True
11263,True
11268,True
11273,True
11278,True
11283,True
11288,True
11293,True
11298,True
11303,True
11308,True
11313,True
11318,True
11323,True
11328,True
11333,True
11338,True
11343,True
11348,True
11353,True
11358,True
11363,True
11368,True
11373,True
11378,True
11383,True
11388,True
11393,True
11398,True
11403,True
11408,True
11413,True
11418,True
11423,True
11428,True
11433,True
11438,True
11443,True
11448,True
11453,True
11458,True
11463,True
11468,True
11473,True
11478,True
11483,True
11488,True
11493,True
11498,True
11503,True
11508,True
11513,True
16775,True
16780,True
16785,True
16790,True
16795,True
16800,True
16805,True
16810,True
16815,True
16820,True
16825,True
16830,True
16835,True
16840,True
16845,True
16850,True
16855,True
16860,True
16865,True
16870,True
16875,True
16880,True
16885,True
16890,True
16895,True
16900,True
16905,True
16910,True
16915,True
16920,True
16925,True
16930,True
16935,True
16940,True
16945,True
16950,True
16955,True
16960,True
16965,True
16970,True
16975,True
16980,True
16985,True
16990,True
16995,True
17000,True
17005,True
17010,True
17015,True
17020,True
17025,True
17030,True
17035,True
17040,True
17045,True
17050,True
17055,True
17060,True
17065,True
17070,True
5965,True
5970,True
5975,True
5980,True
5985,True
5990,True
5995,True
6000,True
6005,True
6010,True
6015,True
6020,True
6025,True
6030,True
6035,True
6040,True
6045,True
6050,True
6055,True
6060,True
6065,True
6070,True
6075,True
6080,True
6085,True
6090,True
6095,True
6100,True
6105,True
6110,True
6115,True
6120,True
6125,True
6130,True
6135,True
6140,True
6145,True
6150,True
6155,True
6160,True
6165,True
6170,True
6175,True
6180,True
6185,True
6190,True
6195,True
6200,True
6205,True
6210,True
6215,True
6220,True
6225,True
6230,True
6235,True
6240,True
6245,True
6250,True
6255,True
6260,True
8535,True
8540,True
8545,True
8550,True
8555,True
8560,True
8565,True
8570,True
8575,True
8580,True
8585,True
8590,True
8595,True
8600,True
8605,True
8610,True
8615,True
8620,True
8625,True
8630,True
8635,True
8640,True
8645,True
8650,True
8655,True
8660,True
8665,True
8670,True
8675,True
8680,True
8685,True
8690,True
8695,True
8700,True
8705,True
8710,True
8715,True
8720,True
8725,True
8730,True
8735,True
8740,True
8745,True
8750,True
8755,True
8760,True
8765,True
8770,True
8775,True
8780,True
8785,True
8790,True
8795,True
8800,True
8805,True
8810,True
8815,True
8820,True
8825,True
8830,True
7505,True
7510,True
7515,True
7520,True
7525,True
7530,True
7535,True
7540,True
7545,True
7550,True
7555,True
7560,True
7565,True
7570,True
7575,True
7580,True
7585,True
7590,True
7595,True
7600,True
7605,True
7610,True
7615,True
7620,True
7625,True
7630,True
7635,True
7640,True
7645,True
7650,True
7655,True
7660,True
7665,True
7670,True
7675,True
7680,True
7685,True
7690,True
7695,True
7700,True
7705,True
7710,True
7715,True
7720,True
7725,True
7730,True
7735,True
7740,True
7745,True
7750,True
7755,True
7760,True
7765,True
7770,True
7775,True
7780,True
7785,True
7790,True
7795,True
7800,True
10695,True
10700,True
10705,True
10710,True
10715,True
10720,True
10725,True
10730,True
10735,True
10740,True
10745,True
10750,True
10755,True
10760,True
10765,True
10770,True
10775,True
10780,True
10785,True
10790,True
10795,True
10800,True
10805,True
10810,True
10815,True
10820,True
10825,True
10830,True
10835,True
10840,True
10845,True
10850,True
10855,True
10860,True
10865,True
10870,True
10875,True
10880,True
10885,True
10890,True
10895,True
10900,True
10905,True
10910,True
10915,True
10920,True
10925,True
10930,True
10935,True
10940,True
10945,True
10950,True
10955,True
10960,True
10965,True
10970,True
10975,True
10980,True
10985,True
10990,True
4025,True
4030,True
4035,True
4040,True
4045,True
4050,True
4055,True
4060,True
4065,True
4070,True
4075,True
4080,True
4085,True
4090,True
4095,True
4100,True
4105,True
4110,True
4115,True
4120,True
4125,True
4130,True
4135,True
4140,True
4145,True
4150,True
4155,True
4160,True
4165,True
4170,True
4175,True
4180,True
4185,True
4190,True
4195,True
4200,True
4205,True
4210,True
4215,True
4220,True
4225,True
4230,True
4235,True
4240,True
4245,True
4250,True
4255,True
4260,True
4265,True
4270,True
4275,True
4280,True
4285,True
4290,True
4295,True
4300,True
4305,True
4310,True
4315,True
4320,True
9405,True
9410,True
9415,True
9420,True
9425,True
9430,True
9435,True
9440,True
9445,True
9450,True
9455,True
9460,True
9465,True
9470,True
9475,True
9480,True
9485,True
9490,True
9495,True
9500,True
9505,True
9510,True
9515,True
9520,True
9525,True
9530,True
9535,True
9540,True
9545,True
9550,True
9555,True
9560,True
9565,True
9570,True
9575,True
9580,True
9585,True
9590,True
9595,True
9600,True
9605,True
9610,True
9615,True
9620,True
9625,True
9630,True
9635,True
9640,True
9645,True
9650,True
9655,True
9660,True
9665,True
9670,True
9675,True
9680,True
9685,True
9690,True
9695,True
9700,True
21485,True
21490,True
21495,True
21500,True
21505,True
21510,True
21515,True
21520,True
21525,True
21530,True
21535,True
21540,True
21545,True
21550,True
21555,True
21560,True
21565,True
21570,True
21575,True
21580,True
21585,True
21590,True
21595,True
21600,True
21605,True
21610,True
21615,True
21620,True
21625,True
21630,True
21635,True
21640,True
21645,True
21650,True
21655,True
21660,True
21665,True
21670,True
21675,True
21680,True
21685,True
21690,True
21695,True
21700,True
21705,True
21710,True
21715,True
21720,True
21725,True
21730,True
21735,True
21740,True
21745,True
21750,True
21755,True
21760,True
21765,True
21770,True
21775,True
21780,True
7125,True
7130,True
7135,True
7140,True
7145,True
7150,True
7155,True
7160,True
7165,True
7170,True
7175,True
7180,True
7185,True
7190,True
7195,True
7200,True
7205,True
7210,True
7215,True
7220,True
7225,True
7230,True
7235,True
7240,True
7245,True
7250,True
7255,True
7260,True
7265,True
7270,True
7275,True
7280,True
7285,True
7290,True
7295,True
7300,True
7305,True
7310,True
7315,True
7320,True
7325,True
7330,True
7335,True
7340,True
7345,True
7350,True
7355,True
7360,True
7365,True
7370,True
7375,True
7380,True
7385,True
7390,True
7395,True
7400,True
7405,True
7410,True
7415,True
7420,True
7425,True
7430,True
7435,True
7440,True
7445,True
7450,True
7455,True
7460,True
7465,True
7470,True
7475,True
7480,True
7485,True
7490,True
7495,True
7500,True
7505,True
7510,True
7515,True
7520,True
7525,True
7530,True
7535,True
7540,True
7545,True
7550,True
7555,True
7560,True
7565,True
7570,True
7575,True
7580,True
7585,True
7590,True
7595,True
7600,True
7605,True
7610,True
7615,True
7620,True
7625,True
7630,True
7635,True
7640,True
7645,True
7650,True
7655,True
7660,True
7665,True
7670,True
7675,True
7680,True
7685,True
7690,True
7695,True
7700,True
7705,True
7710,True
7715,True
7720,True
16415,True
16420,True
16425,True
16430,True
16435,True
16440,True
16445,True
16450,True
16455,True
16460,True
16465,True
16470,True
16475,True
16480,True
16485,True
16490,True
16495,True
16500,True
16505,True
16510,True
16515,True
16520,True
16525,True
16530,True
16535,True
16540,True
16545,True
16550,True
16555,True
16560,True
16565,True
16570,True
16575,True
16580,True
16585,True
16590,True
16595,True
16600,True
16605,True
16610,True
16615,True
16620,True
16625,True
16630,True
16635,True
16640,True
16645,True
16650,True
16655,True
16660,True
16665,True
16670,True
16675,True
16680,True
16685,True
16690,True
16695,True
16700,True
16705,True
16710,True
16715,True
16720,True
16725,True
16730,True
16735,True
16740,True
16745,True
16750,True
16755,True
16760,True
16765,True
16770,True
16775,True
16780,True
16785,True
16790,True
16795,True
16800,True
16805,True
16810,True
16815,True
16820,True
16825,True
16830,True
16835,True
16840,True
16845,True
16850,True
16855,True
16860,True
16865,True
16870,True
16875,True
16880,True
16885,True
16890,True
16895,True
16900,True
16905,True
16910,True
16915,True
16920,True
16925,True
16930,True
16935,True
16940,True
16945,True
16950,True
16955,True
16960,True
16965,True
16970,True
16975,True
16980,True
16985,True
16990,True
16995,True
17000,True
17005,True
17010,True
13615,True
13620,True
13625,True
13630,True
13635,True
13640,True
13645,True
13650,True
13655,True
13660,True
13665,True
13670,True
13675,True
13680,True
13685,True
13690,True
13695,True
13700,True
13705,True
13710,True
13715,True
13720,True
13725,True
13730,True
13735,True
13740,True
13745,True
13750,True
13755,True
13760,True
13765,True
13770,True
13775,True
13780,True
13785,True
13790,True
13795,True
13800,True
13805,True
13810,True
13815,True
13820,True
13825,True
13830,True
13835,True
13840,True
13845,True
13850,True
13855,True
13860,True
13865,True
13870,True
13875,True
13880,True
13885,True
13890,True
13895,True
13900,True
13905,True
13910,True
13915,True
13920,True
13925,True
13930,True
13935,True
13940,True
13945,True
13950,True
13955,True
13960,True
13965,True
13970,True
13975,True
13980,True
13985,True
13990,True
13995,True
14000,True
14005,True
14010,True
14015,True
14020,True
14025,True
14030,True
14035,True
14040,True
14045,True
14050,True
14055,True
14060,True
14065,True
14070,True
14075,True
14080,True
14085,True
14090,True
14095,True
14100,True
14105,True
14110,True
14115,True
14120,True
14125,True
14130,True
14135,True
14140,True
14145,True
14150,True
14155,True
14160,True
14165,True
14170,True
14175,True
14180,True
14185,True
14190,True
14195,True
14200,True
14205,True
14210,True
9455,True
9460,True
9465,True
9470,True
9475,True
9480,True
9485,True
9490,True
9495,True
9500,True
9505,True
9510,True
9515,True
9520,True
9525,True
9530,True
9535,True
9540,True
9545,True
9550,True
9555,True
9560,True
9565,True
9570,True
9575,True
9580,True
9585,True
9590,True
9595,True
9600,True
9605,True
9610,True
9615,True
9620,True
9625,True
9630,True
9635,True
9640,True
9645,True
9650,True
9655,True
9660,True
9665,True
9670,True
9675,True
9680,True
9685,True
9690,True
9695,True
9700,True
9705,True
9710,True
9715,True
9720,True
9725,True
9730,True
9735,True
9740,True
9745,True
9750,True
9755,True
9760,True
9765,True
9770,True
9775,True
9780,True
9785,True
9790,True
9795,True
9800,True
9805,True
9810,True
9815,True
9820,True
9825,True
9830,True
9835,True
9840,True
9845,True
9850,True
9855,True
9860,True
9865,True
9870,True
9875,True
9880,True
9885,True
9890,True
9895,True
9900,True
9905,True
9910,True
9915,True
9920,True
9925,True
9930,True
9935,True
9940,True
9945,True
9950,True
9955,True
9960,True
9965,True
9970,True
9975,True
9980,True
9985,True
9990,True
9995,True
10000,True
10005,True
10010,True
10015,True
10020,True
10025,True
10030,True
10035,True
10040,True
10045,True
10050,True
15395,True
15400,True
15405,True
15410,True
15415,True
15420,True
15425,True
15430,True
15435,True
15440,True
15445,True
15450,True
15455,True
15460,True
15465,True
15470,True
15475,True
15480,True
15485,True
15490,True
15495,True
15500,True
15505,True
15510,True
15515,True
15520,True
15525,True
15530,True
15535,True
15540,True
15545,True
15550,True
15555,True
15560,True
15565,True
15570,True
15575,True
15580,True
15585,True
15590,True
15595,True
15600,True
15605,True
15610,True
15615,True
15620,True
15625,True
15630,True
15635,True
15640,True
15645,True
15650,True
15655,True
15660,True
15665,True
15670,True
15675,True
15680,True
15685,True
15690,True
15695,True
15700,True
15705,True
15710,True
15715,True
15720,True
15725,True
15730,True
15735,True
15740,True
15745,True
15750,True
15755,True
15760,True
15765,True
15770,True
15775,True
15780,True
15785,True
15790,True
15795,True
15800,True
15805,True
15810,True
15815,True
15820,True
15825,True
15830,True
15835,True
15840,True
15845,True
15850,True
15855,True
15860,True
15865,True
15870,True
15875,True
15880,True
15885,True
15890,True
15895,True
15900,True
15905,True
15910,True
15915,True
15920,True
15925,True
15930,True
15935,True
15940,True
15945,True
15950,True
15955,True
15960,True
15965,True
15970,True
15975,True
15980,True
15985,True
15990,True
19975,True
19980,True
19985,True
19990,True
19995,True
20000,True
20005,True
20010,True
20015,True
20020,True
20025,True
20030,True
20035,True
20040,True
20045,True
20050,True
20055,True
20060,True
20065,True
20070,True
20075,True
20080,True
20085,True
20090,True
20095,True
20100,True
20105,True
20110,True
20115,True
20120,True
20125,True
20130,True
20135,True
20140,True
20145,True
20150,True
20155,True
20160,True
20165,True
20170,True
20175,True
20180,True
20185,True
20190,True
20195,True
20200,True
20205,True
20210,True
20215,True
20220,True
20225,True
20230,True
20235,True
20240,True
20245,True
20250,True
20255,True
20260,True
20265,True
20270,True
20275,True
20280,True
20285,True
20290,True
20295,True
20300,True
20305,True
20310,True
20315,True
20320,True
20325,True
20330,True
20335,True
20340,True
20345,True
20350,True
20355,True
20360,True
20365,True
20370,True
20375,True
20380,True
20385,True
20390,True
20395,True
20400,True
20405,True
20410,True
20415,True
20420,True
20425,True
20430,True
20435,True
20440,True
20445,True
20450,True
20455,True
20460,True
20465,True
20470,True
20475,True
20480,True
20485,True
20490,True
20495,True
20500,True
20505,True
20510,True
20515,True
20520,True
20525,True
20530,True
20535,True
20540,True
20545,True
20550,True
20555,True
20560,True
20565,True
20570,True
8175,True
8180,True
8185,True
8190,True
8195,True
8200,True
8205,True
8210,True
8215,True
8220,True
8225,True
8230,True
8235,True
8240,True
8245,True
8250,True
8255,True
8260,True
8265,True
8270,True
8275,True
8280,True
8285,True
8290,True
8295,True
8300,True
8305,True
8310,True
8315,True
8320,True
8325,True
8330,True
8335,True
8340,True
8345,True
8350,True
8355,True
8360,True
8365,True
8370,True
8375,True
8380,True
8385,True
8390,True
8395,True
8400,True
8405,True
8410,True
8415,True
8420,True
8425,True
8430,True
8435,True
8440,True
8445,True
8450,True
8455,True
8460,True
8465,True
8470,True
8475,True
8480,True
8485,True
8490,True
8495,True
8500,True
8505,True
8510,True
8515,True
8520,True
8525,True
8530,True
8535,True
8540,True
8545,True
8550,True
8555,True
8560,True
8565,True
8570,True
8575,True
8580,True
8585,True
8590,True
8595,True
8600,True
8605,True
8610,True
8615,True
8620,True
8625,True
8630,True
8635,True
8640,True
8645,True
8650,True
8655,True
8660,True
8665,True
8670,True
8675,True
8680,True
8685,True
8690,True
8695,True
8700,True
8705,True
8710,True
8715,True
8720,True
8725,True
8730,True
8735,True
8740,True
8745,True
8750,True
8755,True
8760,True
8765,True
8770,True
14225,True
14230,True
14235,True
14240,True
14245,True
14250,True
14255,True
14260,True
14265,True
14270,True
14275,True
14280,True
14285,True
14290,True
14295,True
14300,True
14305,True
14310,True
14315,True
14320,True
14325,True
14330,True
14335,True
14340,True
14345,True
14350,True
14355,True
14360,True
14365,True
14370,True
14375,True
14380,True
14385,True
14390,True
14395,True
14400,True
14405,True
14410,True
14415,True
14420,True
14425,True
14430,True
14435,True
14440,True
14445,True
14450,True
14455,True
14460,True
14465,True
14470,True
14475,True
14480,True
14485,True
14490,True
14495,True
14500,True
14505,True
14510,True
14515,True
14520,True
14525,True
14530,True
14535,True
14540,True
14545,True
14550,True
14555,True
14560,True
14565,True
14570,True
14575,True
14580,True
14585,True
14590,True
14595,True
14600,True
14605,True
14610,True
14615,True
14620,True
14625,True
14630,True
14635,True
14640,True
14645,True
14650,True
14655,True
14660,True
14665,True
14670,True
14675,True
14680,True
14685,True
14690,True
14695,True
14700,True
14705,True
14710,True
14715,True
14720,True
14725,True
14730,True
14735,True
14740,True
14745,True
14750,True
14755,True
14760,True
14765,True
14770,True
14775,True
14780,True
14785,True
14790,True
14795,True
14800,True
14805,True
14810,True
14815,True
14820,True
3635,True
3640,True
3645,True
3650,True
3655,True
3660,True
3665,True
3670,True
3675,True
3680,True
3685,True
3690,True
3695,True
3700,True
3705,True
3710,True
3715,True
3720,True
3725,True
3730,True
3735,True
3740,True
3745,True
3750,True
3755,True
3760,True
3765,True
3770,True
3775,True
3780,True
3785,True
3790,True
3795,True
3800,True
3805,True
3810,True
3815,True
3820,True
3825,True
3830,True
3835,True
3840,True
3845,True
3850,True
3855,True
3860,True
3865,True
3870,True
3875,True
3880,True
3885,True
3890,True
3895,True
3900,True
3905,True
3910,True
3915,True
3920,True
3925,True
3930,True
3935,True
3940,True
3945,True
3950,True
3955,True
3960,True
3965,True
3970,True
3975,True
3980,True
3985,True
3990,True
3995,True
4000,True
4005,True
4010,True
4015,True
4020,True
4025,True
4030,True
4035,True
4040,True
4045,True
4050,True
4055,True
4060,True
4065,True
4070,True
4075,True
4080,True
4085,True
4090,True
4095,True
4100,True
4105,True
4110,True
4115,True
4120,True
4125,True
4130,True
4135,True
4140,True
4145,True
4150,True
4155,True
4160,True
4165,True
4170,True
4175,True
4180,True
4185,True
4190,True
4195,True
4200,True
4205,True
4210,True
4215,True
4220,True
4225,True
4230,True
4235,True
4240,True
4245,True
4250,True
4255,True
4260,True
4265,True
4270,True
4275,True
4280,True
4285,True
4290,True
4295,True
4300,True
4305,True
4310,True
4315,True
4320,True
4325,True
4330,True
4335,True
4340,True
4345,True
4350,True
4355,True
4360,True
4365,True
4370,True
4375,True
4380,True
4385,True
4390,True
4395,True
4400,True
4405,True
4410,True
4415,True
4420,True
4425,True
4430,True
4435,True
4440,True
4445,True
4450,True
4455,True
4460,True
4465,True
4470,True
4475,True
4480,True
4485,True
4490,True
4495,True
4500,True
4505,True
4510,True
4515,True
4520,True
4525,True
4530,True
4535,True
4540,True
4545,True
4550,True
4555,True
4560,True
4565,True
4570,True
4575,True
4580,True
4585,True
4590,True
4595,True
4600,True
4605,True
4610,True
4615,True
4620,True
4625,True
4630,True
4635,True
4640,True
4645,True
4650,True
4655,True
4660,True
4665,True
4670,True
4675,True
4680,True
4685,True
4690,True
4695,True
4700,True
4705,True
4710,True
4715,True
4720,True
4725,True
4730,True
4735,True
4740,True
4745,True
4750,True
4755,True
4760,True
4765,True
4770,True
4775,True
4780,True
4785,True
4790,True
4795,True
4800,True
4805,True
4810,True
4815,True
4820,True
4825,True
4830,True
12635,True
12640,True
12645,True
12650,True
12655,True
12660,True
12665,True
12670,True
12675,True
12680,True
12685,True
12690,True
12695,True
12700,True
12705,True
12710,True
12715,True
12720,True
12725,True
12730,True
12735,True
12740,True
12745,True
12750,True
12755,True
12760,True
12765,True
12770,True
12775,True
12780,True
12785,True
12790,True
12795,True
12800,True
12805,True
12810,True
12815,True
12820,True
12825,True
12830,True
12835,True
12840,True
12845,True
12850,True
12855,True
12860,True
12865,True
12870,True
12875,True
12880,True
12885,True
12890,True
12895,True
12900,True
12905,True
12910,True
12915,True
12920,True
12925,True
12930,True
12935,True
12940,True
12945,True
12950,True
12955,True
12960,True
12965,True
12970,True
12975,True
12980,True
12985,True
12990,True
12995,True
13000,True
13005,True
13010,True
13015,True
13020,True
13025,True
13030,True
13035,True
13040,True
13045,True
13050,True
13055,True
13060,True
13065,True
13070,True
13075,True
13080,True
13085,True
13090,True
13095,True
13100,True
13105,True
13110,True
13115,True
13120,True
13125,True
13130,True
13135,True
13140,True
13145,True
13150,True
13155,True
13160,True
13165,True
13170,True
13175,True
13180,True
13185,True
13190,True
13195,True
13200,True
13205,True
13210,True
13215,True
13220,True
13225,True
13230,True
13235,True
13240,True
13245,True
13250,True
13255,True
13260,True
13265,True
13270,True
13275,True
13280,True
13285,True
13290,True
13295,True
13300,True
13305,True
13310,True
13315,True
13320,True
13325,True
13330,True
13335,True
13340,True
13345,True
13350,True
13355,True
13360,True
13365,True
13370,True
13375,True
13380,True
13385,True
13390,True
13395,True
13400,True
13405,True
13410,True
13415,True
13420,True
13425,True
13430,True
13435,True
13440,True
13445,True
13450,True
13455,True
13460,True
13465,True
13470,True
13475,True
13480,True
13485,True
13490,True
13495,True
13500,True
13505,True
13510,True
13515,True
13520,True
13525,True
13530,True
13535,True
13540,True
13545,True
13550,True
13555,True
13560,True
13565,True
13570,True
13575,True
13580,True
13585,True
13590,True
13595,True
13600,True
13605,True
13610,True
13615,True
13620,True
13625,True
13630,True
13635,True
13640,True
13645,True
13650,True
13655,True
13660,True
13665,True
13670,True
13675,True
13680,True
13685,True
13690,True
13695,True
13700,True
13705,True
13710,True
13715,True
13720,True
13725,True
13730,True
13735,True
13740,True
13745,True
13750,True
13755,True
13760,True
13765,True
13770,True
13775,True
13780,True
13785,True
13790,True
13795,True
13800,True
13805,True
13810,True
13815,True
13820,True
13825,True
13830,True
18005,True
18010,True
18015,True
18020,True
18025,True
18030,True
18035,True
18040,True
18045,True
18050,True
18055,True
18060,True
18065,True
18070,True
18075,True
18080,True
18085,True
18090,True
18095,True
18100,True
18105,True
18110,True
18115,True
18120,True
18125,True
18130,True
18135,True
18140,True
18145,True
18150,True
18155,True
18160,True
18165,True
18170,True
18175,True
18180,True
18185,True
18190,True
18195,True
18200,True
18205,True
18210,True
18215,True
18220,True
18225,True
18230,True
18235,True
18240,True
18245,True
18250,True
18255,True
18260,True
18265,True
18270,True
18275,True
18280,True
18285,True
18290,True
18295,True
18300,True
18305,True
18310,True
18315,True
18320,True
18325,True
18330,True
18335,True
18340,True
18345,True
18350,True
18355,True
18360,True
18365,True
18370,True
18375,True
18380,True
18385,True
18390,True
18395,True
18400,True
18405,True
18410,True
18415,True
18420,True
18425,True
18430,True
18435,True
18440,True
18445,True
18450,True
18455,True
18460,True
18465,True
18470,True
18475,True
18480,True
18485,True
18490,True
18495,True
18500,True
18505,True
18510,True
18515,True
18520,True
18525,True
18530,True
18535,True
18540,True
18545,True
18550,True
18555,True
18560,True
18565,True
18570,True
18575,True
18580,True
18585,True
18590,True
18595,True
18600,True
18605,True
18610,True
18615,True
18620,True
18625,True
18630,True
18635,True
18640,True
18645,True
18650,True
18655,True
18660,True
18665,True
18670,True
18675,True
18680,True
18685,True
18690,True
18695,True
18700,True
18705,True
18710,True
18715,True
18720,True
18725,True
18730,True
18735,True
18740,True
18745,True
18750,True
18755,True
18760,True
18765,True
18770,True
18775,True
18780,True
18785,True
18790,True
18795,True
18800,True
18805,True
18810,True
18815,True
18820,True
18825,True
18830,True
18835,True
18840,True
18845,True
18850,True
18855,True
18860,True
18865,True
18870,True
18875,True
18880,True
18885,True
18890,True
18895,True
18900,True
18905,True
18910,True
18915,True
18920,True
18925,True
18930,True
18935,True
18940,True
18945,True
18950,True
18955,True
18960,True
18965,True
18970,True
18975,True
18980,True
18985,True
18990,True
18995,True
19000,True
19005,True
19010,True
19015,True
19020,True
19025,True
19030,True
19035,True
19040,True
19045,True
19050,True
19055,True
19060,True
19065,True
19070,True
19075,True
19080,True
19085,True
19090,True
19095,True
19100,True
19105,True
19110,True
19115,True
19120,True
19125,True
19130,True
19135,True
19140,True
19145,True
19150,True
19155,True
19160,True
19165,True
19170,True
19175,True
19180,True
19185,True
19190,True
19195,True
19200,True
9945,True
9950,True
9955,True
9960,True
9965,True
9970,True
9975,True
9980,True
9985,True
9990,True
9995,True
10000,True
10005,True
10010,True
10015,True
10020,True
10025,True
10030,True
10035,True
10040,True
10045,True
10050,True
10055,True
10060,True
10065,True
10070,True
10075,True
10080,True
10085,True
10090,True
10095,True
10100,True
10105,True
10110,True
10115,True
10120,True
10125,True
10130,True
10135,True
10140,True
10145,True
10150,True
10155,True
10160,True
10165,True
10170,True
10175,True
10180,True
10185,True
10190,True
10195,True
10200,True
10205,True
10210,True
10215,True
10220,True
10225,True
10230,True
10235,True
10240,True
10245,True
10250,True
10255,True
10260,True
10265,True
10270,True
10275,True
10280,True
10285,True
10290,True
10295,True
10300,True
10305,True
10310,True
10315,True
10320,True
10325,True
10330,True
10335,True
10340,True
10345,True
10350,True
10355,True
10360,True
10365,True
10370,True
10375,True
10380,True
10385,True
10390,True
10395,True
10400,True
10405,True
10410,True
10415,True
10420,True
10425,True
10430,True
10435,True
10440,True
10445,True
10450,True
10455,True
10460,True
10465,True
10470,True
10475,True
10480,True
10485,True
10490,True
10495,True
10500,True
10505,True
10510,True
10515,True
10520,True
10525,True
10530,True
10535,True
10540,True
10545,True
10550,True
10555,True
10560,True
10565,True
10570,True
10575,True
10580,True
10585,True
10590,True
10595,True
10600,True
10605,True
10610,True
10615,True
10620,True
10625,True
10630,True
10635,True
10640,True
10645,True
10650,True
10655,True
10660,True
10665,True
10670,True
10675,True
10680,True
10685,True
10690,True
10695,True
10700,True
10705,True
10710,True
10715,True
10720,True
10725,True
10730,True
10735,True
10740,True
10745,True
10750,True
10755,True
10760,True
10765,True
10770,True
10775,True
10780,True
10785,True
10790,True
10795,True
10800,True
10805,True
10810,True
10815,True
10820,True
10825,True
10830,True
10835,True
10840,True
10845,True
10850,True
10855,True
10860,True
10865,True
10870,True
10875,True
10880,True
10885,True
10890,True
10895,True
10900,True
10905,True
10910,True
10915,True
10920,True
10925,True
10930,True
10935,True
10940,True
10945,True
10950,True
10955,True
10960,True
10965,True
10970,True
10975,True
10980,True
10985,True
10990,True
10995,True
11000,True
11005,True
11010,True
11015,True
11020,True
11025,True
11030,True
11035,True
11040,True
11045,True
11050,True
11055,True
11060,True
11065,True
11070,True
11075,True
11080,True
11085,True
11090,True
11095,True
11100,True
11105,True
11110,True
11115,True
11120,True
11125,True
11130,True
11135,True
11140,True
8505,True
8510,True
8515,True
8520,True
8525,True
8530,True
8535,True
8540,True
8545,True
8550,True
8555,True
8560,True
8565,True
8570,True
8575,True
8580,True
8585,True
8590,True
8595,True
8600,True
8605,True
8610,True
8615,True
8620,True
8625,True
8630,True
8635,True
8640,True
8645,True
8650,True
8655,True
8660,True
8665,True
8670,True
8675,True
8680,True
8685,True
8690,True
8695,True
8700,True
8705,True
8710,True
8715,True
8720,True
8725,True
8730,True
8735,True
8740,True
8745,True
8750,True
8755,True
8760,True
8765,True
8770,True
8775,True
8780,True
8785,True
8790,True
8795,True
8800,True
8805,True
8810,True
8815,True
8820,True
8825,True
8830,True
8835,True
8840,True
8845,True
8850,True
8855,True
8860,True
8865,True
8870,True
8875,True
8880,True
8885,True
8890,True
8895,True
8900,True
8905,True
8910,True
8915,True
8920,True
8925,True
8930,True
8935,True
8940,True
8945,True
8950,True
8955,True
8960,True
8965,True
8970,True
8975,True
8980,True
8985,True
8990,True
8995,True
9000,True
9005,True
9010,True
9015,True
9020,True
9025,True
9030,True
9035,True
9040,True
9045,True
9050,True
9055,True
9060,True
9065,True
9070,True
9075,True
9080,True
9085,True
9090,True
9095,True
9100,True
9105,True
9110,True
9115,True
9120,True
9125,True
9130,True
9135,True
9140,True
9145,True
9150,True
9155,True
9160,True
9165,True
9170,True
9175,True
9180,True
9185,True
9190,True
9195,True
9200,True
9205,True
9210,True
9215,True
9220,True
9225,True
9230,True
9235,True
9240,True
9245,True
9250,True
9255,True
9260,True
9265,True
9270,True
9275,True
9280,True
9285,True
9290,True
9295,True
9300,True
9305,True
9310,True
9315,True
9320,True
9325,True
9330,True
9335,True
9340,True
9345,True
9350,True
9355,True
9360,True
9365,True
9370,True
9375,True
9380,True
9385,True
9390,True
9395,True
9400,True
9405,True
9410,True
9415,True
9420,True
9425,True
9430,True
9435,True
9440,True
9445,True
9450,True
9455,True
9460,True
9465,True
9470,True
9475,True
9480,True
9485,True
9490,True
9495,True
9500,True
9505,True
9510,True
9515,True
9520,True
9525,True
9530,True
9535,True
9540,True
9545,True
9550,True
9555,True
9560,True
9565,True
9570,True
9575,True
9580,True
9585,True
9590,True
9595,True
9600,True
9605,True
9610,True
9615,True
9620,True
9625,True
9630,True
9635,True
9640,True
9645,True
9650,True
9655,True
9660,True
9665,True
9670,True
9675,True
9680,True
9685,True
9690,True
9695,True
9700,True
16125,True
16130,True
16135,True
16140,True
16145,True
16150,True
16155,True
16160,True
16165,True
16170,True
16175,True
16180,True
16185,True
16190,True
16195,True
16200,True
16205,True
16210,True
16215,True
16220,True
16225,True
16230,True
16235,True
16240,True
16245,True
16250,True
16255,True
16260,True
16265,True
16270,True
16275,True
16280,True
16285,True
16290,True
16295,True
16300,True
16305,True
16310,True
16315,True
16320,True
16325,True
16330,True
16335,True
16340,True
16345,True
16350,True
16355,True
16360,True
16365,True
16370,True
16375,True
16380,True
16385,True
16390,True
16395,True
16400,True
16405,True
16410,True
16415,True
16420,True
16425,True
16430,True
16435,True
16440,True
16445,True
16450,True
16455,True
16460,True
16465,True
16470,True
16475,True
16480,True
16485,True
16490,True
16495,True
16500,True
16505,True
16510,True
16515,True
16520,True
16525,True
16530,True
16535,True
16540,True
16545,True
16550,True
16555,True
16560,True
16565,True
16570,True
16575,True
16580,True
16585,True
16590,True
16595,True
16600,True
16605,True
16610,True
16615,True
16620,True
16625,True
16630,True
16635,True
16640,True
16645,True
16650,True
16655,True
16660,True
16665,True
16670,True
16675,True
16680,True
16685,True
16690,True
16695,True
16700,True
16705,True
16710,True
16715,True
16720,True
16725,True
16730,True
16735,True
16740,True
16745,True
16750,True
16755,True
16760,True
16765,True
16770,True
16775,True
16780,True
16785,True
16790,True
16795,True
16800,True
16805,True
16810,True
16815,True
16820,True
16825,True
16830,True
16835,True
16840,True
16845,True
16850,True
16855,True
16860,True
16865,True
16870,True
16875,True
16880,True
16885,True
16890,True
16895,True
16900,True
16905,True
16910,True
16915,True
16920,True
16925,True
16930,True
16935,True
16940,True
16945,True
16950,True
16955,True
16960,True
16965,True
16970,True
16975,True
16980,True
16985,True
16990,True
16995,True
17000,True
17005,True
17010,True
17015,True
17020,True
17025,True
17030,True
17035,True
17040,True
17045,True
17050,True
17055,True
17060,True
17065,True
17070,True
17075,True
17080,True
17085,True
17090,True
17095,True
17100,True
17105,True
17110,True
17115,True
17120,True
17125,True
17130,True
17135,True
17140,True
17145,True
17150,True
17155,True
17160,True
17165,True
17170,True
17175,True
17180,True
17185,True
17190,True
17195,True
17200,True
17205,True
17210,True
17215,True
17220,True
17225,True
17230,True
17235,True
17240,True
17245,True
17250,True
17255,True
17260,True
17265,True
17270,True
17275,True
17280,True
17285,True
17290,True
17295,True
17300,True
17305,True
17310,True
17315,True
17320,True
6785,True
6790,True
6795,True
6800,True
6805,True
6810,True
6815,True
6820,True
6825,True
6830,True
6835,True
6840,True
6845,True
6850,True
6855,True
6860,True
6865,True
6870,True
6875,True
6880,True
6885,True
6890,True
6895,True
6900,True
6905,True
6910,True
6915,True
6920,True
6925,True
6930,True
6935,True
6940,True
6945,True
6950,True
6955,True
6960,True
6965,True
6970,True
6975,True
6980,True
6985,True
6990,True
6995,True
7000,True
7005,True
7010,True
7015,True
7020,True
7025,True
7030,True
7035,True
7040,True
7045,True
7050,True
7055,True
7060,True
7065,True
7070,True
7075,True
7080,True
7085,True
7090,True
7095,True
7100,True
7105,True
7110,True
7115,True
7120,True
7125,True
7130,True
7135,True
7140,True
7145,True
7150,True
7155,True
7160,True
7165,True
7170,True
7175,True
7180,True
7185,True
7190,True
7195,True
7200,True
7205,True
7210,True
7215,True
7220,True
7225,True
7230,True
7235,True
7240,True
7245,True
7250,True
7255,True
7260,True
7265,True
7270,True
7275,True
7280,True
7285,True
7290,True
7295,True
7300,True
7305,True
7310,True
7315,True
7320,True
7325,True
7330,True
7335,True
7340,True
7345,True
7350,True
7355,True
7360,True
7365,True
7370,True
7375,True
7380,True
7385,True
7390,True
7395,True
7400,True
7405,True
7410,True
7415,True
7420,True
7425,True
7430,True
7435,True
7440,True
7445,True
7450,True
7455,True
7460,True
7465,True
7470,True
7475,True
7480,True
7485,True
7490,True
7495,True
7500,True
7505,True
7510,True
7515,True
7520,True
7525,True
7530,True
7535,True
7540,True
7545,True
7550,True
7555,True
7560,True
7565,True
7570,True
7575,True
7580,True
7585,True
7590,True
7595,True
7600,True
7605,True
7610,True
7615,True
7620,True
7625,True
7630,True
7635,True
7640,True
7645,True
7650,True
7655,True
7660,True
7665,True
7670,True
7675,True
7680,True
7685,True
7690,True
7695,True
7700,True
7705,True
7710,True
7715,True
7720,True
7725,True
7730,True
7735,True
7740,True
7745,True
7750,True
7755,True
7760,True
7765,True
7770,True
7775,True
7780,True
7785,True
7790,True
7795,True
7800,True
7805,True
7810,True
7815,True
7820,True
7825,True
7830,True
7835,True
7840,True
7845,True
7850,True
7855,True
7860,True
7865,True
7870,True
7875,True
7880,True
7885,True
7890,True
7895,True
7900,True
7905,True
7910,True
7915,True
7920,True
7925,True
7930,True
7935,True
7940,True
7945,True
7950,True
7955,True
7960,True
7965,True
7970,True
7975,True
7980,True
21485,True
21490,True
21495,True
21500,True
21505,True
21510,True
21515,True
21520,True
21525,True
21530,True
21535,True
21540,True
21545,True
21550,True
21555,True
21560,True
21565,True
21570,True
21575,True
21580,True
21585,True
21590,True
21595,True
21600,True
21605,True
21610,True
21615,True
21620,True
21625,True
21630,True
21635,True
21640,True
21645,True
21650,True
21655,True
21660,True
21665,True
21670,True
21675,True
21680,True
21685,True
21690,True
21695,True
21700,True
21705,True
21710,True
21715,True
21720,True
21725,True
21730,True
21735,True
21740,True
21745,True
21750,True
21755,True
21760,True
21765,True
21770,True
21775,True
21780,True
21785,True
21790,True
21795,True
21800,True
21805,True
21810,True
21815,True
21820,True
21825,True
21830,True
21835,True
21840,True
21845,True
21850,True
21855,True
21860,True
21865,True
21870,True
21875,True
21880,True
21885,True
21890,True
21895,True
21900,True
21905,True
21910,True
21915,True
21920,True
21925,True
21930,True
21935,True
21940,True
21945,True
21950,True
21955,True
21960,True
21965,True
21970,True
21975,True
21980,True
21985,True
21990,True
21995,True
22000,True
22005,True
22010,True
22015,True
22020,True
22025,True
22030,True
22035,True
22040,True
22045,True
22050,True
22055,True
22060,True
22065,True
22070,True
22075,True
22080,True
22085,True
22090,True
22095,True
22100,True
22105,True
22110,True
22115,True
22120,True
22125,True
22130,True
22135,True
22140,True
22145,True
22150,True
22155,True
22160,True
22165,True
22170,True
22175,True
22180,True
22185,True
22190,True
22195,True
22200,True
22205,True
22210,True
22215,True
22220,True
22225,True
22230,True
22235,True
22240,True
22245,True
22250,True
22255,True
22260,True
22265,True
22270,True
22275,True
22280,True
22285,True
22290,True
22295,True
22300,True
22305,True
22310,True
22315,True
22320,True
22325,True
22330,True
22335,True
22340,True
22345,True
22350,True
22355,True
22360,True
22365,True
22370,True
22375,True
22380,True
22385,True
22390,True
22395,True
22400,True
22405,True
22410,True
22415,True
22420,True
22425,True
22430,True
22435,True
22440,True
22445,True
22450,True
22455,True
22460,True
22465,True
22470,True
22475,True
22480,True
22485,True
22490,True
22495,True
22500,True
22505,True
22510,True
22515,True
22520,True
22525,True
22530,True
22535,True
22540,True
22545,True
22550,True
22555,True
22560,True
22565,True
22570,True
22575,True
22580,True
22585,True
22590,True
22595,True
22600,True
22605,True
22610,True
22615,True
22620,True
22625,True
22630,True
22635,True
22640,True
22645,True
22650,True
22655,True
22660,True
22665,True
22670,True
22675,True
22680,True
10865,True
10870,True
10875,True
10880,True
10885,True
10890,True
10895,True
10900,True
10905,True
10910,True
10915,True
10920,True
10925,True
10930,True
10935,True
10940,True
10945,True
10950,True
10955,True
10960,True
10965,True
10970,True
10975,True
10980,True
10985,True
10990,True
10995,True
11000,True
11005,True
11010,True
11015,True
11020,True
11025,True
11030,True
11035,True
11040,True
11045,True
11050,True
11055,True
11060,True
11065,True
11070,True
11075,True
11080,True
11085,True
11090,True
11095,True
11100,True
11105,True
11110,True
11115,True
11120,True
11125,True
11130,True
11135,True
11140,True
11145,True
11150,True
11155,True
11160,True
11165,True
11170,True
11175,True
11180,True
11185,True
11190,True
11195,True
11200,True
11205,True
11210,True
11215,True
11220,True
11225,True
11230,True
11235,True
11240,True
11245,True
11250,True
11255,True
11260,True
11265,True
11270,True
11275,True
11280,True
11285,True
11290,True
11295,True
11300,True
11305,True
11310,True
11315,True
11320,True
11325,True
11330,True
11335,True
11340,True
11345,True
11350,True
11355,True
11360,True
11365,True
11370,True
11375,True
11380,True
11385,True
11390,True
11395,True
11400,True
11405,True
11410,True
11415,True
11420,True
11425,True
11430,True
11435,True
11440,True
11445,True
11450,True
11455,True
11460,True
11465,True
11470,True
11475,True
11480,True
11485,True
11490,True
11495,True
11500,True
11505,True
11510,True
11515,True
11520,True
11525,True
11530,True
11535,True
11540,True
11545,True
11550,True
11555,True
11560,True
11565,True
11570,True
11575,True
11580,True
11585,True
11590,True
11595,True
11600,True
11605,True
11610,True
11615,True
11620,True
11625,True
11630,True
11635,True
11640,True
11645,True
11650,True
11655,True
11660,True
11665,True
11670,True
11675,True
11680,True
11685,True
11690,True
11695,True
11700,True
11705,True
11710,True
11715,True
11720,True
11725,True
11730,True
11735,True
11740,True
11745,True
11750,True
11755,True
11760,True
11765,True
11770,True
11775,True
11780,True
11785,True
11790,True
11795,True
11800,True
11805,True
11810,True
11815,True
11820,True
11825,True
11830,True
11835,True
11840,True
11845,True
11850,True
11855,True
11860,True
11865,True
11870,True
11875,True
11880,True
11885,True
11890,True
11895,True
11900,True
11905,True
11910,True
11915,True
11920,True
11925,True
11930,True
11935,True
11940,True
11945,True
11950,True
11955,True
11960,True
11965,True
11970,True
11975,True
11980,True
11985,True
11990,True
11995,True
12000,True
12005,True
12010,True
12015,True
12020,True
12025,True
12030,True
12035,True
12040,True
12045,True
12050,True
12055,True
12060,True
12065,True
12070,True
12075,True
12080,True
12085,True
12090,True
12095,True
12100,True
12105,True
12110,True
12115,True
12120,True
12125,True
12130,True
12135,True
12140,True
12145,True
12150,True
12155,True
12160,True
12165,True
12170,True
12175,True
12180,True
12185,True
12190,True
12195,True
12200,True
12205,True
12210,True
12215,True
12220,True
12225,True
12230,True
12235,True
12240,True
12245,True
12250,True
12255,True
12260,True
12265,True
12270,True
12275,True
12280,True
12285,True
12290,True
12295,True
12300,True
12305,True
12310,True
12315,True
12320,True
12325,True
12330,True
12335,True
12340,True
12345,True
12350,True
12355,True
12360,True
12365,True
12370,True
12375,True
12380,True
12385,True
12390,True
12395,True
12400,True
12405,True
12410,True
12415,True
12420,True
12425,True
12430,True
12435,True
12440,True
12445,True
12450,True
12455,True
12460,True
12465,True
12470,True
12475,True
12480,True
12485,True
12490,True
12495,True
12500,True
12505,True
12510,True
12515,True
12520,True
12525,True
12530,True
12535,True
12540,True
12545,True
12550,True
12555,True
12560,True
12565,True
12570,True
12575,True
12580,True
12585,True
12590,True
12595,True
12600,True
12605,True
12610,True
12615,True
12620,True
12625,True
12630,True
12635,True
12640,True
12645,True
12650,True
12655,True
12660,True
12665,True
12670,True
12675,True
12680,True
12685,True
12690,True
12695,True
12700,True
12705,True
12710,True
12715,True
12720,True
12725,True
12730,True
12735,True
12740,True
12745,True
12750,True
12755,True
12760,True
12765,True
12770,True
12775,True
12780,True
12785,True
12790,True
12795,True
12800,True
12805,True
12810,True
12815,True
12820,True
12825,True
12830,True
12835,True
12840,True
12845,True
12850,True
12855,True
12860,True
12865,True
12870,True
12875,True
12880,True
12885,True
12890,True
12895,True
12900,True
12905,True
12910,True
12915,True
12920,True
12925,True
12930,True
12935,True
12940,True
12945,True
12950,True
12955,True
12960,True
12965,True
12970,True
12975,True
12980,True
12985,True
12990,True
12995,True
13000,True
13005,True
13010,True
13015,True
13020,True
13025,True
13030,True
13035,True
13040,True
13045,True
13050,True
13055,True
13060,True
13065,True
13070,True
13075,True
13080,True
13085,True
13090,True
13095,True
13100,True
13105,True
13110,True
13115,True
13120,True
13125,True
13130,True
13135,True
13140,True
13145,True
13150,True
13155,True
13160,True
13165,True
13170,True
13175,True
13180,True
13185,True
13190,True
13195,True
13200,True
13205,True
13210,True
13215,True
13220,True
13225,True
13230,True
13235,True
13240,True
13245,True
13250,True
13255,True
13260,True
13265,True
13270,True
13275,True
13280,True
13285,True
13290,True
13295,True
13300,True
13305,True
13310,True
13315,True
13320,True
13325,True
13330,True
13335,True
13340,True
13345,True
13350,True
13355,True
13360,True
13365,True
13370,True
13375,True
13380,True
13385,True
13390,True
13395,True
13400,True
13405,True
13410,True
13415,True
13420,True
13425,True
13430,True
13435,True
13440,True
13445,True
13450,True
13455,True
13460,True
13465,True
13470,True
13475,True
13480,True
13485,True
13490,True
13495,True
13500,True
13505,True
13510,True
13515,True
13520,True
13525,True
13530,True
13535,True
13540,True
13545,True
13550,True
13555,True
13560,True
13565,True
13570,True
13575,True
13580,True
13585,True
13590,True
13595,True
13600,True
13605,True
13610,True
13615,True
13620,True
13625,True
13630,True
13635,True
13640,True
13645,True
13650,True
13655,True
13660,True
13665,True
13670,True
13675,True
13680,True
13685,True
13690,True
13695,True
13700,True
13705,True
13710,True
13715,True
13720,True
13725,True
13730,True
13735,True
13740,True
13745,True
13750,True
13755,True
13760,True
13765,True
13770,True
13775,True
13780,True
13785,True
13790,True
13795,True
13800,True
13805,True
13810,True
13815,True
13820,True
13825,True
13830,True
13835,True
13840,True
13845,True
13850,True
13855,True
13860,True
19485,True
19490,True
19495,True
19500,True
19505,True
19510,True
19515,True
19520,True
19525,True
19530,True
19535,True
19540,True
19545,True
19550,True
19555,True
19560,True
19565,True
19570,True
19575,True
19580,True
19585,True
19590,True
19595,True
19600,True
19605,True
19610,True
19615,True
19620,True
19625,True
19630,True
19635,True
19640,True
19645,True
19650,True
19655,True
19660,True
19665,True
19670,True
19675,True
19680,True
19685,True
19690,True
19695,True
19700,True
19705,True
19710,True
19715,True
19720,True
19725,True
19730,True
19735,True
19740,True
19745,True
19750,True
19755,True
19760,True
19765,True
19770,True
19775,True
19780,True
19785,True
19790,True
19795,True
19800,True
19805,True
19810,True
19815,True
19820,True
19825,True
19830,True
19835,True
19840,True
19845,True
19850,True
19855,True
19860,True
19865,True
19870,True
19875,True
19880,True
19885,True
19890,True
19895,True
19900,True
19905,True
19910,True
19915,True
19920,True
19925,True
19930,True
19935,True
19940,True
19945,True
19950,True
19955,True
19960,True
19965,True
19970,True
19975,True
19980,True
19985,True
19990,True
19995,True
20000,True
20005,True
20010,True
20015,True
20020,True
20025,True
20030,True
20035,True
20040,True
20045,True
20050,True
20055,True
20060,True
20065,True
20070,True
20075,True
20080,True
20085,True
20090,True
20095,True
20100,True
20105,True
20110,True
20115,True
20120,True
20125,True
20130,True
20135,True
20140,True
20145,True
20150,True
20155,True
20160,True
20165,True
20170,True
20175,True
20180,True
20185,True
20190,True
20195,True
20200,True
20205,True
20210,True
20215,True
20220,True
20225,True
20230,True
20235,True
20240,True
20245,True
20250,True
20255,True
20260,True
20265,True
20270,True
20275,True
20280,True
20285,True
20290,True
20295,True
20300,True
20305,True
20310,True
20315,True
20320,True
20325,True
20330,True
20335,True
20340,True
20345,True
20350,True
20355,True
20360,True
20365,True
20370,True
20375,True
20380,True
20385,True
20390,True
20395,True
20400,True
20405,True
20410,True
20415,True
20420,True
20425,True
20430,True
20435,True
20440,True
20445,True
20450,True
20455,True
20460,True
20465,True
20470,True
20475,True
20480,True
20485,True
20490,True
20495,True
20500,True
20505,True
20510,True
20515,True
20520,True
20525,True
20530,True
20535,True
20540,True
20545,True
20550,True
20555,True
20560,True
20565,True
20570,True
20575,True
20580,True
20585,True
20590,True
20595,True
20600,True
20605,True
20610,True
20615,True
20620,True
20625,True
20630,True
20635,True
20640,True
20645,True
20650,True
20655,True
20660,True
20665,True
20670,True
20675,True
20680,True
20685,True
20690,True
20695,True
20700,True
20705,True
20710,True
20715,True
20720,True
20725,True
20730,True
20735,True
20740,True
20745,True
20750,True
20755,True
20760,True
20765,True
20770,True
20775,True
20780,True
20785,True
20790,True
20795,True
20800,True
20805,True
20810,True
20815,True
20820,True
20825,True
20830,True
20835,True
20840,True
20845,True
20850,True
20855,True
20860,True
20865,True
20870,True
20875,True
20880,True
20885,True
20890,True
20895,True
20900,True
20905,True
20910,True
20915,True
20920,True
20925,True
20930,True
20935,True
20940,True
20945,True
20950,True
20955,True
20960,True
20965,True
20970,True
20975,True
20980,True
20985,True
20990,True
20995,True
21000,True
21005,True
21010,True
21015,True
21020,True
21025,True
21030,True
21035,True
21040,True
21045,True
21050,True
21055,True
21060,True
21065,True
21070,True
21075,True
21080,True
21085,True
21090,True
21095,True
21100,True
21105,True
21110,True
21115,True
21120,True
21125,True
21130,True
21135,True
21140,True
21145,True
21150,True
21155,True
21160,True
21165,True
21170,True
21175,True
21180,True
21185,True
21190,True
21195,True
21200,True
21205,True
21210,True
21215,True
21220,True
21225,True
21230,True
21235,True
21240,True
21245,True
21250,True
21255,True
21260,True
21265,True
21270,True
21275,True
21280,True
21285,True
21290,True
21295,True
21300,True
21305,True
21310,True
21315,True
21320,True
21325,True
21330,True
21335,True
21340,True
21345,True
21350,True
21355,True
21360,True
21365,True
21370,True
21375,True
21380,True
21385,True
21390,True
21395,True
21400,True
21405,True
21410,True
21415,True
21420,True
21425,True
21430,True
21435,True
21440,True
21445,True
21450,True
21455,True
21460,True
21465,True
21470,True
21475,True
21480,True
21485,True
21490,True
21495,True
21500,True
21505,True
21510,True
21515,True
21520,True
21525,True
21530,True
21535,True
21540,True
21545,True
21550,True
21555,True
21560,True
21565,True
21570,True
21575,True
21580,True
21585,True
21590,True
21595,True
21600,True
21605,True
21610,True
21615,True
21620,True
21625,True
21630,True
21635,True
21640,True
21645,True
21650,True
21655,True
21660,True
21665,True
21670,True
21675,True
21680,True
21685,True
21690,True
21695,True
21700,True
21705,True
21710,True
21715,True
21720,True
21725,True
21730,True
21735,True
21740,True
21745,True
21750,True
21755,True
21760,True
21765,True
21770,True
21775,True
21780,True
21785,True
21790,True
21795,True
21800,True
21805,True
21810,True
21815,True
21820,True
21825,True
21830,True
21835,True
21840,True
21845,True
21850,True
21855,True
21860,True
21865,True
21870,True
21875,True
21880,True
21885,True
21890,True
21895,True
21900,True
21905,True
21910,True
21915,True
21920,True
21925,True
21930,True
21935,True
21940,True
21945,True
21950,True
21955,True
21960,True
21965,True
21970,True
21975,True
21980,True
21985,True
21990,True
21995,True
22000,True
22005,True
22010,True
22015,True
22020,True
22025,True
22030,True
22035,True
22040,True
22045,True
22050,True
22055,True
22060,True
22065,True
22070,True
22075,True
22080,True
22085,True
22090,True
22095,True
22100,True
22105,True
22110,True
22115,True
22120,True
22125,True
22130,True
22135,True
22140,True
22145,True
22150,True
22155,True
22160,True
22165,True
22170,True
22175,True
22180,True
22185,True
22190,True
22195,True
22200,True
22205,True
22210,True
22215,True
22220,True
22225,True
22230,True
22235,True
22240,True
22245,True
22250,True
22255,True
22260,True
22265,True
22270,True
22275,True
22280,True
22285,True
22290,True
22295,True
22300,True
22305,True
22310,True
22315,True
22320,True
22325,True
22330,True
22335,True
22340,True
22345,True
22350,True
22355,True
22360,True
22365,True
22370,True
22375,True
22380,True
22385,True
22390,True
22395,True
22400,True
22405,True
22410,True
22415,True
22420,True
22425,True
22430,True
22435,True
22440,True
22445,True
22450,True
22455,True
22460,True
22465,True
22470,True
22475,True
22480,True
14235,True
14240,True
14245,True
14250,True
14255,True
14260,True
14265,True
14270,True
14275,True
14280,True
14285,True
14290,True
14295,True
14300,True
14305,True
14310,True
14315,True
14320,True
14325,True
14330,True
14335,True
14340,True
14345,True
14350,True
14355,True
14360,True
14365,True
14370,True
14375,True
14380,True
14385,True
14390,True
14395,True
14400,True
14405,True
14410,True
14415,True
14420,True
14425,True
14430,True
14435,True
14440,True
14445,True
14450,True
14455,True
14460,True
14465,True
14470,True
14475,True
14480,True
14485,True
14490,True
14495,True
14500,True
14505,True
14510,True
14515,True
14520,True
14525,True
14530,True
14535,True
14540,True
14545,True
14550,True
14555,True
14560,True
14565,True
14570,True
14575,True
14580,True
14585,True
14590,True
14595,True
14600,True
14605,True
14610,True
14615,True
14620,True
14625,True
14630,True
14635,True
14640,True
14645,True
14650,True
14655,True
14660,True
14665,True
14670,True
14675,True
14680,True
14685,True
14690,True
14695,True
14700,True
14705,True
14710,True
14715,True
14720,True
14725,True
14730,True
14735,True
14740,True
14745,True
14750,True
14755,True
14760,True
14765,True
14770,True
14775,True
14780,True
14785,True
14790,True
14795,True
14800,True
14805,True
14810,True
14815,True
14820,True
14825,True
14830,True
14835,True
14840,True
14845,True
14850,True
14855,True
14860,True
14865,True
14870,True
14875,True
14880,True
14885,True
14890,True
14895,True
14900,True
14905,True
14910,True
14915,True
14920,True
14925,True
14930,True
14935,True
14940,True
14945,True
14950,True
14955,True
14960,True
14965,True
14970,True
14975,True
14980,True
14985,True
14990,True
14995,True
15000,True
15005,True
15010,True
15015,True
15020,True
15025,True
15030,True
15035,True
15040,True
15045,True
15050,True
15055,True
15060,True
15065,True
15070,True
15075,True
15080,True
15085,True
15090,True
15095,True
15100,True
15105,True
15110,True
15115,True
15120,True
15125,True
15130,True
15135,True
15140,True
15145,True
15150,True
15155,True
15160,True
15165,True
15170,True
15175,True
15180,True
15185,True
15190,True
15195,True
15200,True
15205,True
15210,True
15215,True
15220,True
15225,True
15230,True
15235,True
15240,True
15245,True
15250,True
15255,True
15260,True
15265,True
15270,True
15275,True
15280,True
15285,True
15290,True
15295,True
15300,True
15305,True
15310,True
15315,True
15320,True
15325,True
15330,True
15335,True
15340,True
15345,True
15350,True
15355,True
15360,True
15365,True
15370,True
15375,True
15380,True
15385,True
15390,True
15395,True
15400,True
15405,True
15410,True
15415,True
15420,True
15425,True
15430,True
15435,True
15440,True
15445,True
15450,True
15455,True
15460,True
15465,True
15470,True
15475,True
15480,True
15485,True
15490,True
15495,True
15500,True
15505,True
15510,True
15515,True
15520,True
15525,True
15530,True
15535,True
15540,True
15545,True
15550,True
15555,True
15560,True
15565,True
15570,True
15575,True
15580,True
15585,True
15590,True
15595,True
15600,True
15605,True
15610,True
15615,True
15620,True
15625,True
15630,True
15635,True
15640,True
15645,True
15650,True
15655,True
15660,True
15665,True
15670,True
15675,True
15680,True
15685,True
15690,True
15695,True
15700,True
15705,True
15710,True
15715,True
15720,True
15725,True
15730,True
15735,True
15740,True
15745,True
15750,True
15755,True
15760,True
15765,True
15770,True
15775,True
15780,True
15785,True
15790,True
15795,True
15800,True
15805,True
15810,True
15815,True
15820,True
15825,True
15830,True
15835,True
15840,True
15845,True
15850,True
15855,True
15860,True
15865,True
15870,True
15875,True
15880,True
15885,True
15890,True
15895,True
15900,True
15905,True
15910,True
15915,True
15920,True
15925,True
15930,True
15935,True
15940,True
15945,True
15950,True
15955,True
15960,True
15965,True
15970,True
15975,True
15980,True
15985,True
15990,True
15995,True
16000,True
16005,True
16010,True
16015,True
16020,True
16025,True
16030,True
16035,True
16040,True
16045,True
16050,True
16055,True
16060,True
16065,True
16070,True
16075,True
16080,True
16085,True
16090,True
16095,True
16100,True
16105,True
16110,True
16115,True
16120,True
16125,True
16130,True
16135,True
16140,True
16145,True
16150,True
16155,True
16160,True
16165,True
16170,True
16175,True
16180,True
16185,True
16190,True
16195,True
16200,True
16205,True
16210,True
16215,True
16220,True
16225,True
16230,True
16235,True
16240,True
16245,True
16250,True
16255,True
16260,True
16265,True
16270,True
16275,True
16280,True
16285,True
16290,True
16295,True
16300,True
16305,True
16310,True
16315,True
16320,True
16325,True
16330,True
16335,True
16340,True
16345,True
16350,True
16355,True
16360,True
16365,True
16370,True
16375,True
16380,True
16385,True
16390,True
16395,True
16400,True
16405,True
16410,True
16415,True
16420,True
16425,True
16430,True
16435,True
16440,True
16445,True
16450,True
16455,True
16460,True
16465,True
16470,True
16475,True
16480,True
16485,True
16490,True
16495,True
16500,True
16505,True
16510,True
16515,True
16520,True
16525,True
16530,True
16535,True
16540,True
16545,True
16550,True
16555,True
16560,True
16565,True
16570,True
16575,True
16580,True
16585,True
16590,True
16595,True
16600,True
16605,True
16610,True
16615,True
16620,True
16625,True
16630,True
16635,True
16640,True
16645,True
16650,True
16655,True
16660,True
16665,True
16670,True
16675,True
16680,True
16685,True
16690,True
16695,True
16700,True
16705,True
16710,True
16715,True
16720,True
16725,True
16730,True
16735,True
16740,True
16745,True
16750,True
16755,True
16760,True
16765,True
16770,True
16775,True
16780,True
16785,True
16790,True
16795,True
16800,True
16805,True
16810,True
16815,True
16820,True
16825,True
16830,True
16835,True
16840,True
16845,True
16850,True
16855,True
16860,True
16865,True
16870,True
16875,True
16880,True
16885,True
16890,True
16895,True
16900,True
16905,True
16910,True
16915,True
16920,True
16925,True
16930,True
16935,True
16940,True
16945,True
16950,True
16955,True
16960,True
16965,True
16970,True
16975,True
16980,True
16985,True
16990,True
16995,True
17000,True
17005,True
17010,True
17015,True
17020,True
17025,True
17030,True
17035,True
17040,True
17045,True
17050,True
17055,True
17060,True
17065,True
17070,True
17075,True
17080,True
17085,True
17090,True
17095,True
17100,True
17105,True
17110,True
17115,True
17120,True
17125,True
17130,True
17135,True
17140,True
17145,True
17150,True
17155,True
17160,True
17165,True
17170,True
17175,True
17180,True
17185,True
17190,True
17195,True
17200,True
17205,True
17210,True
17215,True
17220,True
17225,True
17230,True
3035,True
3040,True
3045,True
3050,True
3055,True
3060,True
3065,True
3070,True
3075,True
3080,True
3085,True
3090,True
3095,True
3100,True
3105,True
3110,True
3115,True
3120,True
3125,True
3130,True
3135,True
3140,True
3145,True
3150,True
3155,True
3160,True
3165,True
3170,True
3175,True
3180,True
3185,True
3190,True
3195,True
3200,True
3205,True
3210,True
3215,True
3220,True
3225,True
3230,True
3235,True
3240,True
3245,True
3250,True
3255,True
3260,True
3265,True
3270,True
3275,True
3280,True
3285,True
3290,True
3295,True
3300,True
3305,True
3310,True
3315,True
3320,True
3325,True
3330,True
3335,True
3340,True
3345,True
3350,True
3355,True
3360,True
3365,True
3370,True
3375,True
3380,True
3385,True
3390,True
3395,True
3400,True
3405,True
3410,True
3415,True
3420,True
3425,True
3430,True
3435,True
3440,True
3445,True
3450,True
3455,True
3460,True
3465,True
3470,True
3475,True
3480,True
3485,True
3490,True
3495,True
3500,True
3505,True
3510,True
3515,True
3520,True
3525,True
3530,True
3535,True
3540,True
3545,True
3550,True
3555,True
3560,True
3565,True
3570,True
3575,True
3580,True
3585,True
3590,True
3595,True
3600,True
3605,True
3610,True
3615,True
3620,True
3625,True
3630,True
3635,True
3640,True
3645,True
3650,True
3655,True
3660,True
3665,True
3670,True
3675,True
3680,True
3685,True
3690,True
3695,True
3700,True
3705,True
3710,True
3715,True
3720,True
3725,True
3730,True
3735,True
3740,True
3745,True
3750,True
3755,True
3760,True
3765,True
3770,True
3775,True
3780,True
3785,True
3790,True
3795,True
3800,True
3805,True
3810,True
3815,True
3820,True
3825,True
3830,True
3835,True
3840,True
3845,True
3850,True
3855,True
3860,True
3865,True
3870,True
3875,True
3880,True
3885,True
3890,True
3895,True
3900,True
3905,True
3910,True
3915,True
3920,True
3925,True
3930,True
3935,True
3940,True
3945,True
3950,True
3955,True
3960,True
3965,True
3970,True
3975,True
3980,True
3985,True
3990,True
3995,True
4000,True
4005,True
4010,True
4015,True
4020,True
4025,True
4030,True
4035,True
4040,True
4045,True
4050,True
4055,True
4060,True
4065,True
4070,True
4075,True
4080,True
4085,True
4090,True
4095,True
4100,True
4105,True
4110,True
4115,True
4120,True
4125,True
4130,True
4135,True
4140,True
4145,True
4150,True
4155,True
4160,True
4165,True
4170,True
4175,True
4180,True
4185,True
4190,True
4195,True
4200,True
4205,True
4210,True
4215,True
4220,True
4225,True
4230,True
4235,True
4240,True
4245,True
4250,True
4255,True
4260,True
4265,True
4270,True
4275,True
4280,True
4285,True
4290,True
4295,True
4300,True
4305,True
4310,True
4315,True
4320,True
4325,True
4330,True
4335,True
4340,True
4345,True
4350,True
4355,True
4360,True
4365,True
4370,True
4375,True
4380,True
4385,True
4390,True
4395,True
4400,True
4405,True
4410,True
4415,True
4420,True
4425,True
4430,True
4435,True
4440,True
4445,True
4450,True
4455,True
4460,True
4465,True
4470,True
4475,True
4480,True
4485,True
4490,True
4495,True
4500,True
4505,True
4510,True
4515,True
4520,True
4525,True
4530,True
4535,True
4540,True
4545,True
4550,True
4555,True
4560,True
4565,True
4570,True
4575,True
4580,True
4585,True
4590,True
4595,True
4600,True
4605,True
4610,True
4615,True
4620,True
4625,True
4630,True
4635,True
4640,True
4645,True
4650,True
4655,True
4660,True
4665,True
4670,True
4675,True
4680,True
4685,True
4690,True
4695,True
4700,True
4705,True
4710,True
4715,True
4720,True
4725,True
4730,True
4735,True
4740,True
4745,True
4750,True
4755,True
4760,True
4765,True
4770,True
4775,True
4780,True
4785,True
4790,True
4795,True
4800,True
4805,True
4810,True
4815,True
4820,True
4825,True
4830,True
4835,True
4840,True
4845,True
4850,True
4855,True
4860,True
4865,True
4870,True
4875,True
4880,True
4885,True
4890,True
4895,True
4900,True
4905,True
4910,True
4915,True
4920,True
4925,True
4930,True
4935,True
4940,True
4945,True
4950,True
4955,True
4960,True
4965,True
4970,True
4975,True
4980,True
4985,True
4990,True
4995,True
5000,True
5005,True
5010,True
5015,True
5020,True
5025,True
5030,True
5035,True
5040,True
5045,True
5050,True
5055,True
5060,True
5065,True
5070,True
5075,True
5080,True
5085,True
5090,True
5095,True
5100,True
5105,True
5110,True
5115,True
5120,True
5125,True
5130,True
5135,True
5140,True
5145,True
5150,True
5155,True
5160,True
5165,True
5170,True
5175,True
5180,True
5185,True
5190,True
5195,True
5200,True
5205,True
5210,True
5215,True
5220,True
5225,True
5230,True
5235,True
5240,True
5245,True
5250,True
5255,True
5260,True
5265,True
5270,True
5275,True
5280,True
5285,True
5290,True
5295,True
5300,True
5305,True
5310,True
5315,True
5320,True
5325,True
5330,True
5335,True
5340,True
5345,True
5350,True
5355,True
5360,True
5365,True
5370,True
5375,True
5380,True
5385,True
5390,True
5395,True
5400,True
5405,True
5410,True
5415,True
5420,True
5425,True
5430,True
5435,True
5440,True
5445,True
5450,True
5455,True
5460,True
5465,True
5470,True
5475,True
5480,True
5485,True
5490,True
5495,True
5500,True
5505,True
5510,True
5515,True
5520,True
5525,True
5530,True
5535,True
5540,True
5545,True
5550,True
5555,True
5560,True
5565,True
5570,True
5575,True
5580,True
5585,True
5590,True
5595,True
5600,True
5605,True
5610,True
5615,True
5620,True
5625,True
5630,True
5635,True
5640,True
5645,True
5650,True
5655,True
5660,True
5665,True
5670,True
5675,True
5680,True
5685,True
5690,True
5695,True
5700,True
5705,True
5710,True
5715,True
5720,True
5725,True
5730,True
5735,True
5740,True
5745,True
5750,True
5755,True
5760,True
5765,True
5770,True
5775,True
5780,True
5785,True
5790,True
5795,True
5800,True
5805,True
5810,True
5815,True
5820,True
5825,True
5830,True
5835,True
5840,True
5845,True
5850,True
5855,True
5860,True
5865,True
5870,True
5875,True
5880,True
5885,True
5890,True
5895,True
5900,True
5905,True
5910,True
5915,True
5920,True
5925,True
5930,True
5935,True
5940,True
5945,True
5950,True
5955,True
5960,True
5965,True
5970,True
5975,True
5980,True
5985,True
5990,True
5995,True
6000,True
6005,True
6010,True
6015,True
6020,True
6025,True
6030,True
7835,True
7840,True
7845,True
7850,True
7855,True
7860,True
7865,True
7870,True
7875,True
7880,True
7885,True
7890,True
7895,True
7900,True
7905,True
7910,True
7915,True
7920,True
7925,True
7930,True
7935,True
7940,True
7945,True
7950,True
7955,True
7960,True
7965,True
7970,True
7975,True
7980,True
7985,True
7990,True
7995,True
8000,True
8005,True
8010,True
8015,True
8020,True
8025,True
8030,True
8035,True
8040,True
8045,True
8050,True
8055,True
8060,True
8065,True
8070,True
8075,True
8080,True
8085,True
8090,True
8095,True
8100,True
8105,True
8110,True
8115,True
8120,True
8125,True
8130,True
8135,True
8140,True
8145,True
8150,True
8155,True
8160,True
8165,True
8170,True
8175,True
8180,True
8185,True
8190,True
8195,True
8200,True
8205,True
8210,True
8215,True
8220,True
8225,True
8230,True
8235,True
8240,True
8245,True
8250,True
8255,True
8260,True
8265,True
8270,True
8275,True
8280,True
8285,True
8290,True
8295,True
8300,True
8305,True
8310,True
8315,True
8320,True
8325,True
8330,True
8335,True
8340,True
8345,True
8350,True
8355,True
8360,True
8365,True
8370,True
8375,True
8380,True
8385,True
8390,True
8395,True
8400,True
8405,True
8410,True
8415,True
8420,True
8425,True
8430,True
8435,True
8440,True
8445,True
8450,True
8455,True
8460,True
8465,True
8470,True
8475,True
8480,True
8485,True
8490,True
8495,True
8500,True
8505,True
8510,True
8515,True
8520,True
8525,True
8530,True
8535,True
8540,True
8545,True
8550,True
8555,True
8560,True
8565,True
8570,True
8575,True
8580,True
8585,True
8590,True
8595,True
8600,True
8605,True
8610,True
8615,True
8620,True
8625,True
8630,True
8635,True
8640,True
8645,True
8650,True
8655,True
8660,True
8665,True
8670,True
8675,True
8680,True
8685,True
8690,True
8695,True
8700,True
8705,True
8710,True
8715,True
8720,True
8725,True
8730,True
8735,True
8740,True
8745,True
8750,True
8755,True
8760,True
8765,True
8770,True
8775,True
8780,True
8785,True
8790,True
8795,True
8800,True
8805,True
8810,True
8815,True
8820,True
8825,True
8830,True
8835,True
8840,True
8845,True
8850,True
8855,True
8860,True
8865,True
8870,True
8875,True
8880,True
8885,True
8890,True
8895,True
8900,True
8905,True
8910,True
8915,True
8920,True
8925,True
8930,True
8935,True
8940,True
8945,True
8950,True
8955,True
8960,True
8965,True
8970,True
8975,True
8980,True
8985,True
8990,True
8995,True
9000,True
9005,True
9010,True
9015,True
9020,True
9025,True
9030,True
9035,True
9040,True
9045,True
9050,True
9055,True
9060,True
9065,True
9070,True
9075,True
9080,True
9085,True
9090,True
9095,True
9100,True
9105,True
9110,True
9115,True
9120,True
9125,True
9130,True
9135,True
9140,True
9145,True
9150,True
9155,True
9160,True
9165,True
9170,True
9175,True
9180,True
9185,True
9190,True
9195,True
9200,True
9205,True
9210,True
9215,True
9220,True
9225,True
9230,True
9235,True
9240,True
9245,True
9250,True
9255,True
9260,True
9265,True
9270,True
9275,True
9280,True
9285,True
9290,True
9295,True
9300,True
9305,True
9310,True
9315,True
9320,True
9325,True
9330,True
9335,True
9340,True
9345,True
9350,True
9355,True
9360,True
9365,True
9370,True
9375,True
9380,True
9385,True
9390,True
9395,True
9400,True
9405,True
9410,True
9415,True
9420,True
9425,True
9430,True
9435,True
9440,True
9445,True
9450,True
9455,True
9460,True
9465,True
9470,True
9475,True
9480,True
9485,True
9490,True
9495,True
9500,True
9505,True
9510,True
9515,True
9520,True
9525,True
9530,True
9535,True
9540,True
9545,True
9550,True
9555,True
9560,True
9565,True
9570,True
9575,True
9580,True
9585,True
9590,True
9595,True
9600,True
9605,True
9610,True
9615,True
9620,True
9625,True
9630,True
9635,True
9640,True
9645,True
9650,True
9655,True
9660,True
9665,True
9670,True
9675,True
9680,True
9685,True
9690,True
9695,True
9700,True
9705,True
9710,True
9715,True
9720,True
9725,True
9730,True
9735,True
9740,True
9745,True
9750,True
9755,True
9760,True
9765,True
9770,True
9775,True
9780,True
9785,True
9790,True
9795,True
9800,True
9805,True
9810,True
9815,True
9820,True
9825,True
9830,True
9835,True
9840,True
9845,True
9850,True
9855,True
9860,True
9865,True
9870,True
9875,True
9880,True
9885,True
9890,True
9895,True
9900,True
9905,True
9910,True
9915,True
9920,True
9925,True
9930,True
9935,True
9940,True
9945,True
9950,True
9955,True
9960,True
9965,True
9970,True
9975,True
9980,True
9985,True
9990,True
9995,True
10000,True
10005,True
10010,True
10015,True
10020,True
10025,True
10030,True
10035,True
10040,True
10045,True
10050,True
10055,True
10060,True
10065,True
10070,True
10075,True
10080,True
10085,True
10090,True
10095,True
10100,True
10105,True
10110,True
10115,True
10120,True
10125,True
10130,True
10135,True
10140,True
10145,True
10150,True
10155,True
10160,True
10165,True
10170,True
10175,True
10180,True
10185,True
10190,True
10195,True
10200,True
10205,True
10210,True
10215,True
10220,True
10225,True
10230,True
10235,True
10240,True
10245,True
10250,True
10255,True
10260,True
10265,True
10270,True
10275,True
10280,True
10285,True
10290,True
10295,True
10300,True
10305,True
10310,True
10315,True
10320,True
10325,True
10330,True
10335,True
10340,True
10345,True
10350,True
10355,True
10360,True
10365,True
10370,True
10375,True
10380,True
10385,True
10390,True
10395,True
10400,True
10405,True
10410,True
10415,True
10420,True
10425,True
10430,True
10435,True
10440,True
10445,True
10450,True
10455,True
10460,True
10465,True
10470,True
10475,True
10480,True
10485,True
10490,True
10495,True
10500,True
10505,True
10510,True
10515,True
10520,True
10525,True
10530,True
10535,True
10540,True
10545,True
10550,True
10555,True
10560,True
10565,True
10570,True
10575,True
10580,True
10585,True
10590,True
10595,True
10600,True
10605,True
10610,True
10615,True
10620,True
10625,True
10630,True
10635,True
10640,True
10645,True
10650,True
10655,True
10660,True
10665,True
10670,True
10675,True
10680,True
10685,True
10690,True
10695,True
10700,True
10705,True
10710,True
10715,True
10720,True
10725,True
10730,True
10735,True
10740,True
10745,True
10750,True
10755,True
10760,True
10765,True
10770,True
10775,True
10780,True
10785,True
10790,True
10795,True
10800,True
10805,True
10810,True
10815,True
10820,True
10825,True
10830,True
